runsc_ptrace,16384,1.5570175e-05
runsc_ptrace,16384,1.5531899e-05
runsc_ptrace,16384,1.7218048e-05
runsc_ptrace,16384,1.5901356e-05
runsc_ptrace,16384,1.5131244e-05
runsc_ptrace,16384,1.5321883e-05
runsc_ptrace,16384,1.6567545e-05
runsc_ptrace,16384,1.6965692e-05
runsc_ptrace,16384,1.5138386e-05
runsc_ptrace,16384,1.4588582e-05
runsc_ptrace,16384,1.5315096e-05
runsc_ptrace,16384,1.5255037e-05
runsc_ptrace,16384,1.5804218e-05
runsc_ptrace,16384,1.8561044e-05
runsc_ptrace,16384,1.796242e-05
runsc_ptrace,16384,1.4341916e-05
runsc_ptrace,16384,1.4481902e-05
runsc_ptrace,16384,1.6156859e-05
runsc_ptrace,16384,1.6963491e-05
runsc_ptrace,16384,1.4930475e-05
runsc_ptrace,16384,1.5576779e-05
runsc_ptrace,16384,1.5526617e-05
runsc_ptrace,16384,1.5025686e-05
runsc_ptrace,16384,1.5876303e-05
runsc_ptrace,16384,1.5039634e-05
runsc_ptrace,16384,1.6588769e-05
runsc_ptrace,16384,1.3398781e-05
runsc_ptrace,16384,1.5562102e-05
runsc_ptrace,16384,1.5162161e-05
runsc_ptrace,16384,1.5232258e-05
runsc_ptrace,16384,1.6673941e-05
runsc_ptrace,16384,1.3789727e-05
runsc_ptrace,16384,1.4905574e-05
runsc_ptrace,16384,1.4824661e-05
runsc_ptrace,16384,1.7399556e-05
runsc_ptrace,16384,1.453049e-05
runsc_ptrace,16384,1.5414163e-05
runsc_ptrace,16384,1.4475791e-05
runsc_ptrace,16384,1.5492258e-05
runsc_ptrace,16384,1.373811e-05
runsc_ptrace,16384,1.7905511e-05
runsc_ptrace,16384,1.54475e-05
runsc_ptrace,16384,1.5941296e-05
runsc_ptrace,16384,1.7286782e-05
runsc_ptrace,16384,1.4499896e-05
runsc_ptrace,16384,1.5123101e-05
runsc_ptrace,16384,1.4067095e-05
runsc_ptrace,16384,1.5637701e-05
runsc_ptrace,16384,1.7734385e-05
runsc_ptrace,16384,1.503759e-05
runsc_ptrace,16384,1.5670488e-05
runsc_ptrace,16384,1.2746141e-05
runsc_ptrace,16384,1.5975631e-05
runsc_ptrace,16384,1.7339151e-05
runsc_ptrace,16384,1.350455e-05
runsc_ptrace,16384,1.5151436e-05
runsc_ptrace,16384,1.5726757e-05
runsc_ptrace,16384,1.5258729e-05
runsc_ptrace,16384,1.3665175e-05
runsc_ptrace,16384,1.4878852e-05
runsc_ptrace,16384,1.5116489e-05
runsc_ptrace,16384,1.5165891e-05
runsc_ptrace,16384,1.6466058e-05
runsc_ptrace,16384,1.527144e-05
runsc_ptrace,16384,1.5528945e-05
runsc_ptrace,16384,1.529238e-05
runsc_ptrace,16384,1.6076605e-05
runsc_ptrace,16384,1.5788557e-05
runsc_ptrace,16384,1.5008516e-05
runsc_ptrace,16384,1.5286465e-05
runsc_ptrace,16384,1.5223657e-05
runsc_ptrace,16384,1.3887477e-05
runsc_ptrace,16384,1.3575825e-05
runsc_ptrace,16384,1.3982795e-05
runsc_ptrace,16384,1.631235e-05
runsc_ptrace,16384,1.5791447e-05
runsc_ptrace,16384,1.5865144e-05
runsc_ptrace,16384,1.5673246e-05
runsc_ptrace,16384,1.6651573e-05
runsc_ptrace,16384,1.5106692e-05
runsc_ptrace,16384,1.7086379e-05
runsc_ptrace,16384,1.4344554e-05
runsc_ptrace,16384,1.6518014e-05
runsc_ptrace,16384,1.5341784e-05
runsc_ptrace,16384,1.6585012e-05
runsc_ptrace,16384,1.6901633e-05
runsc_ptrace,16384,1.6180242e-05
runsc_ptrace,16384,1.5216446e-05
runsc_ptrace,16384,1.5462041e-05
runsc_ptrace,16384,1.5507641e-05
runsc_ptrace,16384,1.6592985e-05
runsc_ptrace,16384,1.87963e-05
runsc_ptrace,16384,1.4708941e-05
runsc_ptrace,16384,1.6285861e-05
runsc_ptrace,16384,1.6821905e-05
runsc_ptrace,16384,1.5400596e-05
runsc_ptrace,16384,1.4371987e-05
runsc_ptrace,16384,1.5139201e-05
runsc_ptrace,16384,1.5552372e-05
runsc_ptrace,16384,1.7755592e-05
runsc_kvm,262144,5.3595981e-05
runsc_kvm,262144,4.7497826e-05
runsc_kvm,262144,4.8532365e-05
runsc_kvm,262144,5.3103544e-05
runsc_kvm,262144,4.7803849e-05
runsc_kvm,262144,4.7573885e-05
runsc_kvm,262144,5.3070282e-05
runsc_kvm,262144,5.5799432e-05
runsc_kvm,262144,4.8118905e-05
runsc_kvm,262144,4.6324381e-05
runsc_kvm,262144,4.7233534e-05
runsc_kvm,262144,5.0796836e-05
runsc_kvm,262144,4.8124952e-05
runsc_kvm,262144,5.3229913e-05
runsc_kvm,262144,5.6795405e-05
runsc_kvm,262144,4.7766836e-05
runsc_kvm,262144,4.7469901e-05
runsc_kvm,262144,4.7054571e-05
runsc_kvm,262144,4.8504447e-05
runsc_kvm,262144,4.7969213e-05
runsc_kvm,262144,4.7482368e-05
runsc_kvm,262144,4.6961664e-05
runsc_kvm,262144,5.0774714e-05
runsc_kvm,262144,5.3255175e-05
runsc_kvm,262144,5.1508512e-05
runsc_kvm,262144,4.7776804e-05
runsc_kvm,262144,4.8170808e-05
runsc_kvm,262144,4.8309583e-05
runsc_kvm,262144,5.5972763e-05
runsc_kvm,262144,4.6985642e-05
runsc_kvm,262144,4.7992886e-05
runsc_kvm,262144,5.0582341e-05
runsc_kvm,262144,4.7768823e-05
runsc_kvm,262144,4.7607748e-05
runsc_kvm,262144,4.7797621e-05
runsc_kvm,262144,4.7381975e-05
runsc_kvm,262144,4.7589532e-05
runsc_kvm,262144,6.0463321e-05
runsc_kvm,262144,5.2689549e-05
runsc_kvm,262144,5.0016042e-05
runsc_kvm,262144,5.2778974e-05
runsc_kvm,262144,4.7743768e-05
runsc_kvm,262144,4.7711306e-05
runsc_kvm,262144,4.7936315e-05
runsc_kvm,262144,5.1113089e-05
runsc_kvm,262144,5.1279374e-05
runsc_kvm,262144,4.7629204e-05
runsc_kvm,262144,4.7007667e-05
runsc_kvm,262144,4.803405e-05
runsc_kvm,262144,4.7635927e-05
runsc_kvm,262144,4.9366463e-05
runsc_kvm,262144,5.2022882e-05
runsc_kvm,262144,4.6639681e-05
runsc_kvm,262144,4.6879188e-05
runsc_kvm,262144,5.3068477e-05
runsc_kvm,262144,4.8412134e-05
runsc_kvm,262144,4.8088838e-05
runsc_kvm,262144,4.7441736e-05
runsc_kvm,262144,5.3181935e-05
runsc_kvm,262144,5.2786003e-05
runsc_kvm,262144,4.8668884e-05
runsc_kvm,262144,5.1104369e-05
runsc_kvm,262144,4.7741847e-05
runsc_kvm,262144,4.9271966e-05
runsc_kvm,262144,4.6823163e-05
runsc_kvm,262144,4.7315141e-05
runsc_kvm,262144,4.9406899e-05
runsc_kvm,262144,4.7838577e-05
runsc_kvm,262144,4.8315575e-05
runsc_kvm,262144,5.2998294e-05
runsc_kvm,262144,4.7643232e-05
runsc_kvm,262144,5.0897437e-05
runsc_kvm,262144,4.7951627e-05
runsc_kvm,262144,4.6679412e-05
runsc_kvm,262144,4.7887574e-05
runsc_kvm,262144,4.7026464e-05
runsc_kvm,262144,4.6639158e-05
runsc_kvm,262144,4.8137608e-05
runsc_kvm,262144,4.7370318e-05
runsc_kvm,262144,4.7598372e-05
runsc_kvm,262144,5.2718078e-05
runsc_kvm,262144,4.7267622e-05
runsc_kvm,262144,4.7689333e-05
runsc_kvm,262144,5.197863e-05
runsc_kvm,262144,4.8210131e-05
runsc_kvm,262144,4.8324713e-05
runsc_kvm,262144,4.7667683e-05
runsc_kvm,262144,4.8509515e-05
runsc_kvm,262144,4.7537847e-05
runsc_kvm,262144,5.1178144e-05
runsc_kvm,262144,5.2649077e-05
runsc_kvm,262144,4.7579666e-05
runsc_kvm,262144,4.7044028e-05
runsc_kvm,262144,4.7116431e-05
runsc_kvm,262144,4.7814188e-05
runsc_kvm,262144,5.4331955e-05
runsc_kvm,262144,4.7878664e-05
runsc_kvm,262144,4.704843e-05
runsc_kvm,262144,4.7362657e-05
runsc_kvm,262144,4.7816633e-05
runsc_ptrace,1048576,0.000115428724
runsc_ptrace,1048576,0.000157536007
runsc_ptrace,1048576,0.00014212208
runsc_ptrace,1048576,0.000146156628
runsc_ptrace,1048576,0.000147392013
runsc_ptrace,1048576,0.000125726379
runsc_ptrace,1048576,0.000126829182
runsc_ptrace,1048576,0.000127808729
runsc_ptrace,1048576,0.000130995744
runsc_ptrace,1048576,0.000156798138
runsc_ptrace,1048576,0.000121815043
runsc_ptrace,1048576,0.000152802779
runsc_ptrace,1048576,0.00012630834
runsc_ptrace,1048576,0.000130996501
runsc_ptrace,1048576,0.000163293633
runsc_ptrace,1048576,0.000121239151
runsc_ptrace,1048576,0.000131833949
runsc_ptrace,1048576,0.000122201352
runsc_ptrace,1048576,0.000120516634
runsc_ptrace,1048576,0.000121184203
runsc_ptrace,1048576,0.00012291054
runsc_ptrace,1048576,0.000124252008
runsc_ptrace,1048576,0.000116770621
runsc_ptrace,1048576,0.000125923572
runsc_ptrace,1048576,0.00015680393
runsc_ptrace,1048576,0.000118225958
runsc_ptrace,1048576,0.000138207877
runsc_ptrace,1048576,0.000120070828
runsc_ptrace,1048576,0.000160206619
runsc_ptrace,1048576,0.000122674945
runsc_ptrace,1048576,0.000128469313
runsc_ptrace,1048576,0.000136896575
runsc_ptrace,1048576,0.00013258055
runsc_ptrace,1048576,0.000153548724
runsc_ptrace,1048576,0.000128359781
runsc_ptrace,1048576,0.000123232952
runsc_ptrace,1048576,0.000129143315
runsc_ptrace,1048576,0.000131513763
runsc_ptrace,1048576,0.000123044287
runsc_ptrace,1048576,0.000152769877
runsc_ptrace,1048576,0.000129458844
runsc_ptrace,1048576,0.000125335413
runsc_ptrace,1048576,0.000125503488
runsc_ptrace,1048576,0.000120049495
runsc_ptrace,1048576,0.000126646773
runsc_ptrace,1048576,0.000132118628
runsc_ptrace,1048576,0.000127166
runsc_ptrace,1048576,0.000151619155
runsc_ptrace,1048576,0.000126426006
runsc_ptrace,1048576,0.000126097526
runsc_ptrace,1048576,0.000129706459
runsc_ptrace,1048576,0.00012961727
runsc_ptrace,1048576,0.000162781202
runsc_ptrace,1048576,0.00013608663
runsc_ptrace,1048576,0.000122103374
runsc_ptrace,1048576,0.000116765135
runsc_ptrace,1048576,0.000125326827
runsc_ptrace,1048576,0.000144427526
runsc_ptrace,1048576,0.000121754863
runsc_ptrace,1048576,0.000122966681
runsc_ptrace,1048576,0.000124287559
runsc_ptrace,1048576,0.000145883343
runsc_ptrace,1048576,0.00012444063
runsc_ptrace,1048576,0.000124612183
runsc_ptrace,1048576,0.000123844307
runsc_ptrace,1048576,0.000128197789
runsc_ptrace,1048576,0.000155659029
runsc_ptrace,1048576,0.000124923463
runsc_ptrace,1048576,0.000120296689
runsc_ptrace,1048576,0.000128673491
runsc_ptrace,1048576,0.000126801708
runsc_ptrace,1048576,0.000119461671
runsc_ptrace,1048576,0.000126123108
runsc_ptrace,1048576,0.000121911355
runsc_ptrace,1048576,0.000130309563
runsc_ptrace,1048576,0.000123100865
runsc_ptrace,1048576,0.000123506543
runsc_ptrace,1048576,0.000125077
runsc_ptrace,1048576,0.000126387036
runsc_ptrace,1048576,0.000120730001
runsc_ptrace,1048576,0.00013279001
runsc_ptrace,1048576,0.000123371938
runsc_ptrace,1048576,0.000130387241
runsc_ptrace,1048576,0.000141496741
runsc_ptrace,1048576,0.000126178464
runsc_ptrace,1048576,0.000130272863
runsc_ptrace,1048576,0.000159516043
runsc_ptrace,1048576,0.000122167505
runsc_ptrace,1048576,0.000118016069
runsc_ptrace,1048576,0.00011859621
runsc_ptrace,1048576,0.000126051935
runsc_ptrace,1048576,0.000142406527
runsc_ptrace,1048576,0.000121660902
runsc_ptrace,1048576,0.000123586287
runsc_ptrace,1048576,0.000136815506
runsc_ptrace,1048576,0.000119614888
runsc_ptrace,1048576,0.000132257293
runsc_ptrace,1048576,0.000118071359
runsc_ptrace,1048576,0.000133915571
runsc_ptrace,1048576,0.000124837112
runsc_kvm,65536,1.5449956e-05
runsc_kvm,65536,1.5788699e-05
runsc_kvm,65536,1.8322429e-05
runsc_kvm,65536,1.5415168e-05
runsc_kvm,65536,1.5968446e-05
runsc_kvm,65536,1.5920541e-05
runsc_kvm,65536,1.5945272e-05
runsc_kvm,65536,1.7754535e-05
runsc_kvm,65536,1.569638e-05
runsc_kvm,65536,1.5854366e-05
runsc_kvm,65536,1.7754428e-05
runsc_kvm,65536,1.5691759e-05
runsc_kvm,65536,1.5197674e-05
runsc_kvm,65536,1.5354282e-05
runsc_kvm,65536,1.6547576e-05
runsc_kvm,65536,1.6260547e-05
runsc_kvm,65536,1.7155864e-05
runsc_kvm,65536,1.7859085e-05
runsc_kvm,65536,1.7483573e-05
runsc_kvm,65536,1.5425552e-05
runsc_kvm,65536,1.5733223e-05
runsc_kvm,65536,1.626526e-05
runsc_kvm,65536,1.5868787e-05
runsc_kvm,65536,1.5088779e-05
runsc_kvm,65536,1.5465903e-05
runsc_kvm,65536,1.5865862e-05
runsc_kvm,65536,1.5390384e-05
runsc_kvm,65536,1.5673062e-05
runsc_kvm,65536,1.5888141e-05
runsc_kvm,65536,1.5885649e-05
runsc_kvm,65536,1.6358279e-05
runsc_kvm,65536,1.7802215e-05
runsc_kvm,65536,1.7826034e-05
runsc_kvm,65536,1.5746784e-05
runsc_kvm,65536,1.5799211e-05
runsc_kvm,65536,1.5425056e-05
runsc_kvm,65536,1.6887059e-05
runsc_kvm,65536,1.667134e-05
runsc_kvm,65536,1.5838719e-05
runsc_kvm,65536,1.6491751e-05
runsc_kvm,65536,1.5637383e-05
runsc_kvm,65536,1.5747582e-05
runsc_kvm,65536,1.5820435e-05
runsc_kvm,65536,1.6306542e-05
runsc_kvm,65536,1.6569544e-05
runsc_kvm,65536,1.5818359e-05
runsc_kvm,65536,1.5914722e-05
runsc_kvm,65536,1.5755524e-05
runsc_kvm,65536,1.5751741e-05
runsc_kvm,65536,1.5654678e-05
runsc_kvm,65536,1.5378671e-05
runsc_kvm,65536,1.5570278e-05
runsc_kvm,65536,1.5258701e-05
runsc_kvm,65536,1.7736982e-05
runsc_kvm,65536,1.5670596e-05
runsc_kvm,65536,1.8095363e-05
runsc_kvm,65536,1.7891201e-05
runsc_kvm,65536,1.6120446e-05
runsc_kvm,65536,1.6164109e-05
runsc_kvm,65536,1.5878992e-05
runsc_kvm,65536,1.5911739e-05
runsc_kvm,65536,1.5873029e-05
runsc_kvm,65536,1.7364377e-05
runsc_kvm,65536,1.6035625e-05
runsc_kvm,65536,1.6824995e-05
runsc_kvm,65536,1.595448e-05
runsc_kvm,65536,1.5853217e-05
runsc_kvm,65536,1.7311098e-05
runsc_kvm,65536,1.5655613e-05
runsc_kvm,65536,1.5934875e-05
runsc_kvm,65536,1.5522683e-05
runsc_kvm,65536,1.6617387e-05
runsc_kvm,65536,1.6960317e-05
runsc_kvm,65536,1.7945589e-05
runsc_kvm,65536,1.5477099e-05
runsc_kvm,65536,1.6064687e-05
runsc_kvm,65536,1.6219468e-05
runsc_kvm,65536,1.7579785e-05
runsc_kvm,65536,1.6204063e-05
runsc_kvm,65536,1.5697309e-05
runsc_kvm,65536,1.7673383e-05
runsc_kvm,65536,1.6310241e-05
runsc_kvm,65536,1.5228644e-05
runsc_kvm,65536,1.5757934e-05
runsc_kvm,65536,1.594125e-05
runsc_kvm,65536,1.7610133e-05
runsc_kvm,65536,1.5807062e-05
runsc_kvm,65536,1.7004821e-05
runsc_kvm,65536,1.5557611e-05
runsc_kvm,65536,1.5357153e-05
runsc_kvm,65536,1.6172686e-05
runsc_kvm,65536,2.0104062e-05
runsc_kvm,65536,1.7460874e-05
runsc_kvm,65536,1.5435471e-05
runsc_kvm,65536,1.7144994e-05
runsc_kvm,65536,1.6334534e-05
runsc_kvm,65536,1.8561235e-05
runsc_kvm,65536,1.5799107e-05
runsc_kvm,65536,1.5791507e-05
runsc_kvm,65536,1.5205397e-05
runsc_kvm,16384,7.823769e-06
runsc_kvm,16384,7.697158e-06
runsc_kvm,16384,8.041976e-06
runsc_kvm,16384,7.939901e-06
runsc_kvm,16384,8.411193e-06
runsc_kvm,16384,8.452917e-06
runsc_kvm,16384,7.209002e-06
runsc_kvm,16384,8.094738e-06
runsc_kvm,16384,8.38356e-06
runsc_kvm,16384,7.875626e-06
runsc_kvm,16384,7.852962e-06
runsc_kvm,16384,8.701197e-06
runsc_kvm,16384,7.6946e-06
runsc_kvm,16384,7.373173e-06
runsc_kvm,16384,8.032554e-06
runsc_kvm,16384,8.021884e-06
runsc_kvm,16384,8.202236e-06
runsc_kvm,16384,8.234618e-06
runsc_kvm,16384,8.584221e-06
runsc_kvm,16384,7.904422e-06
runsc_kvm,16384,8.526303e-06
runsc_kvm,16384,8.257093e-06
runsc_kvm,16384,8.067023e-06
runsc_kvm,16384,8.025321e-06
runsc_kvm,16384,7.911308e-06
runsc_kvm,16384,8.58253e-06
runsc_kvm,16384,7.158322e-06
runsc_kvm,16384,8.376439e-06
runsc_kvm,16384,7.861428e-06
runsc_kvm,16384,8.68784e-06
runsc_kvm,16384,7.848352e-06
runsc_kvm,16384,8.433852e-06
runsc_kvm,16384,8.349891e-06
runsc_kvm,16384,8.530224e-06
runsc_kvm,16384,8.402848e-06
runsc_kvm,16384,7.856963e-06
runsc_kvm,16384,7.932656e-06
runsc_kvm,16384,8.329196e-06
runsc_kvm,16384,8.206486e-06
runsc_kvm,16384,8.287655e-06
runsc_kvm,16384,8.289024e-06
runsc_kvm,16384,8.177372e-06
runsc_kvm,16384,8.178174e-06
runsc_kvm,16384,8.158254e-06
runsc_kvm,16384,8.595479e-06
runsc_kvm,16384,7.870543e-06
runsc_kvm,16384,7.931578e-06
runsc_kvm,16384,8.327155e-06
runsc_kvm,16384,8.094607e-06
runsc_kvm,16384,7.601716e-06
runsc_kvm,16384,8.319265e-06
runsc_kvm,16384,7.169355e-06
runsc_kvm,16384,8.347049e-06
runsc_kvm,16384,8.491115e-06
runsc_kvm,16384,7.739211e-06
runsc_kvm,16384,7.795936e-06
runsc_kvm,16384,7.278652e-06
runsc_kvm,16384,8.357453e-06
runsc_kvm,16384,8.427979e-06
runsc_kvm,16384,7.896617e-06
runsc_kvm,16384,8.383147e-06
runsc_kvm,16384,8.185659e-06
runsc_kvm,16384,8.518899e-06
runsc_kvm,16384,7.567106e-06
runsc_kvm,16384,8.561677e-06
runsc_kvm,16384,8.434438e-06
runsc_kvm,16384,8.362975e-06
runsc_kvm,16384,8.44762e-06
runsc_kvm,16384,8.441252e-06
runsc_kvm,16384,8.237138e-06
runsc_kvm,16384,7.639247e-06
runsc_kvm,16384,8.392443e-06
runsc_kvm,16384,8.412409e-06
runsc_kvm,16384,7.211213e-06
runsc_kvm,16384,7.615024e-06
runsc_kvm,16384,8.105153e-06
runsc_kvm,16384,7.477087e-06
runsc_kvm,16384,7.58849e-06
runsc_kvm,16384,8.513909e-06
runsc_kvm,16384,8.274629e-06
runsc_kvm,16384,7.85151e-06
runsc_kvm,16384,8.711746e-06
runsc_kvm,16384,8.083919e-06
runsc_kvm,16384,8.491409e-06
runsc_kvm,16384,7.716339e-06
runsc_kvm,16384,8.355716e-06
runsc_kvm,16384,8.386119e-06
runsc_kvm,16384,8.591833e-06
runsc_kvm,16384,8.327887e-06
runsc_kvm,16384,8.103043e-06
runsc_kvm,16384,8.42178e-06
runsc_kvm,16384,8.64762e-06
runsc_kvm,16384,8.298394e-06
runsc_kvm,16384,7.967792e-06
runsc_kvm,16384,8.338383e-06
runsc_kvm,16384,8.445411e-06
runsc_kvm,16384,8.387826e-06
runsc_kvm,16384,8.509984e-06
runsc_kvm,16384,8.937713e-06
runsc_kvm,16384,8.498704e-06
runsc_kvm,1048576,0.000111414891
runsc_kvm,1048576,0.000115844072
runsc_kvm,1048576,0.000107554501
runsc_kvm,1048576,0.000118353106
runsc_kvm,1048576,0.000107828528
runsc_kvm,1048576,0.000110014204
runsc_kvm,1048576,0.000109262495
runsc_kvm,1048576,0.000110886554
runsc_kvm,1048576,0.000107985274
runsc_kvm,1048576,0.000114012371
runsc_kvm,1048576,0.000108815555
runsc_kvm,1048576,0.000108512497
runsc_kvm,1048576,0.000122067111
runsc_kvm,1048576,0.000111909263
runsc_kvm,1048576,0.000108158827
runsc_kvm,1048576,0.000108817003
runsc_kvm,1048576,0.000109050125
runsc_kvm,1048576,0.000116945936
runsc_kvm,1048576,0.00012260364
runsc_kvm,1048576,0.000111685978
runsc_kvm,1048576,0.000107825857
runsc_kvm,1048576,0.00010785435
runsc_kvm,1048576,0.000108821485
runsc_kvm,1048576,0.000129305132
runsc_kvm,1048576,0.00011425875
runsc_kvm,1048576,0.000111164962
runsc_kvm,1048576,0.000108268709
runsc_kvm,1048576,0.000117315816
runsc_kvm,1048576,0.000115272982
runsc_kvm,1048576,0.000106462525
runsc_kvm,1048576,0.00011367054
runsc_kvm,1048576,0.00011438525
runsc_kvm,1048576,0.000109768756
runsc_kvm,1048576,0.000109812223
runsc_kvm,1048576,0.00010986378
runsc_kvm,1048576,0.000107396547
runsc_kvm,1048576,0.00011019165
runsc_kvm,1048576,0.00011129523
runsc_kvm,1048576,0.000111044566
runsc_kvm,1048576,0.0001126282
runsc_kvm,1048576,0.000111316775
runsc_kvm,1048576,0.000119697725
runsc_kvm,1048576,0.000107464191
runsc_kvm,1048576,0.000114398281
runsc_kvm,1048576,0.000114795846
runsc_kvm,1048576,0.00011443573
runsc_kvm,1048576,0.000108169195
runsc_kvm,1048576,0.00012693087
runsc_kvm,1048576,0.000116831063
runsc_kvm,1048576,0.000121307756
runsc_kvm,1048576,0.000116868774
runsc_kvm,1048576,0.000112639282
runsc_kvm,1048576,0.000108597946
runsc_kvm,1048576,0.000111657493
runsc_kvm,1048576,0.00010925642
runsc_kvm,1048576,0.000125803446
runsc_kvm,1048576,0.000112513313
runsc_kvm,1048576,0.000108350592
runsc_kvm,1048576,0.000107135143
runsc_kvm,1048576,0.000109547924
runsc_kvm,1048576,0.000112964677
runsc_kvm,1048576,0.00011125116
runsc_kvm,1048576,0.000109440574
runsc_kvm,1048576,0.000106833373
runsc_kvm,1048576,0.00010956933
runsc_kvm,1048576,0.000109587119
runsc_kvm,1048576,0.000120503675
runsc_kvm,1048576,0.000111355184
runsc_kvm,1048576,0.000113104106
runsc_kvm,1048576,0.00010327698
runsc_kvm,1048576,0.000106918182
runsc_kvm,1048576,0.000109474488
runsc_kvm,1048576,0.000108435888
runsc_kvm,1048576,0.000112550602
runsc_kvm,1048576,0.000109532775
runsc_kvm,1048576,0.000110048895
runsc_kvm,1048576,0.000110330933
runsc_kvm,1048576,0.000126776024
runsc_kvm,1048576,0.000107584012
runsc_kvm,1048576,0.000114956281
runsc_kvm,1048576,0.000114045113
runsc_kvm,1048576,0.000118265372
runsc_kvm,1048576,0.000108168737
runsc_kvm,1048576,0.000112412614
runsc_kvm,1048576,0.000116360061
runsc_kvm,1048576,0.000123377235
runsc_kvm,1048576,0.000117881871
runsc_kvm,1048576,0.00010860616
runsc_kvm,1048576,0.000107539723
runsc_kvm,1048576,0.000116060619
runsc_kvm,1048576,0.00011751381
runsc_kvm,1048576,0.000108709137
runsc_kvm,1048576,0.000125484876
runsc_kvm,1048576,0.00011743317
runsc_kvm,1048576,0.000114925948
runsc_kvm,1048576,0.000116965915
runsc_kvm,1048576,0.000106833213
runsc_kvm,1048576,0.000108093147
runsc_kvm,1048576,0.00011414355
runsc_kvm,1048576,0.00011159321
runsc_ptrace,262144,6.2642852e-05
runsc_ptrace,262144,6.3272972e-05
runsc_ptrace,262144,7.4222968e-05
runsc_ptrace,262144,6.6044762e-05
runsc_ptrace,262144,7.1269133e-05
runsc_ptrace,262144,7.7699566e-05
runsc_ptrace,262144,7.0541289e-05
runsc_ptrace,262144,7.1569862e-05
runsc_ptrace,262144,6.6865243e-05
runsc_ptrace,262144,6.6546949e-05
runsc_ptrace,262144,6.0315546e-05
runsc_ptrace,262144,6.046614e-05
runsc_ptrace,262144,6.655341e-05
runsc_ptrace,262144,5.9328362e-05
runsc_ptrace,262144,5.906407e-05
runsc_ptrace,262144,6.6799133e-05
runsc_ptrace,262144,6.4122032e-05
runsc_ptrace,262144,6.8207693e-05
runsc_ptrace,262144,6.5814878e-05
runsc_ptrace,262144,6.7810543e-05
runsc_ptrace,262144,6.1933708e-05
runsc_ptrace,262144,6.3636333e-05
runsc_ptrace,262144,6.4202526e-05
runsc_ptrace,262144,6.5321052e-05
runsc_ptrace,262144,6.2665378e-05
runsc_ptrace,262144,7.2328767e-05
runsc_ptrace,262144,6.83443e-05
runsc_ptrace,262144,6.9853646e-05
runsc_ptrace,262144,7.1551913e-05
runsc_ptrace,262144,6.2312763e-05
runsc_ptrace,262144,7.0570626e-05
runsc_ptrace,262144,6.641887e-05
runsc_ptrace,262144,6.663728e-05
runsc_ptrace,262144,6.9579393e-05
runsc_ptrace,262144,7.0343725e-05
runsc_ptrace,262144,7.1193732e-05
runsc_ptrace,262144,6.2581712e-05
runsc_ptrace,262144,6.6659428e-05
runsc_ptrace,262144,6.3441032e-05
runsc_ptrace,262144,6.9955204e-05
runsc_ptrace,262144,6.6437417e-05
runsc_ptrace,262144,6.7623994e-05
runsc_ptrace,262144,6.9405556e-05
runsc_ptrace,262144,6.7993184e-05
runsc_ptrace,262144,6.9373506e-05
runsc_ptrace,262144,6.5418542e-05
runsc_ptrace,262144,6.3594052e-05
runsc_ptrace,262144,6.8966481e-05
runsc_ptrace,262144,6.6335073e-05
runsc_ptrace,262144,6.0073362e-05
runsc_ptrace,262144,7.4390722e-05
runsc_ptrace,262144,6.4066109e-05
runsc_ptrace,262144,6.6622146e-05
runsc_ptrace,262144,6.3494575e-05
runsc_ptrace,262144,6.7549227e-05
runsc_ptrace,262144,6.1288993e-05
runsc_ptrace,262144,5.8882877e-05
runsc_ptrace,262144,6.1539198e-05
runsc_ptrace,262144,6.4046057e-05
runsc_ptrace,262144,6.6859473e-05
runsc_ptrace,262144,6.0293602e-05
runsc_ptrace,262144,7.5983007e-05
runsc_ptrace,262144,6.533663e-05
runsc_ptrace,262144,6.0137158e-05
runsc_ptrace,262144,7.3414711e-05
runsc_ptrace,262144,6.6150875e-05
runsc_ptrace,262144,6.9548914e-05
runsc_ptrace,262144,6.5674321e-05
runsc_ptrace,262144,6.6770328e-05
runsc_ptrace,262144,7.1473849e-05
runsc_ptrace,262144,7.0767899e-05
runsc_ptrace,262144,5.986042e-05
runsc_ptrace,262144,6.8751877e-05
runsc_ptrace,262144,6.7095156e-05
runsc_ptrace,262144,6.6048859e-05
runsc_ptrace,262144,6.7527355e-05
runsc_ptrace,262144,7.1275019e-05
runsc_ptrace,262144,6.1555525e-05
runsc_ptrace,262144,6.8462818e-05
runsc_ptrace,262144,6.8423826e-05
runsc_ptrace,262144,6.7327106e-05
runsc_ptrace,262144,6.2966967e-05
runsc_ptrace,262144,6.7095498e-05
runsc_ptrace,262144,6.856642e-05
runsc_ptrace,262144,7.5989206e-05
runsc_ptrace,262144,7.125995e-05
runsc_ptrace,262144,6.7633868e-05
runsc_ptrace,262144,5.7295638e-05
runsc_ptrace,262144,6.941687e-05
runsc_ptrace,262144,6.5025932e-05
runsc_ptrace,262144,6.6488334e-05
runsc_ptrace,262144,7.0463087e-05
runsc_ptrace,262144,7.1074741e-05
runsc_ptrace,262144,6.2192965e-05
runsc_ptrace,262144,6.1962477e-05
runsc_ptrace,262144,7.2809693e-05
runsc_ptrace,262144,7.250029e-05
runsc_ptrace,262144,6.9052621e-05
runsc_ptrace,262144,7.4307412e-05
runsc_ptrace,262144,5.8801819e-05
runsc_ptrace,65536,3.25525e-05
runsc_ptrace,65536,3.0637384e-05
runsc_ptrace,65536,3.2768348e-05
runsc_ptrace,65536,3.1615611e-05
runsc_ptrace,65536,2.5757132e-05
runsc_ptrace,65536,2.7897075e-05
runsc_ptrace,65536,2.6216736e-05
runsc_ptrace,65536,2.9894063e-05
runsc_ptrace,65536,2.8155098e-05
runsc_ptrace,65536,2.6672988e-05
runsc_ptrace,65536,2.871142e-05
runsc_ptrace,65536,2.9393459e-05
runsc_ptrace,65536,3.148921e-05
runsc_ptrace,65536,2.9145054e-05
runsc_ptrace,65536,3.3542095e-05
runsc_ptrace,65536,3.2604636e-05
runsc_ptrace,65536,2.858313e-05
runsc_ptrace,65536,3.4065455e-05
runsc_ptrace,65536,3.0361032e-05
runsc_ptrace,65536,2.7864195e-05
runsc_ptrace,65536,3.4977034e-05
runsc_ptrace,65536,2.8277553e-05
runsc_ptrace,65536,2.7852657e-05
runsc_ptrace,65536,2.9614446e-05
runsc_ptrace,65536,2.5833197e-05
runsc_ptrace,65536,2.8095708e-05
runsc_ptrace,65536,2.6166806e-05
runsc_ptrace,65536,3.0306661e-05
runsc_ptrace,65536,2.8946863e-05
runsc_ptrace,65536,2.6252952e-05
runsc_ptrace,65536,2.7178703e-05
runsc_ptrace,65536,3.5020701e-05
runsc_ptrace,65536,2.7631106e-05
runsc_ptrace,65536,2.7237253e-05
runsc_ptrace,65536,3.0222169e-05
runsc_ptrace,65536,2.8947783e-05
runsc_ptrace,65536,2.9790768e-05
runsc_ptrace,65536,2.7096514e-05
runsc_ptrace,65536,3.0109873e-05
runsc_ptrace,65536,3.0736526e-05
runsc_ptrace,65536,2.9431709e-05
runsc_ptrace,65536,2.8833967e-05
runsc_ptrace,65536,3.7222137e-05
runsc_ptrace,65536,3.4597942e-05
runsc_ptrace,65536,2.7383201e-05
runsc_ptrace,65536,3.0575098e-05
runsc_ptrace,65536,2.5900841e-05
runsc_ptrace,65536,2.7929995e-05
runsc_ptrace,65536,2.8212784e-05
runsc_ptrace,65536,2.9279812e-05
runsc_ptrace,65536,3.0440127e-05
runsc_ptrace,65536,2.7706723e-05
runsc_ptrace,65536,3.2651664e-05
runsc_ptrace,65536,3.1493921e-05
runsc_ptrace,65536,2.674916e-05
runsc_ptrace,65536,2.75274e-05
runsc_ptrace,65536,2.6913149e-05
runsc_ptrace,65536,3.239794e-05
runsc_ptrace,65536,3.1396281e-05
runsc_ptrace,65536,3.2511198e-05
runsc_ptrace,65536,2.758164e-05
runsc_ptrace,65536,2.7656792e-05
runsc_ptrace,65536,3.2904798e-05
runsc_ptrace,65536,2.910601e-05
runsc_ptrace,65536,2.6691347e-05
runsc_ptrace,65536,3.7463211e-05
runsc_ptrace,65536,2.8008571e-05
runsc_ptrace,65536,3.1276359e-05
runsc_ptrace,65536,2.6426835e-05
runsc_ptrace,65536,2.7916982e-05
runsc_ptrace,65536,2.7902594e-05
runsc_ptrace,65536,2.9549847e-05
runsc_ptrace,65536,2.6363277e-05
runsc_ptrace,65536,2.9115472e-05
runsc_ptrace,65536,2.6267871e-05
runsc_ptrace,65536,2.6243624e-05
runsc_ptrace,65536,2.5486766e-05
runsc_ptrace,65536,2.6814496e-05
runsc_ptrace,65536,2.4802655e-05
runsc_ptrace,65536,3.096251e-05
runsc_ptrace,65536,2.6600688e-05
runsc_ptrace,65536,2.561295e-05
runsc_ptrace,65536,3.5839781e-05
runsc_ptrace,65536,3.3712859e-05
runsc_ptrace,65536,2.7515187e-05
runsc_ptrace,65536,2.9966468e-05
runsc_ptrace,65536,2.992975e-05
runsc_ptrace,65536,3.3133198e-05
runsc_ptrace,65536,2.7114949e-05
runsc_ptrace,65536,3.4981815e-05
runsc_ptrace,65536,2.9894591e-05
runsc_ptrace,65536,2.6222551e-05
runsc_ptrace,65536,2.8256134e-05
runsc_ptrace,65536,3.1060383e-05
runsc_ptrace,65536,3.4346191e-05
runsc_ptrace,65536,2.8441009e-05
runsc_ptrace,65536,2.973528e-05
runsc_ptrace,65536,2.838995e-05
runsc_ptrace,65536,2.6773581e-05
runsc_ptrace,65536,3.4014505e-05
runsc_kvm,4096,7.13293e-06
runsc_kvm,4096,7.528123e-06
runsc_kvm,4096,7.297409e-06
runsc_kvm,4096,7.123655e-06
runsc_kvm,4096,7.537421e-06
runsc_kvm,4096,7.36827e-06
runsc_kvm,4096,7.495361e-06
runsc_kvm,4096,7.428451e-06
runsc_kvm,4096,7.596736e-06
runsc_kvm,4096,7.731112e-06
runsc_kvm,4096,7.129774e-06
runsc_kvm,4096,7.60899e-06
runsc_kvm,4096,6.80356e-06
runsc_kvm,4096,7.657528e-06
runsc_kvm,4096,7.23334e-06
runsc_kvm,4096,7.158669e-06
runsc_kvm,4096,7.459706e-06
runsc_kvm,4096,7.408125e-06
runsc_kvm,4096,6.852745e-06
runsc_kvm,4096,7.210173e-06
runsc_kvm,4096,7.316096e-06
runsc_kvm,4096,7.295256e-06
runsc_kvm,4096,7.358737e-06
runsc_kvm,4096,7.765643e-06
runsc_kvm,4096,7.431988e-06
runsc_kvm,4096,7.308532e-06
runsc_kvm,4096,6.777134e-06
runsc_kvm,4096,7.135814e-06
runsc_kvm,4096,7.40401e-06
runsc_kvm,4096,7.536541e-06
runsc_kvm,4096,7.160159e-06
runsc_kvm,4096,7.495714e-06
runsc_kvm,4096,7.842407e-06
runsc_kvm,4096,7.369665e-06
runsc_kvm,4096,7.366101e-06
runsc_kvm,4096,7.864501e-06
runsc_kvm,4096,7.500807e-06
runsc_kvm,4096,6.715891e-06
runsc_kvm,4096,6.907526e-06
runsc_kvm,4096,7.369018e-06
runsc_kvm,4096,7.243289e-06
runsc_kvm,4096,7.805811e-06
runsc_kvm,4096,7.278045e-06
runsc_kvm,4096,6.647309e-06
runsc_kvm,4096,7.548718e-06
runsc_kvm,4096,7.326625e-06
runsc_kvm,4096,7.484306e-06
runsc_kvm,4096,8.246501e-06
runsc_kvm,4096,7.27906e-06
runsc_kvm,4096,7.758227e-06
runsc_kvm,4096,7.368484e-06
runsc_kvm,4096,7.285837e-06
runsc_kvm,4096,7.503659e-06
runsc_kvm,4096,7.179263e-06
runsc_kvm,4096,7.765837e-06
runsc_kvm,4096,6.501021e-06
runsc_kvm,4096,6.840236e-06
runsc_kvm,4096,7.399309e-06
runsc_kvm,4096,7.547316e-06
runsc_kvm,4096,7.11521e-06
runsc_kvm,4096,6.715167e-06
runsc_kvm,4096,8.025075e-06
runsc_kvm,4096,7.366435e-06
runsc_kvm,4096,7.359606e-06
runsc_kvm,4096,6.806415e-06
runsc_kvm,4096,7.55219e-06
runsc_kvm,4096,7.727615e-06
runsc_kvm,4096,7.351091e-06
runsc_kvm,4096,7.477471e-06
runsc_kvm,4096,7.43447e-06
runsc_kvm,4096,7.525309e-06
runsc_kvm,4096,7.45882e-06
runsc_kvm,4096,7.277258e-06
runsc_kvm,4096,7.091572e-06
runsc_kvm,4096,7.120336e-06
runsc_kvm,4096,6.923779e-06
runsc_kvm,4096,6.957505e-06
runsc_kvm,4096,7.452764e-06
runsc_kvm,4096,7.195351e-06
runsc_kvm,4096,7.08433e-06
runsc_kvm,4096,7.217317e-06
runsc_kvm,4096,6.855451e-06
runsc_kvm,4096,7.415403e-06
runsc_kvm,4096,7.771472e-06
runsc_kvm,4096,7.08374e-06
runsc_kvm,4096,7.898881e-06
runsc_kvm,4096,7.440643e-06
runsc_kvm,4096,7.828672e-06
runsc_kvm,4096,7.565948e-06
runsc_kvm,4096,7.347836e-06
runsc_kvm,4096,7.046887e-06
runsc_kvm,4096,7.457882e-06
runsc_kvm,4096,8.031671e-06
runsc_kvm,4096,7.683196e-06
runsc_kvm,4096,7.053254e-06
runsc_kvm,4096,7.225231e-06
runsc_kvm,4096,7.244954e-06
runsc_kvm,4096,7.149632e-06
runsc_kvm,4096,7.557665e-06
runsc_kvm,4096,7.708104e-06
runsc_ptrace,4096,1.3479536e-05
runsc_ptrace,4096,1.4123348e-05
runsc_ptrace,4096,1.3977286e-05
runsc_ptrace,4096,1.3293319e-05
runsc_ptrace,4096,1.3644123e-05
runsc_ptrace,4096,1.3116844e-05
runsc_ptrace,4096,1.3683949e-05
runsc_ptrace,4096,1.3075382e-05
runsc_ptrace,4096,1.3720518e-05
runsc_ptrace,4096,1.3613061e-05
runsc_ptrace,4096,1.3018423e-05
runsc_ptrace,4096,1.3129946e-05
runsc_ptrace,4096,1.3337557e-05
runsc_ptrace,4096,1.2967575e-05
runsc_ptrace,4096,1.2915151e-05
runsc_ptrace,4096,1.3862174e-05
runsc_ptrace,4096,1.3418124e-05
runsc_ptrace,4096,1.3126587e-05
runsc_ptrace,4096,1.3748167e-05
runsc_ptrace,4096,1.3938993e-05
runsc_ptrace,4096,1.355283e-05
runsc_ptrace,4096,1.3886362e-05
runsc_ptrace,4096,1.3868169e-05
runsc_ptrace,4096,1.242085e-05
runsc_ptrace,4096,1.4846635e-05
runsc_ptrace,4096,1.3489822e-05
runsc_ptrace,4096,1.3854544e-05
runsc_ptrace,4096,1.1819162e-05
runsc_ptrace,4096,1.3744456e-05
runsc_ptrace,4096,1.3886939e-05
runsc_ptrace,4096,1.391875e-05
runsc_ptrace,4096,1.3741678e-05
runsc_ptrace,4096,1.2568229e-05
runsc_ptrace,4096,1.4645106e-05
runsc_ptrace,4096,1.3212836e-05
runsc_ptrace,4096,1.4108319e-05
runsc_ptrace,4096,1.3691809e-05
runsc_ptrace,4096,1.387996e-05
runsc_ptrace,4096,1.4197319e-05
runsc_ptrace,4096,1.377707e-05
runsc_ptrace,4096,1.3729781e-05
runsc_ptrace,4096,1.4755545e-05
runsc_ptrace,4096,1.4619045e-05
runsc_ptrace,4096,1.3616941e-05
runsc_ptrace,4096,1.3502443e-05
runsc_ptrace,4096,1.3750051e-05
runsc_ptrace,4096,1.279999e-05
runsc_ptrace,4096,1.3314467e-05
runsc_ptrace,4096,1.2888191e-05
runsc_ptrace,4096,1.3655164e-05
runsc_ptrace,4096,1.399732e-05
runsc_ptrace,4096,1.4233766e-05
runsc_ptrace,4096,1.5337062e-05
runsc_ptrace,4096,1.4009292e-05
runsc_ptrace,4096,1.3729141e-05
runsc_ptrace,4096,1.2364296e-05
runsc_ptrace,4096,1.2292241e-05
runsc_ptrace,4096,1.4252581e-05
runsc_ptrace,4096,1.3627109e-05
runsc_ptrace,4096,1.3967341e-05
runsc_ptrace,4096,1.4751176e-05
runsc_ptrace,4096,1.2309732e-05
runsc_ptrace,4096,1.4402694e-05
runsc_ptrace,4096,1.2791865e-05
runsc_ptrace,4096,1.3262696e-05
runsc_ptrace,4096,1.3860836e-05
runsc_ptrace,4096,1.3647828e-05
runsc_ptrace,4096,1.3713788e-05
runsc_ptrace,4096,1.3231307e-05
runsc_ptrace,4096,1.373145e-05
runsc_ptrace,4096,1.350923e-05
runsc_ptrace,4096,1.3460663e-05
runsc_ptrace,4096,1.3795652e-05
runsc_ptrace,4096,1.3350129e-05
runsc_ptrace,4096,1.3632463e-05
runsc_ptrace,4096,1.2858072e-05
runsc_ptrace,4096,1.3136516e-05
runsc_ptrace,4096,1.205812e-05
runsc_ptrace,4096,1.1902855e-05
runsc_ptrace,4096,1.2844674e-05
runsc_ptrace,4096,1.3810902e-05
runsc_ptrace,4096,1.3418668e-05
runsc_ptrace,4096,1.3781852e-05
runsc_ptrace,4096,1.3294866e-05
runsc_ptrace,4096,1.4196067e-05
runsc_ptrace,4096,1.286623e-05
runsc_ptrace,4096,1.3005066e-05
runsc_ptrace,4096,1.379464e-05
runsc_ptrace,4096,1.3389214e-05
runsc_ptrace,4096,1.356286e-05
runsc_ptrace,4096,1.3196072e-05
runsc_ptrace,4096,1.3524803e-05
runsc_ptrace,4096,1.2958535e-05
runsc_ptrace,4096,1.3479957e-05
runsc_ptrace,4096,1.4132206e-05
runsc_ptrace,4096,1.3760782e-05
runsc_ptrace,4096,1.4085732e-05
runsc_ptrace,4096,1.3832357e-05
runsc_ptrace,4096,1.2744586e-05
runsc_ptrace,4096,1.3985104e-05
