mod_kvm,4096,1960
mod_kvm,4096,1965
mod_kvm,4096,1952
mod_kvm,4096,1996
mod_kvm,4096,1975
mod_kvm,4096,1976
mod_kvm,4096,1962
mod_kvm,4096,1972
mod_kvm,4096,1985
mod_kvm,4096,1964
mod_kvm,16384,5021
mod_kvm,16384,5013
mod_kvm,16384,5025
mod_kvm,16384,5022
mod_kvm,16384,5014
mod_kvm,16384,5001
mod_kvm,16384,5058
mod_kvm,16384,5022
mod_kvm,16384,5024
mod_kvm,16384,5056
mod_kvm,65536,17314
mod_kvm,65536,17227
mod_kvm,65536,17204
mod_kvm,65536,17235
mod_kvm,65536,17233
mod_kvm,65536,17216
mod_kvm,65536,17222
mod_kvm,65536,17201
mod_kvm,65536,17201
mod_kvm,65536,17227
mod_kvm,262144,66026
mod_kvm,262144,192031
mod_kvm,262144,130269
mod_kvm,262144,65993
mod_kvm,262144,66029
mod_kvm,262144,130312
mod_kvm,262144,130270
mod_kvm,262144,130313
mod_kvm,262144,130238
mod_kvm,262144,170722
mod_kvm,1048576,457072
mod_kvm,1048576,586930
mod_kvm,1048576,261855
mod_kvm,1048576,391652
mod_kvm,1048576,649878
mod_kvm,1048576,391596
mod_kvm,1048576,518963
mod_kvm,1048576,458994
mod_kvm,1048576,326348
mod_kvm,1048576,457058
runsc_kvm,4096,
runsc_kvm,16384,
runsc_kvm,65536,
runsc_kvm,262144,
runsc_kvm,1048576,
