tmpfs_runsc_ptrace,16384,1.5782898e-05
tmpfs_runsc_ptrace,16384,1.4185194e-05
tmpfs_runsc_ptrace,16384,1.464549e-05
tmpfs_runsc_ptrace,16384,1.4933857e-05
tmpfs_runsc_ptrace,16384,1.4844589e-05
tmpfs_runsc_ptrace,16384,1.5543417e-05
tmpfs_runsc_ptrace,16384,1.5558386e-05
tmpfs_runsc_ptrace,16384,1.5707048e-05
tmpfs_runsc_ptrace,16384,1.496364e-05
tmpfs_runsc_ptrace,16384,1.5125704e-05
tmpfs_runsc_ptrace,16384,1.5556292e-05
tmpfs_runsc_ptrace,16384,1.5237965e-05
tmpfs_runsc_ptrace,16384,1.4973631e-05
tmpfs_runsc_ptrace,16384,1.5546855e-05
tmpfs_runsc_ptrace,16384,1.5672582e-05
tmpfs_runsc_ptrace,16384,1.5744494e-05
tmpfs_runsc_ptrace,16384,1.4563375e-05
tmpfs_runsc_ptrace,16384,1.4811466e-05
tmpfs_runsc_ptrace,16384,1.5622085e-05
tmpfs_runsc_ptrace,16384,1.5052643e-05
tmpfs_runsc_ptrace,16384,1.6179561e-05
tmpfs_runsc_ptrace,16384,1.4374703e-05
tmpfs_runsc_ptrace,16384,1.4453274e-05
tmpfs_runsc_ptrace,16384,1.4756187e-05
tmpfs_runsc_ptrace,16384,1.5734509e-05
tmpfs_runsc_ptrace,16384,1.3300476e-05
tmpfs_runsc_ptrace,16384,1.5895663e-05
tmpfs_runsc_ptrace,16384,1.5219429e-05
tmpfs_runsc_ptrace,16384,1.5767042e-05
tmpfs_runsc_ptrace,16384,1.631954e-05
tmpfs_runsc_ptrace,16384,1.4930287e-05
tmpfs_runsc_ptrace,16384,1.430432e-05
tmpfs_runsc_ptrace,16384,1.5143124e-05
tmpfs_runsc_ptrace,16384,1.5356682e-05
tmpfs_runsc_ptrace,16384,1.5919743e-05
tmpfs_runsc_ptrace,16384,1.5307965e-05
tmpfs_runsc_ptrace,16384,1.4730555e-05
tmpfs_runsc_ptrace,16384,1.6823809e-05
tmpfs_runsc_ptrace,16384,1.5346912e-05
tmpfs_runsc_ptrace,16384,1.5292222e-05
tmpfs_runsc_ptrace,16384,1.5446476e-05
tmpfs_runsc_ptrace,16384,1.5635447e-05
tmpfs_runsc_ptrace,16384,1.6304499e-05
tmpfs_runsc_ptrace,16384,1.6975688e-05
tmpfs_runsc_ptrace,16384,1.4558195e-05
tmpfs_runsc_ptrace,16384,1.4789211e-05
tmpfs_runsc_ptrace,16384,1.470719e-05
tmpfs_runsc_ptrace,16384,1.3250544e-05
tmpfs_runsc_ptrace,16384,1.4703342e-05
tmpfs_runsc_ptrace,16384,1.3811866e-05
tmpfs_runsc_ptrace,16384,1.6732214e-05
tmpfs_runsc_ptrace,16384,1.4647183e-05
tmpfs_runsc_ptrace,16384,1.5966276e-05
tmpfs_runsc_ptrace,16384,1.5287902e-05
tmpfs_runsc_ptrace,16384,1.5962505e-05
tmpfs_runsc_ptrace,16384,1.6196516e-05
tmpfs_runsc_ptrace,16384,1.5040262e-05
tmpfs_runsc_ptrace,16384,1.4041631e-05
tmpfs_runsc_ptrace,16384,1.3629806e-05
tmpfs_runsc_ptrace,16384,1.5305463e-05
tmpfs_runsc_ptrace,16384,1.512532e-05
tmpfs_runsc_ptrace,16384,1.4425366e-05
tmpfs_runsc_ptrace,16384,1.5365806e-05
tmpfs_runsc_ptrace,16384,1.552263e-05
tmpfs_runsc_ptrace,16384,1.4809076e-05
tmpfs_runsc_ptrace,16384,1.4862891e-05
tmpfs_runsc_ptrace,16384,1.4600761e-05
tmpfs_runsc_ptrace,16384,1.540994e-05
tmpfs_runsc_ptrace,16384,1.5640027e-05
tmpfs_runsc_ptrace,16384,1.40188e-05
tmpfs_runsc_ptrace,16384,1.6039781e-05
tmpfs_runsc_ptrace,16384,1.6524858e-05
tmpfs_runsc_ptrace,16384,1.5969994e-05
tmpfs_runsc_ptrace,16384,1.5968821e-05
tmpfs_runsc_ptrace,16384,1.5235957e-05
tmpfs_runsc_ptrace,16384,1.5074735e-05
tmpfs_runsc_ptrace,16384,1.4093597e-05
tmpfs_runsc_ptrace,16384,1.5344105e-05
tmpfs_runsc_ptrace,16384,1.5878873e-05
tmpfs_runsc_ptrace,16384,1.4100486e-05
tmpfs_runsc_ptrace,16384,1.5668342e-05
tmpfs_runsc_ptrace,16384,1.5796561e-05
tmpfs_runsc_ptrace,16384,1.5436475e-05
tmpfs_runsc_ptrace,16384,1.5090334e-05
tmpfs_runsc_ptrace,16384,1.5772026e-05
tmpfs_runsc_ptrace,16384,1.4035432e-05
tmpfs_runsc_ptrace,16384,1.5184882e-05
tmpfs_runsc_ptrace,16384,1.5488455e-05
tmpfs_runsc_ptrace,16384,1.5253292e-05
tmpfs_runsc_ptrace,16384,1.504024e-05
tmpfs_runsc_ptrace,16384,1.4479859e-05
tmpfs_runsc_ptrace,16384,1.6928159e-05
tmpfs_runsc_ptrace,16384,1.5317095e-05
tmpfs_runsc_ptrace,16384,1.6082091e-05
tmpfs_runsc_ptrace,16384,1.5610171e-05
tmpfs_runsc_ptrace,16384,1.5016043e-05
tmpfs_runsc_ptrace,16384,1.5619868e-05
tmpfs_runsc_ptrace,16384,1.537037e-05
tmpfs_runsc_ptrace,16384,1.4184822e-05
tmpfs_runsc_ptrace,16384,1.3245471e-05
tmpfs_bare,1048576,0.000262333808
tmpfs_bare,1048576,0.000260806089
tmpfs_bare,1048576,0.000261317356
tmpfs_bare,1048576,0.000260481407
tmpfs_bare,1048576,0.00026169396
tmpfs_bare,1048576,0.000261372275
tmpfs_bare,1048576,0.000260132278
tmpfs_bare,1048576,0.00026099215
tmpfs_bare,1048576,0.000261533656
tmpfs_bare,1048576,0.000261969981
tmpfs_bare,1048576,0.000261327979
tmpfs_bare,1048576,0.000261089066
tmpfs_bare,1048576,0.00026007439
tmpfs_bare,1048576,0.000261800451
tmpfs_bare,1048576,0.000260621106
tmpfs_bare,1048576,0.000261160021
tmpfs_bare,1048576,0.000260767643
tmpfs_bare,1048576,0.000260910572
tmpfs_bare,1048576,0.000262899703
tmpfs_bare,1048576,0.000263612019
tmpfs_bare,1048576,0.000260468951
tmpfs_bare,1048576,0.000261306443
tmpfs_bare,1048576,0.000261617446
tmpfs_bare,1048576,0.000264485105
tmpfs_bare,1048576,0.000261303678
tmpfs_bare,1048576,0.000263283931
tmpfs_bare,1048576,0.000260869012
tmpfs_bare,1048576,0.000261670299
tmpfs_bare,1048576,0.000262538786
tmpfs_bare,1048576,0.000259898603
tmpfs_bare,1048576,0.000260958797
tmpfs_bare,1048576,0.000261887093
tmpfs_bare,1048576,0.00026079989
tmpfs_bare,1048576,0.000259820925
tmpfs_bare,1048576,0.000260531233
tmpfs_bare,1048576,0.000261999347
tmpfs_bare,1048576,0.00026483956
tmpfs_bare,1048576,0.000261941634
tmpfs_bare,1048576,0.000260987581
tmpfs_bare,1048576,0.000264809583
tmpfs_bare,1048576,0.00026078205
tmpfs_bare,1048576,0.000260497822
tmpfs_bare,1048576,0.000392754329
tmpfs_bare,1048576,0.000259787688
tmpfs_bare,1048576,0.000261370355
tmpfs_bare,1048576,0.000259942783
tmpfs_bare,1048576,0.000260023167
tmpfs_bare,1048576,0.000260160159
tmpfs_bare,1048576,0.000260581466
tmpfs_bare,1048576,0.000261036446
tmpfs_bare,1048576,0.000260653323
tmpfs_bare,1048576,0.000260548317
tmpfs_bare,1048576,0.000261008739
tmpfs_bare,1048576,0.000261913316
tmpfs_bare,1048576,0.000261516776
tmpfs_bare,1048576,0.000260835543
tmpfs_bare,1048576,0.000260891888
tmpfs_bare,1048576,0.00026130132
tmpfs_bare,1048576,0.00026233407
tmpfs_bare,1048576,0.00026107888
tmpfs_bare,1048576,0.000261257432
tmpfs_bare,1048576,0.0002614978
tmpfs_bare,1048576,0.000262552116
tmpfs_bare,1048576,0.000262404472
tmpfs_bare,1048576,0.000261375157
tmpfs_bare,1048576,0.00026144291
tmpfs_bare,1048576,0.000260301051
tmpfs_bare,1048576,0.000260754576
tmpfs_bare,1048576,0.000261849345
tmpfs_bare,1048576,0.000261336303
tmpfs_bare,1048576,0.000265060633
tmpfs_bare,1048576,0.000266035815
tmpfs_bare,1048576,0.000263960392
tmpfs_bare,1048576,0.000264696457
tmpfs_bare,1048576,0.000265960203
tmpfs_bare,1048576,0.000265879848
tmpfs_bare,1048576,0.000261704699
tmpfs_bare,1048576,0.000260549219
tmpfs_bare,1048576,0.000265791139
tmpfs_bare,1048576,0.000261519395
tmpfs_bare,1048576,0.000261760462
tmpfs_bare,1048576,0.000261323963
tmpfs_bare,1048576,0.000262038404
tmpfs_bare,1048576,0.000261649693
tmpfs_bare,1048576,0.000264002185
tmpfs_bare,1048576,0.000261626003
tmpfs_bare,1048576,0.000260852306
tmpfs_bare,1048576,0.000262459886
tmpfs_bare,1048576,0.000261643057
tmpfs_bare,1048576,0.000261376204
tmpfs_bare,1048576,0.000261585694
tmpfs_bare,1048576,0.000264846982
tmpfs_bare,1048576,0.000261585606
tmpfs_bare,1048576,0.000261707202
tmpfs_bare,1048576,0.000264658069
tmpfs_bare,1048576,0.000260958885
tmpfs_bare,1048576,0.00026135458
tmpfs_bare,1048576,0.00026229347
tmpfs_bare,1048576,0.000260899775
tmpfs_bare,1048576,0.000264418864
tmpfs_runc,4096,1.270667e-06
tmpfs_runc,4096,1.221649e-06
tmpfs_runc,4096,1.315961e-06
tmpfs_runc,4096,1.324933e-06
tmpfs_runc,4096,1.326455e-06
tmpfs_runc,4096,1.30917e-06
tmpfs_runc,4096,1.093966e-06
tmpfs_runc,4096,1.371688e-06
tmpfs_runc,4096,1.322188e-06
tmpfs_runc,4096,1.378535e-06
tmpfs_runc,4096,1.3729e-06
tmpfs_runc,4096,1.31306e-06
tmpfs_runc,4096,1.258911e-06
tmpfs_runc,4096,1.335633e-06
tmpfs_runc,4096,1.421385e-06
tmpfs_runc,4096,1.176303e-06
tmpfs_runc,4096,1.333433e-06
tmpfs_runc,4096,1.061836e-06
tmpfs_runc,4096,1.24798e-06
tmpfs_runc,4096,1.368039e-06
tmpfs_runc,4096,1.385737e-06
tmpfs_runc,4096,1.272039e-06
tmpfs_runc,4096,1.373872e-06
tmpfs_runc,4096,1.078264e-06
tmpfs_runc,4096,1.282505e-06
tmpfs_runc,4096,1.304503e-06
tmpfs_runc,4096,1.320692e-06
tmpfs_runc,4096,1.391405e-06
tmpfs_runc,4096,1.403597e-06
tmpfs_runc,4096,1.389435e-06
tmpfs_runc,4096,1.310671e-06
tmpfs_runc,4096,1.314822e-06
tmpfs_runc,4096,1.174716e-06
tmpfs_runc,4096,1.279443e-06
tmpfs_runc,4096,1.338223e-06
tmpfs_runc,4096,1.392408e-06
tmpfs_runc,4096,1.311013e-06
tmpfs_runc,4096,1.402454e-06
tmpfs_runc,4096,1.374332e-06
tmpfs_runc,4096,1.348208e-06
tmpfs_runc,4096,1.399779e-06
tmpfs_runc,4096,1.345685e-06
tmpfs_runc,4096,1.358375e-06
tmpfs_runc,4096,1.367234e-06
tmpfs_runc,4096,1.39545e-06
tmpfs_runc,4096,1.378783e-06
tmpfs_runc,4096,1.318877e-06
tmpfs_runc,4096,1.225072e-06
tmpfs_runc,4096,1.376529e-06
tmpfs_runc,4096,1.38507e-06
tmpfs_runc,4096,1.318494e-06
tmpfs_runc,4096,1.391107e-06
tmpfs_runc,4096,1.32491e-06
tmpfs_runc,4096,1.150802e-06
tmpfs_runc,4096,1.315151e-06
tmpfs_runc,4096,1.152302e-06
tmpfs_runc,4096,1.147416e-06
tmpfs_runc,4096,1.378785e-06
tmpfs_runc,4096,1.376413e-06
tmpfs_runc,4096,1.355497e-06
tmpfs_runc,4096,1.389219e-06
tmpfs_runc,4096,1.393796e-06
tmpfs_runc,4096,1.301017e-06
tmpfs_runc,4096,1.417529e-06
tmpfs_runc,4096,1.316848e-06
tmpfs_runc,4096,1.331427e-06
tmpfs_runc,4096,1.317994e-06
tmpfs_runc,4096,1.312882e-06
tmpfs_runc,4096,1.057597e-06
tmpfs_runc,4096,1.215261e-06
tmpfs_runc,4096,1.281965e-06
tmpfs_runc,4096,1.114778e-06
tmpfs_runc,4096,1.330366e-06
tmpfs_runc,4096,1.393402e-06
tmpfs_runc,4096,1.376161e-06
tmpfs_runc,4096,1.360731e-06
tmpfs_runc,4096,1.412796e-06
tmpfs_runc,4096,1.370664e-06
tmpfs_runc,4096,1.328394e-06
tmpfs_runc,4096,1.351206e-06
tmpfs_runc,4096,1.422671e-06
tmpfs_runc,4096,1.401562e-06
tmpfs_runc,4096,1.348262e-06
tmpfs_runc,4096,1.386593e-06
tmpfs_runc,4096,1.353149e-06
tmpfs_runc,4096,1.386791e-06
tmpfs_runc,4096,1.383955e-06
tmpfs_runc,4096,1.28295e-06
tmpfs_runc,4096,1.399894e-06
tmpfs_runc,4096,9.84645e-07
tmpfs_runc,4096,1.383358e-06
tmpfs_runc,4096,1.237261e-06
tmpfs_runc,4096,9.46343e-07
tmpfs_runc,4096,1.200869e-06
tmpfs_runc,4096,1.271903e-06
tmpfs_runc,4096,1.389429e-06
tmpfs_runc,4096,1.269659e-06
tmpfs_runc,4096,1.221906e-06
tmpfs_runc,4096,1.236381e-06
tmpfs_runc,4096,1.322553e-06
tmpfs_runsc_ptrace,1048576,0.000131180248
tmpfs_runsc_ptrace,1048576,0.000129757769
tmpfs_runsc_ptrace,1048576,0.000118541138
tmpfs_runsc_ptrace,1048576,0.000124222483
tmpfs_runsc_ptrace,1048576,0.000118101168
tmpfs_runsc_ptrace,1048576,0.000130967412
tmpfs_runsc_ptrace,1048576,0.000123791615
tmpfs_runsc_ptrace,1048576,0.000129893931
tmpfs_runsc_ptrace,1048576,0.00012975205
tmpfs_runsc_ptrace,1048576,0.000119398908
tmpfs_runsc_ptrace,1048576,0.000131792884
tmpfs_runsc_ptrace,1048576,0.000171448264
tmpfs_runsc_ptrace,1048576,0.000160278592
tmpfs_runsc_ptrace,1048576,0.000172548505
tmpfs_runsc_ptrace,1048576,0.000122370126
tmpfs_runsc_ptrace,1048576,0.000121821526
tmpfs_runsc_ptrace,1048576,0.00014875739
tmpfs_runsc_ptrace,1048576,0.000133572423
tmpfs_runsc_ptrace,1048576,0.00017052576
tmpfs_runsc_ptrace,1048576,0.000128923828
tmpfs_runsc_ptrace,1048576,0.000119057579
tmpfs_runsc_ptrace,1048576,0.000151907021
tmpfs_runsc_ptrace,1048576,0.000133098714
tmpfs_runsc_ptrace,1048576,0.000129132299
tmpfs_runsc_ptrace,1048576,0.000121154859
tmpfs_runsc_ptrace,1048576,0.000131307926
tmpfs_runsc_ptrace,1048576,0.000123218008
tmpfs_runsc_ptrace,1048576,0.000145316197
tmpfs_runsc_ptrace,1048576,0.00016673567
tmpfs_runsc_ptrace,1048576,0.000136610208
tmpfs_runsc_ptrace,1048576,0.000128668806
tmpfs_runsc_ptrace,1048576,0.000117252566
tmpfs_runsc_ptrace,1048576,0.000136881601
tmpfs_runsc_ptrace,1048576,0.000134867994
tmpfs_runsc_ptrace,1048576,0.000118818083
tmpfs_runsc_ptrace,1048576,0.000117107513
tmpfs_runsc_ptrace,1048576,0.000121419173
tmpfs_runsc_ptrace,1048576,0.000127027044
tmpfs_runsc_ptrace,1048576,0.000124586586
tmpfs_runsc_ptrace,1048576,0.000116365751
tmpfs_runsc_ptrace,1048576,0.000118101612
tmpfs_runsc_ptrace,1048576,0.000120243341
tmpfs_runsc_ptrace,1048576,0.00012576842
tmpfs_runsc_ptrace,1048576,0.000125080333
tmpfs_runsc_ptrace,1048576,0.000125808932
tmpfs_runsc_ptrace,1048576,0.000127434832
tmpfs_runsc_ptrace,1048576,0.000141264623
tmpfs_runsc_ptrace,1048576,0.000134721864
tmpfs_runsc_ptrace,1048576,0.00012437618
tmpfs_runsc_ptrace,1048576,0.000124935934
tmpfs_runsc_ptrace,1048576,0.000120010372
tmpfs_runsc_ptrace,1048576,0.000128516185
tmpfs_runsc_ptrace,1048576,0.000126134284
tmpfs_runsc_ptrace,1048576,0.000117458432
tmpfs_runsc_ptrace,1048576,0.000118157404
tmpfs_runsc_ptrace,1048576,0.000118767392
tmpfs_runsc_ptrace,1048576,0.000148167426
tmpfs_runsc_ptrace,1048576,0.000132102999
tmpfs_runsc_ptrace,1048576,0.000132769128
tmpfs_runsc_ptrace,1048576,0.000137172174
tmpfs_runsc_ptrace,1048576,0.000139856507
tmpfs_runsc_ptrace,1048576,0.00012984639
tmpfs_runsc_ptrace,1048576,0.000130908229
tmpfs_runsc_ptrace,1048576,0.00012915385
tmpfs_runsc_ptrace,1048576,0.000161523538
tmpfs_runsc_ptrace,1048576,0.000129316308
tmpfs_runsc_ptrace,1048576,0.000120363271
tmpfs_runsc_ptrace,1048576,0.00012303103
tmpfs_runsc_ptrace,1048576,0.000134476402
tmpfs_runsc_ptrace,1048576,0.000161422329
tmpfs_runsc_ptrace,1048576,0.000124858649
tmpfs_runsc_ptrace,1048576,0.000130346321
tmpfs_runsc_ptrace,1048576,0.000122855447
tmpfs_runsc_ptrace,1048576,0.000124210594
tmpfs_runsc_ptrace,1048576,0.0001574036
tmpfs_runsc_ptrace,1048576,0.000123757025
tmpfs_runsc_ptrace,1048576,0.000125277496
tmpfs_runsc_ptrace,1048576,0.000122944577
tmpfs_runsc_ptrace,1048576,0.000123206322
tmpfs_runsc_ptrace,1048576,0.000116748211
tmpfs_runsc_ptrace,1048576,0.000122038422
tmpfs_runsc_ptrace,1048576,0.000159380128
tmpfs_runsc_ptrace,1048576,0.000131134526
tmpfs_runsc_ptrace,1048576,0.000154562018
tmpfs_runsc_ptrace,1048576,0.000120410892
tmpfs_runsc_ptrace,1048576,0.00012692016
tmpfs_runsc_ptrace,1048576,0.000118688338
tmpfs_runsc_ptrace,1048576,0.000121202487
tmpfs_runsc_ptrace,1048576,0.000122433819
tmpfs_runsc_ptrace,1048576,0.000133204609
tmpfs_runsc_ptrace,1048576,0.000172183398
tmpfs_runsc_ptrace,1048576,0.000123858903
tmpfs_runsc_ptrace,1048576,0.000122235972
tmpfs_runsc_ptrace,1048576,0.000121991165
tmpfs_runsc_ptrace,1048576,0.00012908972
tmpfs_runsc_ptrace,1048576,0.000119017612
tmpfs_runsc_ptrace,1048576,0.000127064923
tmpfs_runsc_ptrace,1048576,0.000167218444
tmpfs_runsc_ptrace,1048576,0.000131400608
tmpfs_runsc_ptrace,1048576,0.000127298685
tmpfs_runsc_kvm,65536,1.568482e-05
tmpfs_runsc_kvm,65536,2.162381e-05
tmpfs_runsc_kvm,65536,1.61266e-05
tmpfs_runsc_kvm,65536,1.5809848e-05
tmpfs_runsc_kvm,65536,1.5882993e-05
tmpfs_runsc_kvm,65536,1.5371137e-05
tmpfs_runsc_kvm,65536,1.5624768e-05
tmpfs_runsc_kvm,65536,1.5738782e-05
tmpfs_runsc_kvm,65536,1.7292557e-05
tmpfs_runsc_kvm,65536,1.568522e-05
tmpfs_runsc_kvm,65536,1.5822741e-05
tmpfs_runsc_kvm,65536,1.5802116e-05
tmpfs_runsc_kvm,65536,1.580477e-05
tmpfs_runsc_kvm,65536,1.7327435e-05
tmpfs_runsc_kvm,65536,1.6577955e-05
tmpfs_runsc_kvm,65536,1.5808093e-05
tmpfs_runsc_kvm,65536,1.5014043e-05
tmpfs_runsc_kvm,65536,1.5830896e-05
tmpfs_runsc_kvm,65536,1.5872776e-05
tmpfs_runsc_kvm,65536,1.5517269e-05
tmpfs_runsc_kvm,65536,1.5885742e-05
tmpfs_runsc_kvm,65536,1.5689588e-05
tmpfs_runsc_kvm,65536,1.6762269e-05
tmpfs_runsc_kvm,65536,1.539772e-05
tmpfs_runsc_kvm,65536,1.6713038e-05
tmpfs_runsc_kvm,65536,1.717357e-05
tmpfs_runsc_kvm,65536,1.6648377e-05
tmpfs_runsc_kvm,65536,1.5690939e-05
tmpfs_runsc_kvm,65536,1.5645481e-05
tmpfs_runsc_kvm,65536,1.7316223e-05
tmpfs_runsc_kvm,65536,1.816905e-05
tmpfs_runsc_kvm,65536,1.5601876e-05
tmpfs_runsc_kvm,65536,1.558805e-05
tmpfs_runsc_kvm,65536,1.772697e-05
tmpfs_runsc_kvm,65536,1.7136434e-05
tmpfs_runsc_kvm,65536,1.5492211e-05
tmpfs_runsc_kvm,65536,1.6017193e-05
tmpfs_runsc_kvm,65536,1.6835671e-05
tmpfs_runsc_kvm,65536,1.5240665e-05
tmpfs_runsc_kvm,65536,1.5081705e-05
tmpfs_runsc_kvm,65536,1.5732932e-05
tmpfs_runsc_kvm,65536,1.7237006e-05
tmpfs_runsc_kvm,65536,1.5861702e-05
tmpfs_runsc_kvm,65536,1.7286866e-05
tmpfs_runsc_kvm,65536,2.3559007e-05
tmpfs_runsc_kvm,65536,1.5583146e-05
tmpfs_runsc_kvm,65536,1.5772044e-05
tmpfs_runsc_kvm,65536,1.5285803e-05
tmpfs_runsc_kvm,65536,1.5510153e-05
tmpfs_runsc_kvm,65536,1.620363e-05
tmpfs_runsc_kvm,65536,1.5424837e-05
tmpfs_runsc_kvm,65536,1.53317e-05
tmpfs_runsc_kvm,65536,1.5516043e-05
tmpfs_runsc_kvm,65536,1.5526368e-05
tmpfs_runsc_kvm,65536,1.5916479e-05
tmpfs_runsc_kvm,65536,1.6775281e-05
tmpfs_runsc_kvm,65536,1.5765725e-05
tmpfs_runsc_kvm,65536,1.7711494e-05
tmpfs_runsc_kvm,65536,1.5885365e-05
tmpfs_runsc_kvm,65536,1.5754676e-05
tmpfs_runsc_kvm,65536,2.3487361e-05
tmpfs_runsc_kvm,65536,1.6850292e-05
tmpfs_runsc_kvm,65536,1.7631268e-05
tmpfs_runsc_kvm,65536,1.579012e-05
tmpfs_runsc_kvm,65536,1.6703094e-05
tmpfs_runsc_kvm,65536,1.4907932e-05
tmpfs_runsc_kvm,65536,1.5254416e-05
tmpfs_runsc_kvm,65536,1.5851507e-05
tmpfs_runsc_kvm,65536,1.694302e-05
tmpfs_runsc_kvm,65536,1.6129783e-05
tmpfs_runsc_kvm,65536,1.6613229e-05
tmpfs_runsc_kvm,65536,1.5656102e-05
tmpfs_runsc_kvm,65536,1.5047441e-05
tmpfs_runsc_kvm,65536,1.5246713e-05
tmpfs_runsc_kvm,65536,1.670145e-05
tmpfs_runsc_kvm,65536,1.6431737e-05
tmpfs_runsc_kvm,65536,1.7708864e-05
tmpfs_runsc_kvm,65536,1.5710384e-05
tmpfs_runsc_kvm,65536,1.6278345e-05
tmpfs_runsc_kvm,65536,1.5617399e-05
tmpfs_runsc_kvm,65536,1.5586778e-05
tmpfs_runsc_kvm,65536,1.5642054e-05
tmpfs_runsc_kvm,65536,1.608411e-05
tmpfs_runsc_kvm,65536,1.5718406e-05
tmpfs_runsc_kvm,65536,1.5817006e-05
tmpfs_runsc_kvm,65536,1.5889022e-05
tmpfs_runsc_kvm,65536,1.5939559e-05
tmpfs_runsc_kvm,65536,1.5799997e-05
tmpfs_runsc_kvm,65536,1.5840029e-05
tmpfs_runsc_kvm,65536,1.5732803e-05
tmpfs_runsc_kvm,65536,1.739375e-05
tmpfs_runsc_kvm,65536,1.6233933e-05
tmpfs_runsc_kvm,65536,1.6325168e-05
tmpfs_runsc_kvm,65536,1.5588028e-05
tmpfs_runsc_kvm,65536,1.5380792e-05
tmpfs_runsc_kvm,65536,1.5580506e-05
tmpfs_runsc_kvm,65536,1.7187991e-05
tmpfs_runsc_kvm,65536,1.5620271e-05
tmpfs_runsc_kvm,65536,1.7625705e-05
tmpfs_runsc_kvm,65536,1.6303051e-05
tmpfs_bare,262144,6.8555193e-05
tmpfs_bare,262144,6.9409049e-05
tmpfs_bare,262144,6.8587266e-05
tmpfs_bare,262144,6.8548514e-05
tmpfs_bare,262144,6.8577734e-05
tmpfs_bare,262144,6.8562338e-05
tmpfs_bare,262144,6.8561661e-05
tmpfs_bare,262144,6.8549845e-05
tmpfs_bare,262144,6.8614805e-05
tmpfs_bare,262144,6.8507521e-05
tmpfs_bare,262144,6.8556838e-05
tmpfs_bare,262144,6.8566056e-05
tmpfs_bare,262144,6.6956032e-05
tmpfs_bare,262144,6.8624715e-05
tmpfs_bare,262144,6.8586727e-05
tmpfs_bare,262144,6.8586596e-05
tmpfs_bare,262144,6.861132e-05
tmpfs_bare,262144,6.8591973e-05
tmpfs_bare,262144,6.8588364e-05
tmpfs_bare,262144,6.8590642e-05
tmpfs_bare,262144,6.8556597e-05
tmpfs_bare,262144,6.8596215e-05
tmpfs_bare,262144,6.8599598e-05
tmpfs_bare,262144,6.8556234e-05
tmpfs_bare,262144,6.8541543e-05
tmpfs_bare,262144,6.8532165e-05
tmpfs_bare,262144,6.8554204e-05
tmpfs_bare,262144,6.8545218e-05
tmpfs_bare,262144,6.8653615e-05
tmpfs_bare,262144,6.9435831e-05
tmpfs_bare,262144,6.8551104e-05
tmpfs_bare,262144,6.9428803e-05
tmpfs_bare,262144,6.8623718e-05
tmpfs_bare,262144,6.9468188e-05
tmpfs_bare,262144,6.8448106e-05
tmpfs_bare,262144,6.853306e-05
tmpfs_bare,262144,6.8521171e-05
tmpfs_bare,262144,6.8545283e-05
tmpfs_bare,262144,6.8500565e-05
tmpfs_bare,262144,6.8647816e-05
tmpfs_bare,262144,6.8584362e-05
tmpfs_bare,262144,6.9387897e-05
tmpfs_bare,262144,6.8561079e-05
tmpfs_bare,262144,6.9436275e-05
tmpfs_bare,262144,6.8587506e-05
tmpfs_bare,262144,6.8591944e-05
tmpfs_bare,262144,6.8542126e-05
tmpfs_bare,262144,6.8574322e-05
tmpfs_bare,262144,6.8547233e-05
tmpfs_bare,262144,6.8566711e-05
tmpfs_bare,262144,6.9455928e-05
tmpfs_bare,262144,6.8569978e-05
tmpfs_bare,262144,6.9423375e-05
tmpfs_bare,262144,6.870355e-05
tmpfs_bare,262144,6.8227928e-05
tmpfs_bare,262144,6.8124842e-05
tmpfs_bare,262144,6.8183865e-05
tmpfs_bare,262144,6.8148911e-05
tmpfs_bare,262144,6.8146626e-05
tmpfs_bare,262144,6.8150403e-05
tmpfs_bare,262144,6.8191781e-05
tmpfs_bare,262144,6.8186557e-05
tmpfs_bare,262144,6.8173329e-05
tmpfs_bare,262144,6.8153226e-05
tmpfs_bare,262144,6.813361e-05
tmpfs_bare,262144,6.8208195e-05
tmpfs_bare,262144,6.8114852e-05
tmpfs_bare,262144,6.8233989e-05
tmpfs_bare,262144,6.8058776e-05
tmpfs_bare,262144,6.8159825e-05
tmpfs_bare,262144,6.8163274e-05
tmpfs_bare,262144,6.8147485e-05
tmpfs_bare,262144,6.8387162e-05
tmpfs_bare,262144,6.8158515e-05
tmpfs_bare,262144,6.8180372e-05
tmpfs_bare,262144,6.8100904e-05
tmpfs_bare,262144,6.8113848e-05
tmpfs_bare,262144,6.8185618e-05
tmpfs_bare,262144,6.8042682e-05
tmpfs_bare,262144,6.8115609e-05
tmpfs_bare,262144,6.8089888e-05
tmpfs_bare,262144,6.818468e-05
tmpfs_bare,262144,6.8201356e-05
tmpfs_bare,262144,6.8069596e-05
tmpfs_bare,262144,6.8144116e-05
tmpfs_bare,262144,6.8157082e-05
tmpfs_bare,262144,6.8072994e-05
tmpfs_bare,262144,6.8150024e-05
tmpfs_bare,262144,6.8081965e-05
tmpfs_bare,262144,6.8184978e-05
tmpfs_bare,262144,6.8094843e-05
tmpfs_bare,262144,6.8177455e-05
tmpfs_bare,262144,6.8245281e-05
tmpfs_bare,262144,6.8227848e-05
tmpfs_bare,262144,6.8252302e-05
tmpfs_bare,262144,6.8205372e-05
tmpfs_bare,262144,6.8202833e-05
tmpfs_bare,262144,6.8234527e-05
tmpfs_bare,262144,6.8428308e-05
tmpfs_bare,262144,6.8326663e-05
tmpfs_bare,65536,1.7931192e-05
tmpfs_bare,65536,1.8001225e-05
tmpfs_bare,65536,1.794313e-05
tmpfs_bare,65536,1.7933358e-05
tmpfs_bare,65536,1.7990988e-05
tmpfs_bare,65536,1.7969052e-05
tmpfs_bare,65536,2.6160053e-05
tmpfs_bare,65536,1.7940329e-05
tmpfs_bare,65536,1.7988983e-05
tmpfs_bare,65536,1.798572e-05
tmpfs_bare,65536,1.804955e-05
tmpfs_bare,65536,1.7884026e-05
tmpfs_bare,65536,1.7899394e-05
tmpfs_bare,65536,1.7882465e-05
tmpfs_bare,65536,1.7964423e-05
tmpfs_bare,65536,1.7936463e-05
tmpfs_bare,65536,1.7875233e-05
tmpfs_bare,65536,1.7957838e-05
tmpfs_bare,65536,1.7927683e-05
tmpfs_bare,65536,1.7890332e-05
tmpfs_bare,65536,1.8292561e-05
tmpfs_bare,65536,1.8017616e-05
tmpfs_bare,65536,1.8025063e-05
tmpfs_bare,65536,1.8078437e-05
tmpfs_bare,65536,1.8017206e-05
tmpfs_bare,65536,1.8052138e-05
tmpfs_bare,65536,1.8043456e-05
tmpfs_bare,65536,1.8040502e-05
tmpfs_bare,65536,1.8199305e-05
tmpfs_bare,65536,1.8041752e-05
tmpfs_bare,65536,1.7953429e-05
tmpfs_bare,65536,1.8075792e-05
tmpfs_bare,65536,1.8169201e-05
tmpfs_bare,65536,1.8041832e-05
tmpfs_bare,65536,1.8035498e-05
tmpfs_bare,65536,1.8038805e-05
tmpfs_bare,65536,1.8019909e-05
tmpfs_bare,65536,1.8041481e-05
tmpfs_bare,65536,1.8009103e-05
tmpfs_bare,65536,1.8191335e-05
tmpfs_bare,65536,1.8081242e-05
tmpfs_bare,65536,1.8187344e-05
tmpfs_bare,65536,1.8058459e-05
tmpfs_bare,65536,1.8022371e-05
tmpfs_bare,65536,1.8231172e-05
tmpfs_bare,65536,1.7960641e-05
tmpfs_bare,65536,1.8038332e-05
tmpfs_bare,65536,1.8186116e-05
tmpfs_bare,65536,1.7993951e-05
tmpfs_bare,65536,1.8041705e-05
tmpfs_bare,65536,1.8052704e-05
tmpfs_bare,65536,1.8047052e-05
tmpfs_bare,65536,1.8048204e-05
tmpfs_bare,65536,1.8041548e-05
tmpfs_bare,65536,1.7941007e-05
tmpfs_bare,65536,1.8062923e-05
tmpfs_bare,65536,1.8048351e-05
tmpfs_bare,65536,1.8026012e-05
tmpfs_bare,65536,1.8072948e-05
tmpfs_bare,65536,1.8063598e-05
tmpfs_bare,65536,1.8206862e-05
tmpfs_bare,65536,1.8069735e-05
tmpfs_bare,65536,1.8178836e-05
tmpfs_bare,65536,1.8015924e-05
tmpfs_bare,65536,1.8233404e-05
tmpfs_bare,65536,1.8055496e-05
tmpfs_bare,65536,1.8022309e-05
tmpfs_bare,65536,1.8045348e-05
tmpfs_bare,65536,1.8231392e-05
tmpfs_bare,65536,1.8029754e-05
tmpfs_bare,65536,1.8218923e-05
tmpfs_bare,65536,1.8023486e-05
tmpfs_bare,65536,1.8207127e-05
tmpfs_bare,65536,1.8076311e-05
tmpfs_bare,65536,1.8206136e-05
tmpfs_bare,65536,1.8065435e-05
tmpfs_bare,65536,1.8154573e-05
tmpfs_bare,65536,1.8040193e-05
tmpfs_bare,65536,1.7984712e-05
tmpfs_bare,65536,1.8011666e-05
tmpfs_bare,65536,1.8196361e-05
tmpfs_bare,65536,1.8079154e-05
tmpfs_bare,65536,1.8261413e-05
tmpfs_bare,65536,1.8035917e-05
tmpfs_bare,65536,1.8230594e-05
tmpfs_bare,65536,1.8060509e-05
tmpfs_bare,65536,1.8164093e-05
tmpfs_bare,65536,1.8013101e-05
tmpfs_bare,65536,1.804641e-05
tmpfs_bare,65536,1.8156381e-05
tmpfs_bare,65536,1.8013669e-05
tmpfs_bare,65536,1.8034576e-05
tmpfs_bare,65536,1.8175893e-05
tmpfs_bare,65536,1.8023822e-05
tmpfs_bare,65536,1.8226399e-05
tmpfs_bare,65536,1.7947825e-05
tmpfs_bare,65536,1.8079161e-05
tmpfs_bare,65536,1.8057635e-05
tmpfs_bare,65536,1.8181217e-05
tmpfs_bare,65536,1.8022269e-05
tmpfs_runc,16384,2.843846e-06
tmpfs_runc,16384,2.844681e-06
tmpfs_runc,16384,2.99866e-06
tmpfs_runc,16384,2.860729e-06
tmpfs_runc,16384,2.793124e-06
tmpfs_runc,16384,2.904799e-06
tmpfs_runc,16384,2.708172e-06
tmpfs_runc,16384,2.74085e-06
tmpfs_runc,16384,2.777045e-06
tmpfs_runc,16384,2.912368e-06
tmpfs_runc,16384,2.909729e-06
tmpfs_runc,16384,2.85219e-06
tmpfs_runc,16384,2.722766e-06
tmpfs_runc,16384,2.821704e-06
tmpfs_runc,16384,2.779267e-06
tmpfs_runc,16384,2.871797e-06
tmpfs_runc,16384,2.857384e-06
tmpfs_runc,16384,2.939746e-06
tmpfs_runc,16384,2.798364e-06
tmpfs_runc,16384,2.745638e-06
tmpfs_runc,16384,2.37116e-06
tmpfs_runc,16384,2.894659e-06
tmpfs_runc,16384,2.728113e-06
tmpfs_runc,16384,2.783665e-06
tmpfs_runc,16384,2.810576e-06
tmpfs_runc,16384,2.851249e-06
tmpfs_runc,16384,2.856369e-06
tmpfs_runc,16384,2.781488e-06
tmpfs_runc,16384,2.772024e-06
tmpfs_runc,16384,2.888177e-06
tmpfs_runc,16384,2.697784e-06
tmpfs_runc,16384,2.813365e-06
tmpfs_runc,16384,2.848967e-06
tmpfs_runc,16384,2.680259e-06
tmpfs_runc,16384,2.81837e-06
tmpfs_runc,16384,2.738279e-06
tmpfs_runc,16384,2.57941e-06
tmpfs_runc,16384,2.899963e-06
tmpfs_runc,16384,2.774453e-06
tmpfs_runc,16384,2.501235e-06
tmpfs_runc,16384,2.729006e-06
tmpfs_runc,16384,2.58504e-06
tmpfs_runc,16384,2.851693e-06
tmpfs_runc,16384,2.959105e-06
tmpfs_runc,16384,2.780647e-06
tmpfs_runc,16384,2.767658e-06
tmpfs_runc,16384,2.929836e-06
tmpfs_runc,16384,2.768528e-06
tmpfs_runc,16384,2.826028e-06
tmpfs_runc,16384,2.857279e-06
tmpfs_runc,16384,2.560266e-06
tmpfs_runc,16384,2.833962e-06
tmpfs_runc,16384,2.488199e-06
tmpfs_runc,16384,2.797166e-06
tmpfs_runc,16384,2.811998e-06
tmpfs_runc,16384,2.892393e-06
tmpfs_runc,16384,2.790587e-06
tmpfs_runc,16384,2.481248e-06
tmpfs_runc,16384,2.84289e-06
tmpfs_runc,16384,2.846073e-06
tmpfs_runc,16384,2.607974e-06
tmpfs_runc,16384,2.698016e-06
tmpfs_runc,16384,2.85186e-06
tmpfs_runc,16384,2.794974e-06
tmpfs_runc,16384,2.868896e-06
tmpfs_runc,16384,2.709418e-06
tmpfs_runc,16384,2.908399e-06
tmpfs_runc,16384,2.925048e-06
tmpfs_runc,16384,2.803253e-06
tmpfs_runc,16384,2.818448e-06
tmpfs_runc,16384,2.774297e-06
tmpfs_runc,16384,2.843463e-06
tmpfs_runc,16384,2.587113e-06
tmpfs_runc,16384,2.75616e-06
tmpfs_runc,16384,2.712511e-06
tmpfs_runc,16384,2.816482e-06
tmpfs_runc,16384,2.877812e-06
tmpfs_runc,16384,2.760674e-06
tmpfs_runc,16384,2.920814e-06
tmpfs_runc,16384,2.814913e-06
tmpfs_runc,16384,2.882619e-06
tmpfs_runc,16384,2.92247e-06
tmpfs_runc,16384,2.698521e-06
tmpfs_runc,16384,2.657276e-06
tmpfs_runc,16384,2.497824e-06
tmpfs_runc,16384,2.456441e-06
tmpfs_runc,16384,2.919659e-06
tmpfs_runc,16384,2.844436e-06
tmpfs_runc,16384,2.804838e-06
tmpfs_runc,16384,2.831525e-06
tmpfs_runc,16384,2.844079e-06
tmpfs_runc,16384,2.816044e-06
tmpfs_runc,16384,2.921717e-06
tmpfs_runc,16384,2.700974e-06
tmpfs_runc,16384,2.802777e-06
tmpfs_runc,16384,2.952537e-06
tmpfs_runc,16384,2.9353e-06
tmpfs_runc,16384,2.906331e-06
tmpfs_runc,16384,2.87078e-06
tmpfs_runc,16384,2.786092e-06
tmpfs_runc,1048576,0.000253204722
tmpfs_runc,1048576,0.000256167667
tmpfs_runc,1048576,0.000252885569
tmpfs_runc,1048576,0.000255058665
tmpfs_runc,1048576,0.000252735394
tmpfs_runc,1048576,0.000251192745
tmpfs_runc,1048576,0.000256378931
tmpfs_runc,1048576,0.0002530028
tmpfs_runc,1048576,0.000255446532
tmpfs_runc,1048576,0.000253563951
tmpfs_runc,1048576,0.000250222714
tmpfs_runc,1048576,0.000252817932
tmpfs_runc,1048576,0.000251884543
tmpfs_runc,1048576,0.000252698926
tmpfs_runc,1048576,0.000252653699
tmpfs_runc,1048576,0.000253179867
tmpfs_runc,1048576,0.000253509555
tmpfs_runc,1048576,0.000255788036
tmpfs_runc,1048576,0.00025142997
tmpfs_runc,1048576,0.000252472993
tmpfs_runc,1048576,0.000254046929
tmpfs_runc,1048576,0.000252843922
tmpfs_runc,1048576,0.000256000669
tmpfs_runc,1048576,0.000256974308
tmpfs_runc,1048576,0.000252605183
tmpfs_runc,1048576,0.00025271732
tmpfs_runc,1048576,0.000252122525
tmpfs_runc,1048576,0.000252840982
tmpfs_runc,1048576,0.000253793522
tmpfs_runc,1048576,0.000254572456
tmpfs_runc,1048576,0.000250570651
tmpfs_runc,1048576,0.000249781617
tmpfs_runc,1048576,0.000252571655
tmpfs_runc,1048576,0.000255158229
tmpfs_runc,1048576,0.000251728954
tmpfs_runc,1048576,0.000253443635
tmpfs_runc,1048576,0.000250732031
tmpfs_runc,1048576,0.000254204322
tmpfs_runc,1048576,0.000255682244
tmpfs_runc,1048576,0.000256049127
tmpfs_runc,1048576,0.000251836347
tmpfs_runc,1048576,0.000253692997
tmpfs_runc,1048576,0.000257413863
tmpfs_runc,1048576,0.000251907535
tmpfs_runc,1048576,0.000256763393
tmpfs_runc,1048576,0.000251918304
tmpfs_runc,1048576,0.000255658873
tmpfs_runc,1048576,0.000255738909
tmpfs_runc,1048576,0.000254552811
tmpfs_runc,1048576,0.000252940954
tmpfs_runc,1048576,0.000251893071
tmpfs_runc,1048576,0.000256829342
tmpfs_runc,1048576,0.000252430735
tmpfs_runc,1048576,0.000250832469
tmpfs_runc,1048576,0.000255953841
tmpfs_runc,1048576,0.000254941435
tmpfs_runc,1048576,0.000254935323
tmpfs_runc,1048576,0.000256536674
tmpfs_runc,1048576,0.000256830332
tmpfs_runc,1048576,0.000253633421
tmpfs_runc,1048576,0.000256809406
tmpfs_runc,1048576,0.000252029829
tmpfs_runc,1048576,0.000256728585
tmpfs_runc,1048576,0.000251933729
tmpfs_runc,1048576,0.000253401842
tmpfs_runc,1048576,0.000254132028
tmpfs_runc,1048576,0.000255504332
tmpfs_runc,1048576,0.000255845924
tmpfs_runc,1048576,0.000255244726
tmpfs_runc,1048576,0.000252940605
tmpfs_runc,1048576,0.000255539431
tmpfs_runc,1048576,0.000254553655
tmpfs_runc,1048576,0.000252609665
tmpfs_runc,1048576,0.000252702186
tmpfs_runc,1048576,0.000251587015
tmpfs_runc,1048576,0.000254757208
tmpfs_runc,1048576,0.000251518504
tmpfs_runc,1048576,0.000253138016
tmpfs_runc,1048576,0.000255246734
tmpfs_runc,1048576,0.000254541257
tmpfs_runc,1048576,0.00025640754
tmpfs_runc,1048576,0.00025257052
tmpfs_runc,1048576,0.000254021288
tmpfs_runc,1048576,0.000255557592
tmpfs_runc,1048576,0.00025310542
tmpfs_runc,1048576,0.000252491765
tmpfs_runc,1048576,0.000255739491
tmpfs_runc,1048576,0.000252799655
tmpfs_runc,1048576,0.000252206257
tmpfs_runc,1048576,0.000253164966
tmpfs_runc,1048576,0.000250958867
tmpfs_runc,1048576,0.000252629456
tmpfs_runc,1048576,0.000254505925
tmpfs_runc,1048576,0.000254154351
tmpfs_runc,1048576,0.00025246467
tmpfs_runc,1048576,0.000256545172
tmpfs_runc,1048576,0.000253730133
tmpfs_runc,1048576,0.000250632787
tmpfs_runc,1048576,0.000256460597
tmpfs_runc,1048576,0.000252385886
tmpfs_runsc_kvm,262144,5.5651741e-05
tmpfs_runsc_kvm,262144,4.7212601e-05
tmpfs_runsc_kvm,262144,4.8222355e-05
tmpfs_runsc_kvm,262144,5.2850915e-05
tmpfs_runsc_kvm,262144,4.7736878e-05
tmpfs_runsc_kvm,262144,5.0067272e-05
tmpfs_runsc_kvm,262144,4.8172493e-05
tmpfs_runsc_kvm,262144,5.3179298e-05
tmpfs_runsc_kvm,262144,4.7979524e-05
tmpfs_runsc_kvm,262144,5.3836273e-05
tmpfs_runsc_kvm,262144,4.7831327e-05
tmpfs_runsc_kvm,262144,5.2607687e-05
tmpfs_runsc_kvm,262144,5.4004453e-05
tmpfs_runsc_kvm,262144,4.7788788e-05
tmpfs_runsc_kvm,262144,4.7184723e-05
tmpfs_runsc_kvm,262144,4.7683516e-05
tmpfs_runsc_kvm,262144,4.9818485e-05
tmpfs_runsc_kvm,262144,5.5164746e-05
tmpfs_runsc_kvm,262144,4.775366e-05
tmpfs_runsc_kvm,262144,5.198978e-05
tmpfs_runsc_kvm,262144,4.761522e-05
tmpfs_runsc_kvm,262144,4.9068705e-05
tmpfs_runsc_kvm,262144,4.7948524e-05
tmpfs_runsc_kvm,262144,5.2719435e-05
tmpfs_runsc_kvm,262144,4.7850743e-05
tmpfs_runsc_kvm,262144,5.4705626e-05
tmpfs_runsc_kvm,262144,5.2661551e-05
tmpfs_runsc_kvm,262144,5.3005944e-05
tmpfs_runsc_kvm,262144,5.2941909e-05
tmpfs_runsc_kvm,262144,4.7943373e-05
tmpfs_runsc_kvm,262144,4.8818401e-05
tmpfs_runsc_kvm,262144,4.795261e-05
tmpfs_runsc_kvm,262144,4.7093235e-05
tmpfs_runsc_kvm,262144,4.7394744e-05
tmpfs_runsc_kvm,262144,4.758381e-05
tmpfs_runsc_kvm,262144,4.7960551e-05
tmpfs_runsc_kvm,262144,4.7904261e-05
tmpfs_runsc_kvm,262144,4.7814479e-05
tmpfs_runsc_kvm,262144,4.7379825e-05
tmpfs_runsc_kvm,262144,5.217224e-05
tmpfs_runsc_kvm,262144,5.4285621e-05
tmpfs_runsc_kvm,262144,4.861152e-05
tmpfs_runsc_kvm,262144,4.9837789e-05
tmpfs_runsc_kvm,262144,4.8478923e-05
tmpfs_runsc_kvm,262144,4.9381371e-05
tmpfs_runsc_kvm,262144,5.2793552e-05
tmpfs_runsc_kvm,262144,4.7997473e-05
tmpfs_runsc_kvm,262144,4.8774786e-05
tmpfs_runsc_kvm,262144,4.9327431e-05
tmpfs_runsc_kvm,262144,4.9030808e-05
tmpfs_runsc_kvm,262144,5.3764597e-05
tmpfs_runsc_kvm,262144,4.8930426e-05
tmpfs_runsc_kvm,262144,5.0531562e-05
tmpfs_runsc_kvm,262144,4.8811351e-05
tmpfs_runsc_kvm,262144,4.7307291e-05
tmpfs_runsc_kvm,262144,4.7642967e-05
tmpfs_runsc_kvm,262144,5.1278323e-05
tmpfs_runsc_kvm,262144,5.2684802e-05
tmpfs_runsc_kvm,262144,4.6807596e-05
tmpfs_runsc_kvm,262144,5.2228646e-05
tmpfs_runsc_kvm,262144,4.9410377e-05
tmpfs_runsc_kvm,262144,5.419146e-05
tmpfs_runsc_kvm,262144,5.2889038e-05
tmpfs_runsc_kvm,262144,4.8116744e-05
tmpfs_runsc_kvm,262144,4.9130631e-05
tmpfs_runsc_kvm,262144,5.3535456e-05
tmpfs_runsc_kvm,262144,5.6676181e-05
tmpfs_runsc_kvm,262144,4.7995167e-05
tmpfs_runsc_kvm,262144,5.1881456e-05
tmpfs_runsc_kvm,262144,4.7910868e-05
tmpfs_runsc_kvm,262144,4.8633985e-05
tmpfs_runsc_kvm,262144,4.8298403e-05
tmpfs_runsc_kvm,262144,5.1488551e-05
tmpfs_runsc_kvm,262144,4.7631896e-05
tmpfs_runsc_kvm,262144,4.6993751e-05
tmpfs_runsc_kvm,262144,4.8757545e-05
tmpfs_runsc_kvm,262144,5.1980867e-05
tmpfs_runsc_kvm,262144,4.908054e-05
tmpfs_runsc_kvm,262144,4.7534861e-05
tmpfs_runsc_kvm,262144,5.3200183e-05
tmpfs_runsc_kvm,262144,4.9381943e-05
tmpfs_runsc_kvm,262144,6.1696985e-05
tmpfs_runsc_kvm,262144,4.8952512e-05
tmpfs_runsc_kvm,262144,4.8941372e-05
tmpfs_runsc_kvm,262144,4.7717451e-05
tmpfs_runsc_kvm,262144,5.228641e-05
tmpfs_runsc_kvm,262144,4.9478542e-05
tmpfs_runsc_kvm,262144,5.203404e-05
tmpfs_runsc_kvm,262144,5.27378e-05
tmpfs_runsc_kvm,262144,5.1780306e-05
tmpfs_runsc_kvm,262144,4.8538495e-05
tmpfs_runsc_kvm,262144,4.8317961e-05
tmpfs_runsc_kvm,262144,4.7945337e-05
tmpfs_runsc_kvm,262144,5.0457951e-05
tmpfs_runsc_kvm,262144,4.7973241e-05
tmpfs_runsc_kvm,262144,4.8115133e-05
tmpfs_runsc_kvm,262144,5.0951534e-05
tmpfs_runsc_kvm,262144,4.724196e-05
tmpfs_runsc_kvm,262144,5.1061877e-05
tmpfs_runsc_kvm,262144,4.7800455e-05
tmpfs_runc,65536,1.7992965e-05
tmpfs_runc,65536,1.7922011e-05
tmpfs_runc,65536,1.7489336e-05
tmpfs_runc,65536,1.8130484e-05
tmpfs_runc,65536,1.776265e-05
tmpfs_runc,65536,1.8095425e-05
tmpfs_runc,65536,1.8170598e-05
tmpfs_runc,65536,1.8285142e-05
tmpfs_runc,65536,1.851456e-05
tmpfs_runc,65536,1.800646e-05
tmpfs_runc,65536,1.8366643e-05
tmpfs_runc,65536,1.8474722e-05
tmpfs_runc,65536,1.893073e-05
tmpfs_runc,65536,1.7688526e-05
tmpfs_runc,65536,1.7803395e-05
tmpfs_runc,65536,1.7268345e-05
tmpfs_runc,65536,1.8190594e-05
tmpfs_runc,65536,1.8166071e-05
tmpfs_runc,65536,1.8269227e-05
tmpfs_runc,65536,1.7862454e-05
tmpfs_runc,65536,1.8604864e-05
tmpfs_runc,65536,1.82331e-05
tmpfs_runc,65536,1.8196721e-05
tmpfs_runc,65536,1.8577906e-05
tmpfs_runc,65536,1.8123064e-05
tmpfs_runc,65536,1.8333933e-05
tmpfs_runc,65536,1.824948e-05
tmpfs_runc,65536,1.8207402e-05
tmpfs_runc,65536,1.8185172e-05
tmpfs_runc,65536,1.8122231e-05
tmpfs_runc,65536,1.8180821e-05
tmpfs_runc,65536,1.8268707e-05
tmpfs_runc,65536,1.826514e-05
tmpfs_runc,65536,1.8079059e-05
tmpfs_runc,65536,1.7980017e-05
tmpfs_runc,65536,1.8335155e-05
tmpfs_runc,65536,1.792669e-05
tmpfs_runc,65536,1.656972e-05
tmpfs_runc,65536,1.806553e-05
tmpfs_runc,65536,1.7945757e-05
tmpfs_runc,65536,1.7738603e-05
tmpfs_runc,65536,1.6711052e-05
tmpfs_runc,65536,1.8773071e-05
tmpfs_runc,65536,1.8042714e-05
tmpfs_runc,65536,1.8175175e-05
tmpfs_runc,65536,1.832447e-05
tmpfs_runc,65536,1.8336654e-05
tmpfs_runc,65536,1.815165e-05
tmpfs_runc,65536,1.8171493e-05
tmpfs_runc,65536,1.7967237e-05
tmpfs_runc,65536,1.8173952e-05
tmpfs_runc,65536,1.8235629e-05
tmpfs_runc,65536,1.8201692e-05
tmpfs_runc,65536,1.8505125e-05
tmpfs_runc,65536,1.6879676e-05
tmpfs_runc,65536,1.7609202e-05
tmpfs_runc,65536,1.8069002e-05
tmpfs_runc,65536,1.8261797e-05
tmpfs_runc,65536,1.8197808e-05
tmpfs_runc,65536,1.8215431e-05
tmpfs_runc,65536,1.8216617e-05
tmpfs_runc,65536,1.8374476e-05
tmpfs_runc,65536,1.7902648e-05
tmpfs_runc,65536,1.8494735e-05
tmpfs_runc,65536,1.8227054e-05
tmpfs_runc,65536,1.7841805e-05
tmpfs_runc,65536,1.8232437e-05
tmpfs_runc,65536,1.8655554e-05
tmpfs_runc,65536,1.8100451e-05
tmpfs_runc,65536,1.8045941e-05
tmpfs_runc,65536,1.7421835e-05
tmpfs_runc,65536,1.7871307e-05
tmpfs_runc,65536,1.82572e-05
tmpfs_runc,65536,1.9179817e-05
tmpfs_runc,65536,1.6885349e-05
tmpfs_runc,65536,1.8623972e-05
tmpfs_runc,65536,1.8080427e-05
tmpfs_runc,65536,1.7902979e-05
tmpfs_runc,65536,1.7963459e-05
tmpfs_runc,65536,1.84743e-05
tmpfs_runc,65536,1.7922328e-05
tmpfs_runc,65536,1.8266292e-05
tmpfs_runc,65536,1.8034574e-05
tmpfs_runc,65536,1.7902759e-05
tmpfs_runc,65536,1.7873675e-05
tmpfs_runc,65536,1.8679502e-05
tmpfs_runc,65536,1.8263958e-05
tmpfs_runc,65536,1.8419483e-05
tmpfs_runc,65536,1.812156e-05
tmpfs_runc,65536,1.8196843e-05
tmpfs_runc,65536,1.8535447e-05
tmpfs_runc,65536,1.7223249e-05
tmpfs_runc,65536,1.7972128e-05
tmpfs_runc,65536,1.8287214e-05
tmpfs_runc,65536,1.844088e-05
tmpfs_runc,65536,1.850393e-05
tmpfs_runc,65536,1.775996e-05
tmpfs_runc,65536,1.8600167e-05
tmpfs_runc,65536,1.8099821e-05
tmpfs_runc,65536,1.7919649e-05
tmpfs_runsc_kvm,16384,8.304166e-06
tmpfs_runsc_kvm,16384,8.498555e-06
tmpfs_runsc_kvm,16384,8.670942e-06
tmpfs_runsc_kvm,16384,8.023262e-06
tmpfs_runsc_kvm,16384,8.193599e-06
tmpfs_runsc_kvm,16384,8.222051e-06
tmpfs_runsc_kvm,16384,7.900629e-06
tmpfs_runsc_kvm,16384,8.354396e-06
tmpfs_runsc_kvm,16384,8.292687e-06
tmpfs_runsc_kvm,16384,8.263884e-06
tmpfs_runsc_kvm,16384,8.15866e-06
tmpfs_runsc_kvm,16384,7.197104e-06
tmpfs_runsc_kvm,16384,8.801582e-06
tmpfs_runsc_kvm,16384,7.68376e-06
tmpfs_runsc_kvm,16384,8.279341e-06
tmpfs_runsc_kvm,16384,7.592165e-06
tmpfs_runsc_kvm,16384,7.915022e-06
tmpfs_runsc_kvm,16384,8.116246e-06
tmpfs_runsc_kvm,16384,8.688308e-06
tmpfs_runsc_kvm,16384,8.399331e-06
tmpfs_runsc_kvm,16384,8.021458e-06
tmpfs_runsc_kvm,16384,7.862299e-06
tmpfs_runsc_kvm,16384,7.793007e-06
tmpfs_runsc_kvm,16384,8.133778e-06
tmpfs_runsc_kvm,16384,7.530934e-06
tmpfs_runsc_kvm,16384,7.681206e-06
tmpfs_runsc_kvm,16384,7.955698e-06
tmpfs_runsc_kvm,16384,7.971034e-06
tmpfs_runsc_kvm,16384,8.438372e-06
tmpfs_runsc_kvm,16384,8.407019e-06
tmpfs_runsc_kvm,16384,8.509752e-06
tmpfs_runsc_kvm,16384,8.013386e-06
tmpfs_runsc_kvm,16384,8.454834e-06
tmpfs_runsc_kvm,16384,7.916069e-06
tmpfs_runsc_kvm,16384,7.172483e-06
tmpfs_runsc_kvm,16384,7.77e-06
tmpfs_runsc_kvm,16384,8.303354e-06
tmpfs_runsc_kvm,16384,8.500117e-06
tmpfs_runsc_kvm,16384,8.414726e-06
tmpfs_runsc_kvm,16384,8.386083e-06
tmpfs_runsc_kvm,16384,8.598042e-06
tmpfs_runsc_kvm,16384,8.410976e-06
tmpfs_runsc_kvm,16384,7.842546e-06
tmpfs_runsc_kvm,16384,8.086624e-06
tmpfs_runsc_kvm,16384,8.217628e-06
tmpfs_runsc_kvm,16384,8.327009e-06
tmpfs_runsc_kvm,16384,7.816411e-06
tmpfs_runsc_kvm,16384,8.406738e-06
tmpfs_runsc_kvm,16384,7.637414e-06
tmpfs_runsc_kvm,16384,8.215771e-06
tmpfs_runsc_kvm,16384,8.036001e-06
tmpfs_runsc_kvm,16384,8.628163e-06
tmpfs_runsc_kvm,16384,7.906104e-06
tmpfs_runsc_kvm,16384,8.468926e-06
tmpfs_runsc_kvm,16384,7.810036e-06
tmpfs_runsc_kvm,16384,7.870244e-06
tmpfs_runsc_kvm,16384,8.295529e-06
tmpfs_runsc_kvm,16384,7.682756e-06
tmpfs_runsc_kvm,16384,7.676962e-06
tmpfs_runsc_kvm,16384,8.436333e-06
tmpfs_runsc_kvm,16384,7.877948e-06
tmpfs_runsc_kvm,16384,8.04132e-06
tmpfs_runsc_kvm,16384,8.234638e-06
tmpfs_runsc_kvm,16384,8.576329e-06
tmpfs_runsc_kvm,16384,7.871269e-06
tmpfs_runsc_kvm,16384,7.592535e-06
tmpfs_runsc_kvm,16384,8.191401e-06
tmpfs_runsc_kvm,16384,8.243931e-06
tmpfs_runsc_kvm,16384,7.524023e-06
tmpfs_runsc_kvm,16384,8.328224e-06
tmpfs_runsc_kvm,16384,9.10837e-06
tmpfs_runsc_kvm,16384,8.215519e-06
tmpfs_runsc_kvm,16384,8.300235e-06
tmpfs_runsc_kvm,16384,7.316379e-06
tmpfs_runsc_kvm,16384,8.283398e-06
tmpfs_runsc_kvm,16384,8.123064e-06
tmpfs_runsc_kvm,16384,8.416957e-06
tmpfs_runsc_kvm,16384,8.390102e-06
tmpfs_runsc_kvm,16384,7.980733e-06
tmpfs_runsc_kvm,16384,8.310752e-06
tmpfs_runsc_kvm,16384,8.810791e-06
tmpfs_runsc_kvm,16384,6.980126e-06
tmpfs_runsc_kvm,16384,7.750904e-06
tmpfs_runsc_kvm,16384,8.066334e-06
tmpfs_runsc_kvm,16384,8.333119e-06
tmpfs_runsc_kvm,16384,7.923464e-06
tmpfs_runsc_kvm,16384,8.762205e-06
tmpfs_runsc_kvm,16384,7.760546e-06
tmpfs_runsc_kvm,16384,8.435414e-06
tmpfs_runsc_kvm,16384,7.851851e-06
tmpfs_runsc_kvm,16384,8.036965e-06
tmpfs_runsc_kvm,16384,8.458527e-06
tmpfs_runsc_kvm,16384,7.568094e-06
tmpfs_runsc_kvm,16384,7.880104e-06
tmpfs_runsc_kvm,16384,8.601563e-06
tmpfs_runsc_kvm,16384,8.311465e-06
tmpfs_runsc_kvm,16384,8.58198e-06
tmpfs_runsc_kvm,16384,8.19361e-06
tmpfs_runsc_kvm,16384,8.078214e-06
tmpfs_runsc_kvm,16384,7.846417e-06
tmpfs_runsc_kvm,1048576,0.00011090326
tmpfs_runsc_kvm,1048576,0.000113861599
tmpfs_runsc_kvm,1048576,0.00011407381
tmpfs_runsc_kvm,1048576,0.000108290602
tmpfs_runsc_kvm,1048576,0.000106654705
tmpfs_runsc_kvm,1048576,0.00011841426
tmpfs_runsc_kvm,1048576,0.000107618522
tmpfs_runsc_kvm,1048576,0.000113856142
tmpfs_runsc_kvm,1048576,0.000108660024
tmpfs_runsc_kvm,1048576,0.000129600259
tmpfs_runsc_kvm,1048576,0.000107747554
tmpfs_runsc_kvm,1048576,0.000108126012
tmpfs_runsc_kvm,1048576,0.000107003631
tmpfs_runsc_kvm,1048576,0.000120108612
tmpfs_runsc_kvm,1048576,0.000114392635
tmpfs_runsc_kvm,1048576,0.000123897596
tmpfs_runsc_kvm,1048576,0.000109135195
tmpfs_runsc_kvm,1048576,0.000106908388
tmpfs_runsc_kvm,1048576,0.000108989116
tmpfs_runsc_kvm,1048576,0.000109534732
tmpfs_runsc_kvm,1048576,0.000107670414
tmpfs_runsc_kvm,1048576,0.000112723996
tmpfs_runsc_kvm,1048576,0.000119713295
tmpfs_runsc_kvm,1048576,0.000108446591
tmpfs_runsc_kvm,1048576,0.000110738809
tmpfs_runsc_kvm,1048576,0.000108081644
tmpfs_runsc_kvm,1048576,0.000116920681
tmpfs_runsc_kvm,1048576,0.000111243011
tmpfs_runsc_kvm,1048576,0.000116406365
tmpfs_runsc_kvm,1048576,0.000116434225
tmpfs_runsc_kvm,1048576,0.000108449123
tmpfs_runsc_kvm,1048576,0.000124220853
tmpfs_runsc_kvm,1048576,0.000107599641
tmpfs_runsc_kvm,1048576,0.000120754215
tmpfs_runsc_kvm,1048576,0.000109854191
tmpfs_runsc_kvm,1048576,0.000110703011
tmpfs_runsc_kvm,1048576,0.000110421315
tmpfs_runsc_kvm,1048576,0.000111795714
tmpfs_runsc_kvm,1048576,0.000116570875
tmpfs_runsc_kvm,1048576,0.000117099669
tmpfs_runsc_kvm,1048576,0.000107106804
tmpfs_runsc_kvm,1048576,0.000111236484
tmpfs_runsc_kvm,1048576,0.000111019166
tmpfs_runsc_kvm,1048576,0.00010697345
tmpfs_runsc_kvm,1048576,0.000114447539
tmpfs_runsc_kvm,1048576,0.000115724848
tmpfs_runsc_kvm,1048576,0.000108541724
tmpfs_runsc_kvm,1048576,0.000131689725
tmpfs_runsc_kvm,1048576,0.000111514644
tmpfs_runsc_kvm,1048576,0.000116691132
tmpfs_runsc_kvm,1048576,0.000115737588
tmpfs_runsc_kvm,1048576,0.000113424932
tmpfs_runsc_kvm,1048576,0.000109697095
tmpfs_runsc_kvm,1048576,0.00010930546
tmpfs_runsc_kvm,1048576,0.000116867581
tmpfs_runsc_kvm,1048576,0.000109816159
tmpfs_runsc_kvm,1048576,0.000124500875
tmpfs_runsc_kvm,1048576,0.000114532566
tmpfs_runsc_kvm,1048576,0.00010808339
tmpfs_runsc_kvm,1048576,0.000116984833
tmpfs_runsc_kvm,1048576,0.000118464057
tmpfs_runsc_kvm,1048576,0.000115616844
tmpfs_runsc_kvm,1048576,0.000117167641
tmpfs_runsc_kvm,1048576,0.000111964597
tmpfs_runsc_kvm,1048576,0.000109096611
tmpfs_runsc_kvm,1048576,0.000109038447
tmpfs_runsc_kvm,1048576,0.000108600951
tmpfs_runsc_kvm,1048576,0.000115090988
tmpfs_runsc_kvm,1048576,0.000113960356
tmpfs_runsc_kvm,1048576,0.000126934858
tmpfs_runsc_kvm,1048576,0.000111398513
tmpfs_runsc_kvm,1048576,0.000114369461
tmpfs_runsc_kvm,1048576,0.000111839159
tmpfs_runsc_kvm,1048576,0.000113730981
tmpfs_runsc_kvm,1048576,0.000116706084
tmpfs_runsc_kvm,1048576,0.00011008211
tmpfs_runsc_kvm,1048576,0.000115845934
tmpfs_runsc_kvm,1048576,0.000110877649
tmpfs_runsc_kvm,1048576,0.000110114182
tmpfs_runsc_kvm,1048576,0.000111628637
tmpfs_runsc_kvm,1048576,0.000125689767
tmpfs_runsc_kvm,1048576,0.000107308675
tmpfs_runsc_kvm,1048576,0.000113747737
tmpfs_runsc_kvm,1048576,0.000113272523
tmpfs_runsc_kvm,1048576,0.000115712312
tmpfs_runsc_kvm,1048576,0.000108565691
tmpfs_runsc_kvm,1048576,0.000112586553
tmpfs_runsc_kvm,1048576,0.000115642077
tmpfs_runsc_kvm,1048576,0.000107737906
tmpfs_runsc_kvm,1048576,0.000111903326
tmpfs_runsc_kvm,1048576,0.000107872525
tmpfs_runsc_kvm,1048576,0.000114065027
tmpfs_runsc_kvm,1048576,0.000113489979
tmpfs_runsc_kvm,1048576,0.00010885072
tmpfs_runsc_kvm,1048576,0.000108820779
tmpfs_runsc_kvm,1048576,0.000118980599
tmpfs_runsc_kvm,1048576,0.000119882279
tmpfs_runsc_kvm,1048576,0.000109713728
tmpfs_runsc_kvm,1048576,0.000123670718
tmpfs_runsc_kvm,1048576,0.000107499422
tmpfs_runsc_ptrace,262144,6.28118e-05
tmpfs_runsc_ptrace,262144,6.0508526e-05
tmpfs_runsc_ptrace,262144,6.5474684e-05
tmpfs_runsc_ptrace,262144,6.1261642e-05
tmpfs_runsc_ptrace,262144,6.137805e-05
tmpfs_runsc_ptrace,262144,6.020517e-05
tmpfs_runsc_ptrace,262144,6.8734073e-05
tmpfs_runsc_ptrace,262144,7.2195253e-05
tmpfs_runsc_ptrace,262144,6.9726455e-05
tmpfs_runsc_ptrace,262144,6.5167871e-05
tmpfs_runsc_ptrace,262144,6.8834262e-05
tmpfs_runsc_ptrace,262144,6.4218708e-05
tmpfs_runsc_ptrace,262144,7.3530515e-05
tmpfs_runsc_ptrace,262144,6.0713886e-05
tmpfs_runsc_ptrace,262144,6.0229078e-05
tmpfs_runsc_ptrace,262144,6.3763422e-05
tmpfs_runsc_ptrace,262144,6.4618325e-05
tmpfs_runsc_ptrace,262144,6.608219e-05
tmpfs_runsc_ptrace,262144,6.9147689e-05
tmpfs_runsc_ptrace,262144,7.5755474e-05
tmpfs_runsc_ptrace,262144,6.6562985e-05
tmpfs_runsc_ptrace,262144,6.3897569e-05
tmpfs_runsc_ptrace,262144,7.0715651e-05
tmpfs_runsc_ptrace,262144,6.5728258e-05
tmpfs_runsc_ptrace,262144,6.294567e-05
tmpfs_runsc_ptrace,262144,6.0276452e-05
tmpfs_runsc_ptrace,262144,7.0470742e-05
tmpfs_runsc_ptrace,262144,7.0454153e-05
tmpfs_runsc_ptrace,262144,6.8204557e-05
tmpfs_runsc_ptrace,262144,6.986977e-05
tmpfs_runsc_ptrace,262144,7.5855758e-05
tmpfs_runsc_ptrace,262144,7.1351693e-05
tmpfs_runsc_ptrace,262144,6.7305496e-05
tmpfs_runsc_ptrace,262144,6.5897118e-05
tmpfs_runsc_ptrace,262144,7.0053051e-05
tmpfs_runsc_ptrace,262144,5.7493024e-05
tmpfs_runsc_ptrace,262144,5.9280013e-05
tmpfs_runsc_ptrace,262144,7.7111174e-05
tmpfs_runsc_ptrace,262144,6.0975446e-05
tmpfs_runsc_ptrace,262144,6.3584295e-05
tmpfs_runsc_ptrace,262144,7.2790324e-05
tmpfs_runsc_ptrace,262144,6.772772e-05
tmpfs_runsc_ptrace,262144,7.0532376e-05
tmpfs_runsc_ptrace,262144,6.7335219e-05
tmpfs_runsc_ptrace,262144,7.8784884e-05
tmpfs_runsc_ptrace,262144,6.5987842e-05
tmpfs_runsc_ptrace,262144,7.367137e-05
tmpfs_runsc_ptrace,262144,6.0269569e-05
tmpfs_runsc_ptrace,262144,6.7574008e-05
tmpfs_runsc_ptrace,262144,6.7987945e-05
tmpfs_runsc_ptrace,262144,5.9620084e-05
tmpfs_runsc_ptrace,262144,6.1830207e-05
tmpfs_runsc_ptrace,262144,6.7230409e-05
tmpfs_runsc_ptrace,262144,7.2620242e-05
tmpfs_runsc_ptrace,262144,6.8703157e-05
tmpfs_runsc_ptrace,262144,7.1304719e-05
tmpfs_runsc_ptrace,262144,6.5092165e-05
tmpfs_runsc_ptrace,262144,7.202111e-05
tmpfs_runsc_ptrace,262144,7.0440583e-05
tmpfs_runsc_ptrace,262144,6.2097584e-05
tmpfs_runsc_ptrace,262144,7.7703524e-05
tmpfs_runsc_ptrace,262144,6.1038016e-05
tmpfs_runsc_ptrace,262144,7.0976203e-05
tmpfs_runsc_ptrace,262144,6.0021139e-05
tmpfs_runsc_ptrace,262144,7.5249736e-05
tmpfs_runsc_ptrace,262144,7.3613555e-05
tmpfs_runsc_ptrace,262144,6.2932508e-05
tmpfs_runsc_ptrace,262144,5.9103699e-05
tmpfs_runsc_ptrace,262144,6.2278348e-05
tmpfs_runsc_ptrace,262144,7.4324082e-05
tmpfs_runsc_ptrace,262144,6.2262028e-05
tmpfs_runsc_ptrace,262144,7.1010843e-05
tmpfs_runsc_ptrace,262144,5.9335685e-05
tmpfs_runsc_ptrace,262144,7.8146026e-05
tmpfs_runsc_ptrace,262144,6.070219e-05
tmpfs_runsc_ptrace,262144,6.8046887e-05
tmpfs_runsc_ptrace,262144,7.1862596e-05
tmpfs_runsc_ptrace,262144,6.4041393e-05
tmpfs_runsc_ptrace,262144,6.0313654e-05
tmpfs_runsc_ptrace,262144,6.976445e-05
tmpfs_runsc_ptrace,262144,5.9969188e-05
tmpfs_runsc_ptrace,262144,6.6406108e-05
tmpfs_runsc_ptrace,262144,5.866538e-05
tmpfs_runsc_ptrace,262144,7.0363094e-05
tmpfs_runsc_ptrace,262144,6.7734072e-05
tmpfs_runsc_ptrace,262144,6.5960237e-05
tmpfs_runsc_ptrace,262144,6.8066751e-05
tmpfs_runsc_ptrace,262144,5.9640293e-05
tmpfs_runsc_ptrace,262144,6.083789e-05
tmpfs_runsc_ptrace,262144,6.8517038e-05
tmpfs_runsc_ptrace,262144,7.3527801e-05
tmpfs_runsc_ptrace,262144,6.5557535e-05
tmpfs_runsc_ptrace,262144,6.7570836e-05
tmpfs_runsc_ptrace,262144,6.4190601e-05
tmpfs_runsc_ptrace,262144,7.0105911e-05
tmpfs_runsc_ptrace,262144,6.2125684e-05
tmpfs_runsc_ptrace,262144,6.0763105e-05
tmpfs_runsc_ptrace,262144,7.1911352e-05
tmpfs_runsc_ptrace,262144,6.9707363e-05
tmpfs_runsc_ptrace,262144,6.5614891e-05
tmpfs_runsc_ptrace,65536,3.1027874e-05
tmpfs_runsc_ptrace,65536,2.887041e-05
tmpfs_runsc_ptrace,65536,3.2909269e-05
tmpfs_runsc_ptrace,65536,3.0875457e-05
tmpfs_runsc_ptrace,65536,3.1701289e-05
tmpfs_runsc_ptrace,65536,3.057042e-05
tmpfs_runsc_ptrace,65536,2.946022e-05
tmpfs_runsc_ptrace,65536,2.6540278e-05
tmpfs_runsc_ptrace,65536,2.7708018e-05
tmpfs_runsc_ptrace,65536,2.7151542e-05
tmpfs_runsc_ptrace,65536,3.3519544e-05
tmpfs_runsc_ptrace,65536,2.9042192e-05
tmpfs_runsc_ptrace,65536,3.4150136e-05
tmpfs_runsc_ptrace,65536,3.515531e-05
tmpfs_runsc_ptrace,65536,3.3094399e-05
tmpfs_runsc_ptrace,65536,3.0813342e-05
tmpfs_runsc_ptrace,65536,3.3046581e-05
tmpfs_runsc_ptrace,65536,3.0030047e-05
tmpfs_runsc_ptrace,65536,2.881352e-05
tmpfs_runsc_ptrace,65536,2.8853865e-05
tmpfs_runsc_ptrace,65536,2.795229e-05
tmpfs_runsc_ptrace,65536,3.3236724e-05
tmpfs_runsc_ptrace,65536,3.448443e-05
tmpfs_runsc_ptrace,65536,3.2323624e-05
tmpfs_runsc_ptrace,65536,2.8491013e-05
tmpfs_runsc_ptrace,65536,2.8631677e-05
tmpfs_runsc_ptrace,65536,2.8229002e-05
tmpfs_runsc_ptrace,65536,2.8240669e-05
tmpfs_runsc_ptrace,65536,2.9131479e-05
tmpfs_runsc_ptrace,65536,3.3447763e-05
tmpfs_runsc_ptrace,65536,3.1970943e-05
tmpfs_runsc_ptrace,65536,2.7030341e-05
tmpfs_runsc_ptrace,65536,3.5312067e-05
tmpfs_runsc_ptrace,65536,2.9838062e-05
tmpfs_runsc_ptrace,65536,2.5743875e-05
tmpfs_runsc_ptrace,65536,3.0770396e-05
tmpfs_runsc_ptrace,65536,2.9436605e-05
tmpfs_runsc_ptrace,65536,2.8135042e-05
tmpfs_runsc_ptrace,65536,3.6154386e-05
tmpfs_runsc_ptrace,65536,3.6499125e-05
tmpfs_runsc_ptrace,65536,2.6194413e-05
tmpfs_runsc_ptrace,65536,2.7319546e-05
tmpfs_runsc_ptrace,65536,3.046233e-05
tmpfs_runsc_ptrace,65536,3.1478281e-05
tmpfs_runsc_ptrace,65536,2.7174314e-05
tmpfs_runsc_ptrace,65536,2.6209795e-05
tmpfs_runsc_ptrace,65536,2.5870502e-05
tmpfs_runsc_ptrace,65536,2.8026194e-05
tmpfs_runsc_ptrace,65536,3.1148924e-05
tmpfs_runsc_ptrace,65536,3.3496894e-05
tmpfs_runsc_ptrace,65536,2.8165883e-05
tmpfs_runsc_ptrace,65536,2.8665547e-05
tmpfs_runsc_ptrace,65536,2.7923326e-05
tmpfs_runsc_ptrace,65536,2.7182812e-05
tmpfs_runsc_ptrace,65536,3.209948e-05
tmpfs_runsc_ptrace,65536,3.520312e-05
tmpfs_runsc_ptrace,65536,3.0183857e-05
tmpfs_runsc_ptrace,65536,2.9255609e-05
tmpfs_runsc_ptrace,65536,3.6553232e-05
tmpfs_runsc_ptrace,65536,2.5842697e-05
tmpfs_runsc_ptrace,65536,2.9967185e-05
tmpfs_runsc_ptrace,65536,2.9675197e-05
tmpfs_runsc_ptrace,65536,3.0755156e-05
tmpfs_runsc_ptrace,65536,2.9128141e-05
tmpfs_runsc_ptrace,65536,3.0717587e-05
tmpfs_runsc_ptrace,65536,3.1168391e-05
tmpfs_runsc_ptrace,65536,2.9358325e-05
tmpfs_runsc_ptrace,65536,2.784736e-05
tmpfs_runsc_ptrace,65536,2.8711791e-05
tmpfs_runsc_ptrace,65536,2.867793e-05
tmpfs_runsc_ptrace,65536,3.025124e-05
tmpfs_runsc_ptrace,65536,2.6303629e-05
tmpfs_runsc_ptrace,65536,2.7823529e-05
tmpfs_runsc_ptrace,65536,2.8838829e-05
tmpfs_runsc_ptrace,65536,3.4938803e-05
tmpfs_runsc_ptrace,65536,2.7276177e-05
tmpfs_runsc_ptrace,65536,2.9206099e-05
tmpfs_runsc_ptrace,65536,2.729012e-05
tmpfs_runsc_ptrace,65536,2.6568423e-05
tmpfs_runsc_ptrace,65536,2.9107101e-05
tmpfs_runsc_ptrace,65536,2.9259538e-05
tmpfs_runsc_ptrace,65536,3.0103738e-05
tmpfs_runsc_ptrace,65536,3.2212753e-05
tmpfs_runsc_ptrace,65536,3.068646e-05
tmpfs_runsc_ptrace,65536,2.8529063e-05
tmpfs_runsc_ptrace,65536,3.280029e-05
tmpfs_runsc_ptrace,65536,3.1505479e-05
tmpfs_runsc_ptrace,65536,3.3749548e-05
tmpfs_runsc_ptrace,65536,3.3193766e-05
tmpfs_runsc_ptrace,65536,2.8329096e-05
tmpfs_runsc_ptrace,65536,2.6627229e-05
tmpfs_runsc_ptrace,65536,2.6564632e-05
tmpfs_runsc_ptrace,65536,2.8497851e-05
tmpfs_runsc_ptrace,65536,2.6293339e-05
tmpfs_runsc_ptrace,65536,2.8600538e-05
tmpfs_runsc_ptrace,65536,2.7462773e-05
tmpfs_runsc_ptrace,65536,3.3000815e-05
tmpfs_runsc_ptrace,65536,2.7972646e-05
tmpfs_runsc_ptrace,65536,3.0091291e-05
tmpfs_runsc_ptrace,65536,2.9775927e-05
tmpfs_runsc_kvm,4096,7.417749e-06
tmpfs_runsc_kvm,4096,7.253193e-06
tmpfs_runsc_kvm,4096,7.690022e-06
tmpfs_runsc_kvm,4096,7.88321e-06
tmpfs_runsc_kvm,4096,7.754883e-06
tmpfs_runsc_kvm,4096,6.894275e-06
tmpfs_runsc_kvm,4096,7.470685e-06
tmpfs_runsc_kvm,4096,7.901316e-06
tmpfs_runsc_kvm,4096,7.555804e-06
tmpfs_runsc_kvm,4096,7.65629e-06
tmpfs_runsc_kvm,4096,7.566991e-06
tmpfs_runsc_kvm,4096,6.978094e-06
tmpfs_runsc_kvm,4096,6.919938e-06
tmpfs_runsc_kvm,4096,7.264544e-06
tmpfs_runsc_kvm,4096,6.87998e-06
tmpfs_runsc_kvm,4096,7.272196e-06
tmpfs_runsc_kvm,4096,7.605177e-06
tmpfs_runsc_kvm,4096,7.443389e-06
tmpfs_runsc_kvm,4096,7.576577e-06
tmpfs_runsc_kvm,4096,7.214809e-06
tmpfs_runsc_kvm,4096,7.384456e-06
tmpfs_runsc_kvm,4096,7.269493e-06
tmpfs_runsc_kvm,4096,7.614102e-06
tmpfs_runsc_kvm,4096,7.605233e-06
tmpfs_runsc_kvm,4096,7.779028e-06
tmpfs_runsc_kvm,4096,7.28025e-06
tmpfs_runsc_kvm,4096,7.923183e-06
tmpfs_runsc_kvm,4096,7.639781e-06
tmpfs_runsc_kvm,4096,7.187477e-06
tmpfs_runsc_kvm,4096,7.545689e-06
tmpfs_runsc_kvm,4096,7.59601e-06
tmpfs_runsc_kvm,4096,7.805566e-06
tmpfs_runsc_kvm,4096,6.680631e-06
tmpfs_runsc_kvm,4096,7.212154e-06
tmpfs_runsc_kvm,4096,6.857935e-06
tmpfs_runsc_kvm,4096,7.497335e-06
tmpfs_runsc_kvm,4096,7.58308e-06
tmpfs_runsc_kvm,4096,7.678716e-06
tmpfs_runsc_kvm,4096,6.824402e-06
tmpfs_runsc_kvm,4096,7.483942e-06
tmpfs_runsc_kvm,4096,7.613519e-06
tmpfs_runsc_kvm,4096,7.162565e-06
tmpfs_runsc_kvm,4096,7.465476e-06
tmpfs_runsc_kvm,4096,7.94048e-06
tmpfs_runsc_kvm,4096,7.740412e-06
tmpfs_runsc_kvm,4096,7.022166e-06
tmpfs_runsc_kvm,4096,7.313259e-06
tmpfs_runsc_kvm,4096,7.463255e-06
tmpfs_runsc_kvm,4096,6.937365e-06
tmpfs_runsc_kvm,4096,7.090336e-06
tmpfs_runsc_kvm,4096,6.876151e-06
tmpfs_runsc_kvm,4096,7.44861e-06
tmpfs_runsc_kvm,4096,7.181945e-06
tmpfs_runsc_kvm,4096,7.131993e-06
tmpfs_runsc_kvm,4096,7.502182e-06
tmpfs_runsc_kvm,4096,7.656836e-06
tmpfs_runsc_kvm,4096,6.933128e-06
tmpfs_runsc_kvm,4096,7.569973e-06
tmpfs_runsc_kvm,4096,7.559319e-06
tmpfs_runsc_kvm,4096,7.072961e-06
tmpfs_runsc_kvm,4096,7.421641e-06
tmpfs_runsc_kvm,4096,7.352314e-06
tmpfs_runsc_kvm,4096,6.82567e-06
tmpfs_runsc_kvm,4096,7.277967e-06
tmpfs_runsc_kvm,4096,7.948503e-06
tmpfs_runsc_kvm,4096,6.827659e-06
tmpfs_runsc_kvm,4096,7.637675e-06
tmpfs_runsc_kvm,4096,6.812628e-06
tmpfs_runsc_kvm,4096,7.639846e-06
tmpfs_runsc_kvm,4096,7.299418e-06
tmpfs_runsc_kvm,4096,7.07735e-06
tmpfs_runsc_kvm,4096,7.431825e-06
tmpfs_runsc_kvm,4096,7.37449e-06
tmpfs_runsc_kvm,4096,7.499393e-06
tmpfs_runsc_kvm,4096,7.620118e-06
tmpfs_runsc_kvm,4096,7.6059e-06
tmpfs_runsc_kvm,4096,7.541252e-06
tmpfs_runsc_kvm,4096,6.757264e-06
tmpfs_runsc_kvm,4096,7.638861e-06
tmpfs_runsc_kvm,4096,7.210367e-06
tmpfs_runsc_kvm,4096,7.071437e-06
tmpfs_runsc_kvm,4096,7.301055e-06
tmpfs_runsc_kvm,4096,7.133335e-06
tmpfs_runsc_kvm,4096,7.47511e-06
tmpfs_runsc_kvm,4096,7.443424e-06
tmpfs_runsc_kvm,4096,7.972752e-06
tmpfs_runsc_kvm,4096,7.061132e-06
tmpfs_runsc_kvm,4096,7.336525e-06
tmpfs_runsc_kvm,4096,7.105311e-06
tmpfs_runsc_kvm,4096,6.894893e-06
tmpfs_runsc_kvm,4096,7.672788e-06
tmpfs_runsc_kvm,4096,7.37543e-06
tmpfs_runsc_kvm,4096,7.054171e-06
tmpfs_runsc_kvm,4096,7.33675e-06
tmpfs_runsc_kvm,4096,7.148717e-06
tmpfs_runsc_kvm,4096,7.229098e-06
tmpfs_runsc_kvm,4096,6.812695e-06
tmpfs_runsc_kvm,4096,7.519503e-06
tmpfs_runsc_kvm,4096,7.403888e-06
tmpfs_runsc_kvm,4096,7.104259e-06
tmpfs_runsc_ptrace,4096,1.4323738e-05
tmpfs_runsc_ptrace,4096,1.3345189e-05
tmpfs_runsc_ptrace,4096,1.3545603e-05
tmpfs_runsc_ptrace,4096,1.3863126e-05
tmpfs_runsc_ptrace,4096,1.4616037e-05
tmpfs_runsc_ptrace,4096,1.3314547e-05
tmpfs_runsc_ptrace,4096,1.4223723e-05
tmpfs_runsc_ptrace,4096,1.3593089e-05
tmpfs_runsc_ptrace,4096,1.3843455e-05
tmpfs_runsc_ptrace,4096,1.3548175e-05
tmpfs_runsc_ptrace,4096,1.2742496e-05
tmpfs_runsc_ptrace,4096,1.4850966e-05
tmpfs_runsc_ptrace,4096,1.4585803e-05
tmpfs_runsc_ptrace,4096,1.3987958e-05
tmpfs_runsc_ptrace,4096,1.4877302e-05
tmpfs_runsc_ptrace,4096,1.2081716e-05
tmpfs_runsc_ptrace,4096,1.3111373e-05
tmpfs_runsc_ptrace,4096,1.4801469e-05
tmpfs_runsc_ptrace,4096,1.4465252e-05
tmpfs_runsc_ptrace,4096,1.2256402e-05
tmpfs_runsc_ptrace,4096,1.4417379e-05
tmpfs_runsc_ptrace,4096,1.24929e-05
tmpfs_runsc_ptrace,4096,1.2315722e-05
tmpfs_runsc_ptrace,4096,1.2702541e-05
tmpfs_runsc_ptrace,4096,1.3516557e-05
tmpfs_runsc_ptrace,4096,1.3708147e-05
tmpfs_runsc_ptrace,4096,1.4135509e-05
tmpfs_runsc_ptrace,4096,1.3179161e-05
tmpfs_runsc_ptrace,4096,1.3503697e-05
tmpfs_runsc_ptrace,4096,1.2913536e-05
tmpfs_runsc_ptrace,4096,1.2407687e-05
tmpfs_runsc_ptrace,4096,1.239398e-05
tmpfs_runsc_ptrace,4096,1.3256932e-05
tmpfs_runsc_ptrace,4096,1.3499381e-05
tmpfs_runsc_ptrace,4096,1.4703583e-05
tmpfs_runsc_ptrace,4096,1.340935e-05
tmpfs_runsc_ptrace,4096,1.3969615e-05
tmpfs_runsc_ptrace,4096,1.3754872e-05
tmpfs_runsc_ptrace,4096,1.3442619e-05
tmpfs_runsc_ptrace,4096,1.3656583e-05
tmpfs_runsc_ptrace,4096,1.2868219e-05
tmpfs_runsc_ptrace,4096,1.369795e-05
tmpfs_runsc_ptrace,4096,1.3153401e-05
tmpfs_runsc_ptrace,4096,1.2825464e-05
tmpfs_runsc_ptrace,4096,1.3035805e-05
tmpfs_runsc_ptrace,4096,1.2761037e-05
tmpfs_runsc_ptrace,4096,1.4389205e-05
tmpfs_runsc_ptrace,4096,1.4090735e-05
tmpfs_runsc_ptrace,4096,1.2372821e-05
tmpfs_runsc_ptrace,4096,1.2389519e-05
tmpfs_runsc_ptrace,4096,1.1971207e-05
tmpfs_runsc_ptrace,4096,1.2913179e-05
tmpfs_runsc_ptrace,4096,1.3652227e-05
tmpfs_runsc_ptrace,4096,1.3657408e-05
tmpfs_runsc_ptrace,4096,1.3560641e-05
tmpfs_runsc_ptrace,4096,1.3401464e-05
tmpfs_runsc_ptrace,4096,1.3748573e-05
tmpfs_runsc_ptrace,4096,1.2818167e-05
tmpfs_runsc_ptrace,4096,1.4244218e-05
tmpfs_runsc_ptrace,4096,1.3946861e-05
tmpfs_runsc_ptrace,4096,1.4264769e-05
tmpfs_runsc_ptrace,4096,1.4986881e-05
tmpfs_runsc_ptrace,4096,1.430048e-05
tmpfs_runsc_ptrace,4096,1.3166422e-05
tmpfs_runsc_ptrace,4096,1.347929e-05
tmpfs_runsc_ptrace,4096,1.3558227e-05
tmpfs_runsc_ptrace,4096,1.3517468e-05
tmpfs_runsc_ptrace,4096,1.3957641e-05
tmpfs_runsc_ptrace,4096,1.2653558e-05
tmpfs_runsc_ptrace,4096,1.3756108e-05
tmpfs_runsc_ptrace,4096,1.3544447e-05
tmpfs_runsc_ptrace,4096,1.351406e-05
tmpfs_runsc_ptrace,4096,1.2549663e-05
tmpfs_runsc_ptrace,4096,1.2270873e-05
tmpfs_runsc_ptrace,4096,1.3941328e-05
tmpfs_runsc_ptrace,4096,1.2515095e-05
tmpfs_runsc_ptrace,4096,1.3423541e-05
tmpfs_runsc_ptrace,4096,1.3732528e-05
tmpfs_runsc_ptrace,4096,1.3283207e-05
tmpfs_runsc_ptrace,4096,1.4197634e-05
tmpfs_runsc_ptrace,4096,1.4502587e-05
tmpfs_runsc_ptrace,4096,1.4278093e-05
tmpfs_runsc_ptrace,4096,1.3459003e-05
tmpfs_runsc_ptrace,4096,1.3455619e-05
tmpfs_runsc_ptrace,4096,1.3221613e-05
tmpfs_runsc_ptrace,4096,1.3943787e-05
tmpfs_runsc_ptrace,4096,1.2337765e-05
tmpfs_runsc_ptrace,4096,1.3797926e-05
tmpfs_runsc_ptrace,4096,1.4003819e-05
tmpfs_runsc_ptrace,4096,1.1930838e-05
tmpfs_runsc_ptrace,4096,1.4393196e-05
tmpfs_runsc_ptrace,4096,1.3609817e-05
tmpfs_runsc_ptrace,4096,1.2823116e-05
tmpfs_runsc_ptrace,4096,1.3842435e-05
tmpfs_runsc_ptrace,4096,1.3503828e-05
tmpfs_runsc_ptrace,4096,1.3997465e-05
tmpfs_runsc_ptrace,4096,1.4698147e-05
tmpfs_runsc_ptrace,4096,1.4754893e-05
tmpfs_runsc_ptrace,4096,1.3293727e-05
tmpfs_runsc_ptrace,4096,1.2991307e-05
tmpfs_bare,4096,1.090365e-06
tmpfs_bare,4096,1.074804e-06
tmpfs_bare,4096,1.042628e-06
tmpfs_bare,4096,1.041653e-06
tmpfs_bare,4096,1.051684e-06
tmpfs_bare,4096,1.046674e-06
tmpfs_bare,4096,1.041093e-06
tmpfs_bare,4096,1.044995e-06
tmpfs_bare,4096,1.050177e-06
tmpfs_bare,4096,1.050859e-06
tmpfs_bare,4096,1.041146e-06
tmpfs_bare,4096,1.055996e-06
tmpfs_bare,4096,1.06282e-06
tmpfs_bare,4096,1.037345e-06
tmpfs_bare,4096,1.049693e-06
tmpfs_bare,4096,1.054224e-06
tmpfs_bare,4096,1.043296e-06
tmpfs_bare,4096,1.046305e-06
tmpfs_bare,4096,1.055266e-06
tmpfs_bare,4096,1.044279e-06
tmpfs_bare,4096,1.045672e-06
tmpfs_bare,4096,1.044619e-06
tmpfs_bare,4096,1.051112e-06
tmpfs_bare,4096,1.05704e-06
tmpfs_bare,4096,1.051432e-06
tmpfs_bare,4096,1.050015e-06
tmpfs_bare,4096,1.051834e-06
tmpfs_bare,4096,1.008039e-06
tmpfs_bare,4096,1.071701e-06
tmpfs_bare,4096,1.04939e-06
tmpfs_bare,4096,1.055533e-06
tmpfs_bare,4096,1.036122e-06
tmpfs_bare,4096,1.048982e-06
tmpfs_bare,4096,1.053965e-06
tmpfs_bare,4096,1.051078e-06
tmpfs_bare,4096,1.019325e-06
tmpfs_bare,4096,1.06765e-06
tmpfs_bare,4096,1.064538e-06
tmpfs_bare,4096,1.052922e-06
tmpfs_bare,4096,1.034608e-06
tmpfs_bare,4096,1.034144e-06
tmpfs_bare,4096,1.049195e-06
tmpfs_bare,4096,1.04976e-06
tmpfs_bare,4096,1.005854e-06
tmpfs_bare,4096,1.043973e-06
tmpfs_bare,4096,1.058172e-06
tmpfs_bare,4096,1.004751e-06
tmpfs_bare,4096,1.060531e-06
tmpfs_bare,4096,1.052454e-06
tmpfs_bare,4096,1.050981e-06
tmpfs_bare,4096,1.05139e-06
tmpfs_bare,4096,1.047497e-06
tmpfs_bare,4096,1.054501e-06
tmpfs_bare,4096,1.042126e-06
tmpfs_bare,4096,1.049062e-06
tmpfs_bare,4096,1.042727e-06
tmpfs_bare,4096,1.033649e-06
tmpfs_bare,4096,1.052043e-06
tmpfs_bare,4096,1.047925e-06
tmpfs_bare,4096,1.052091e-06
tmpfs_bare,4096,1.046156e-06
tmpfs_bare,4096,1.064813e-06
tmpfs_bare,4096,1.045448e-06
tmpfs_bare,4096,1.051878e-06
tmpfs_bare,4096,1.049595e-06
tmpfs_bare,4096,1.056343e-06
tmpfs_bare,4096,1.025139e-06
tmpfs_bare,4096,1.047227e-06
tmpfs_bare,4096,1.038851e-06
tmpfs_bare,4096,1.056222e-06
tmpfs_bare,4096,1.052169e-06
tmpfs_bare,4096,1.040998e-06
tmpfs_bare,4096,1.048371e-06
tmpfs_bare,4096,1.039424e-06
tmpfs_bare,4096,1.04138e-06
tmpfs_bare,4096,1.05373e-06
tmpfs_bare,4096,1.042588e-06
tmpfs_bare,4096,1.050471e-06
tmpfs_bare,4096,1.050007e-06
tmpfs_bare,4096,1.051706e-06
tmpfs_bare,4096,1.021397e-06
tmpfs_bare,4096,1.046417e-06
tmpfs_bare,4096,1.069645e-06
tmpfs_bare,4096,1.04773e-06
tmpfs_bare,4096,1.055942e-06
tmpfs_bare,4096,1.050638e-06
tmpfs_bare,4096,1.05207e-06
tmpfs_bare,4096,1.054583e-06
tmpfs_bare,4096,1.054121e-06
tmpfs_bare,4096,1.052277e-06
tmpfs_bare,4096,1.040961e-06
tmpfs_bare,4096,1.088565e-06
tmpfs_bare,4096,1.044859e-06
tmpfs_bare,4096,1.064955e-06
tmpfs_bare,4096,1.057979e-06
tmpfs_bare,4096,1.072123e-06
tmpfs_bare,4096,1.041125e-06
tmpfs_bare,4096,1.050472e-06
tmpfs_bare,4096,1.046261e-06
tmpfs_bare,4096,1.046891e-06
tmpfs_runc,262144,6.483437e-05
tmpfs_runc,262144,6.4369866e-05
tmpfs_runc,262144,6.3820422e-05
tmpfs_runc,262144,6.4731357e-05
tmpfs_runc,262144,6.6007218e-05
tmpfs_runc,262144,6.4792541e-05
tmpfs_runc,262144,6.539499e-05
tmpfs_runc,262144,6.5268781e-05
tmpfs_runc,262144,6.4448526e-05
tmpfs_runc,262144,6.5147869e-05
tmpfs_runc,262144,6.5044893e-05
tmpfs_runc,262144,6.3294261e-05
tmpfs_runc,262144,6.4589658e-05
tmpfs_runc,262144,6.3582447e-05
tmpfs_runc,262144,6.4511078e-05
tmpfs_runc,262144,6.5011729e-05
tmpfs_runc,262144,6.4118758e-05
tmpfs_runc,262144,6.4328917e-05
tmpfs_runc,262144,6.4204658e-05
tmpfs_runc,262144,6.4303029e-05
tmpfs_runc,262144,6.456297e-05
tmpfs_runc,262144,6.4321917e-05
tmpfs_runc,262144,6.4313186e-05
tmpfs_runc,262144,6.4462125e-05
tmpfs_runc,262144,6.4414904e-05
tmpfs_runc,262144,6.4761567e-05
tmpfs_runc,262144,6.4154978e-05
tmpfs_runc,262144,6.4491767e-05
tmpfs_runc,262144,6.5919572e-05
tmpfs_runc,262144,6.4605025e-05
tmpfs_runc,262144,6.5267574e-05
tmpfs_runc,262144,6.530805e-05
tmpfs_runc,262144,6.4206855e-05
tmpfs_runc,262144,6.4858075e-05
tmpfs_runc,262144,6.4589898e-05
tmpfs_runc,262144,6.4962493e-05
tmpfs_runc,262144,6.435984e-05
tmpfs_runc,262144,6.4190113e-05
tmpfs_runc,262144,6.5442488e-05
tmpfs_runc,262144,6.3755841e-05
tmpfs_runc,262144,6.4711043e-05
tmpfs_runc,262144,6.5686669e-05
tmpfs_runc,262144,6.5172717e-05
tmpfs_runc,262144,6.6007531e-05
tmpfs_runc,262144,6.494578e-05
tmpfs_runc,262144,6.3895313e-05
tmpfs_runc,262144,6.4187654e-05
tmpfs_runc,262144,6.4607761e-05
tmpfs_runc,262144,6.5738182e-05
tmpfs_runc,262144,6.4468113e-05
tmpfs_runc,262144,6.2904292e-05
tmpfs_runc,262144,6.4388616e-05
tmpfs_runc,262144,6.4461943e-05
tmpfs_runc,262144,6.4894193e-05
tmpfs_runc,262144,6.3514613e-05
tmpfs_runc,262144,6.432525e-05
tmpfs_runc,262144,6.512781e-05
tmpfs_runc,262144,6.4682245e-05
tmpfs_runc,262144,6.4398191e-05
tmpfs_runc,262144,6.439523e-05
tmpfs_runc,262144,6.4758337e-05
tmpfs_runc,262144,6.5394197e-05
tmpfs_runc,262144,6.461591e-05
tmpfs_runc,262144,6.4907334e-05
tmpfs_runc,262144,6.5281434e-05
tmpfs_runc,262144,6.5046632e-05
tmpfs_runc,262144,6.299001e-05
tmpfs_runc,262144,6.463247e-05
tmpfs_runc,262144,6.4679465e-05
tmpfs_runc,262144,6.4373671e-05
tmpfs_runc,262144,6.4491564e-05
tmpfs_runc,262144,6.4785498e-05
tmpfs_runc,262144,6.5370608e-05
tmpfs_runc,262144,6.5438035e-05
tmpfs_runc,262144,6.4921063e-05
tmpfs_runc,262144,6.5813234e-05
tmpfs_runc,262144,6.4261374e-05
tmpfs_runc,262144,6.4420165e-05
tmpfs_runc,262144,6.4419291e-05
tmpfs_runc,262144,6.4713146e-05
tmpfs_runc,262144,6.5887543e-05
tmpfs_runc,262144,6.4346139e-05
tmpfs_runc,262144,6.5299158e-05
tmpfs_runc,262144,6.4798915e-05
tmpfs_runc,262144,6.4583663e-05
tmpfs_runc,262144,6.3446641e-05
tmpfs_runc,262144,6.4959298e-05
tmpfs_runc,262144,6.4259861e-05
tmpfs_runc,262144,6.4540327e-05
tmpfs_runc,262144,6.4439169e-05
tmpfs_runc,262144,6.5398199e-05
tmpfs_runc,262144,6.5490451e-05
tmpfs_runc,262144,6.4076557e-05
tmpfs_runc,262144,6.4608023e-05
tmpfs_runc,262144,6.447667e-05
tmpfs_runc,262144,6.4938031e-05
tmpfs_runc,262144,6.571578e-05
tmpfs_runc,262144,6.4314467e-05
tmpfs_runc,262144,6.4448956e-05
tmpfs_runc,262144,6.517092e-05
tmpfs_bare,16384,4.424334e-06
tmpfs_bare,16384,4.486466e-06
tmpfs_bare,16384,4.502805e-06
tmpfs_bare,16384,4.453946e-06
tmpfs_bare,16384,4.461585e-06
tmpfs_bare,16384,4.478999e-06
tmpfs_bare,16384,4.564364e-06
tmpfs_bare,16384,4.447656e-06
tmpfs_bare,16384,4.45084e-06
tmpfs_bare,16384,4.468094e-06
tmpfs_bare,16384,5.248115e-06
tmpfs_bare,16384,4.451886e-06
tmpfs_bare,16384,4.450143e-06
tmpfs_bare,16384,4.47101e-06
tmpfs_bare,16384,4.524417e-06
tmpfs_bare,16384,4.517793e-06
tmpfs_bare,16384,4.466616e-06
tmpfs_bare,16384,4.477515e-06
tmpfs_bare,16384,4.469533e-06
tmpfs_bare,16384,4.454071e-06
tmpfs_bare,16384,4.450334e-06
tmpfs_bare,16384,4.465331e-06
tmpfs_bare,16384,4.464962e-06
tmpfs_bare,16384,4.455167e-06
tmpfs_bare,16384,4.456915e-06
tmpfs_bare,16384,4.449525e-06
tmpfs_bare,16384,4.436094e-06
tmpfs_bare,16384,4.491376e-06
tmpfs_bare,16384,4.460057e-06
tmpfs_bare,16384,4.469092e-06
tmpfs_bare,16384,4.432573e-06
tmpfs_bare,16384,4.492195e-06
tmpfs_bare,16384,4.506506e-06
tmpfs_bare,16384,4.461025e-06
tmpfs_bare,16384,4.487863e-06
tmpfs_bare,16384,4.472706e-06
tmpfs_bare,16384,4.430695e-06
tmpfs_bare,16384,4.504806e-06
tmpfs_bare,16384,4.451886e-06
tmpfs_bare,16384,4.429487e-06
tmpfs_bare,16384,4.507428e-06
tmpfs_bare,16384,4.463815e-06
tmpfs_bare,16384,4.447174e-06
tmpfs_bare,16384,4.469553e-06
tmpfs_bare,16384,4.463929e-06
tmpfs_bare,16384,4.472985e-06
tmpfs_bare,16384,4.445192e-06
tmpfs_bare,16384,4.458827e-06
tmpfs_bare,16384,4.464906e-06
tmpfs_bare,16384,4.464632e-06
tmpfs_bare,16384,4.419202e-06
tmpfs_bare,16384,4.494593e-06
tmpfs_bare,16384,4.454895e-06
tmpfs_bare,16384,4.463232e-06
tmpfs_bare,16384,4.460537e-06
tmpfs_bare,16384,4.468165e-06
tmpfs_bare,16384,4.482013e-06
tmpfs_bare,16384,4.473191e-06
tmpfs_bare,16384,4.461646e-06
tmpfs_bare,16384,4.511603e-06
tmpfs_bare,16384,4.450727e-06
tmpfs_bare,16384,4.45926e-06
tmpfs_bare,16384,4.490182e-06
tmpfs_bare,16384,4.453505e-06
tmpfs_bare,16384,4.465218e-06
tmpfs_bare,16384,4.465318e-06
tmpfs_bare,16384,4.462045e-06
tmpfs_bare,16384,4.432753e-06
tmpfs_bare,16384,4.411363e-06
tmpfs_bare,16384,4.452374e-06
tmpfs_bare,16384,4.506421e-06
tmpfs_bare,16384,4.463293e-06
tmpfs_bare,16384,4.430157e-06
tmpfs_bare,16384,4.500168e-06
tmpfs_bare,16384,4.457489e-06
tmpfs_bare,16384,4.426483e-06
tmpfs_bare,16384,4.508571e-06
tmpfs_bare,16384,4.462968e-06
tmpfs_bare,16384,4.472316e-06
tmpfs_bare,16384,4.400425e-06
tmpfs_bare,16384,4.462862e-06
tmpfs_bare,16384,4.457713e-06
tmpfs_bare,16384,4.515009e-06
tmpfs_bare,16384,4.484553e-06
tmpfs_bare,16384,4.512131e-06
tmpfs_bare,16384,4.473176e-06
tmpfs_bare,16384,4.502201e-06
tmpfs_bare,16384,4.478592e-06
tmpfs_bare,16384,4.446461e-06
tmpfs_bare,16384,4.467341e-06
tmpfs_bare,16384,4.46122e-06
tmpfs_bare,16384,4.457753e-06
tmpfs_bare,16384,4.477784e-06
tmpfs_bare,16384,4.469047e-06
tmpfs_bare,16384,4.467769e-06
tmpfs_bare,16384,4.456758e-06
tmpfs_bare,16384,4.435261e-06
tmpfs_bare,16384,4.471327e-06
tmpfs_bare,16384,4.442962e-06
tmpfs_bare,16384,4.440005e-06
