mod_ptrace,16384,1.3051093e-05
mod_ptrace,16384,1.4483043e-05
mod_ptrace,16384,1.4270113e-05
mod_ptrace,16384,1.3183846e-05
mod_ptrace,16384,1.2956233e-05
mod_ptrace,16384,1.3425539e-05
mod_ptrace,16384,1.305565e-05
mod_ptrace,16384,1.3246738e-05
mod_ptrace,16384,1.3692841e-05
mod_ptrace,16384,1.2851119e-05
mod_ptrace,16384,1.3087613e-05
mod_ptrace,16384,1.4000627e-05
mod_ptrace,16384,1.2791579e-05
mod_ptrace,16384,1.311117e-05
mod_ptrace,16384,1.278023e-05
mod_ptrace,16384,1.3321787e-05
mod_ptrace,16384,1.2936774e-05
mod_ptrace,16384,1.2906188e-05
mod_ptrace,16384,1.3213767e-05
mod_ptrace,16384,1.3499954e-05
mod_ptrace,16384,1.5555315e-05
mod_ptrace,16384,1.4820643e-05
mod_ptrace,16384,1.3192592e-05
mod_ptrace,16384,1.3067567e-05
mod_ptrace,16384,1.4807561e-05
mod_ptrace,16384,1.3129512e-05
mod_ptrace,16384,1.3700283e-05
mod_ptrace,16384,1.3585372e-05
mod_ptrace,16384,1.3178981e-05
mod_ptrace,16384,1.3336688e-05
mod_ptrace,16384,1.4850222e-05
mod_ptrace,16384,1.3123768e-05
mod_ptrace,16384,1.3573232e-05
mod_ptrace,16384,1.4048142e-05
mod_ptrace,16384,1.4487918e-05
mod_ptrace,16384,1.2728057e-05
mod_ptrace,16384,1.3168083e-05
mod_ptrace,16384,1.3456371e-05
mod_ptrace,16384,1.4934511e-05
mod_ptrace,16384,1.2738487e-05
mod_ptrace,16384,1.3113619e-05
mod_ptrace,16384,1.3912713e-05
mod_ptrace,16384,1.3312158e-05
mod_ptrace,16384,1.3044751e-05
mod_ptrace,16384,1.3294387e-05
mod_ptrace,16384,1.2800989e-05
mod_ptrace,16384,1.2954047e-05
mod_ptrace,16384,1.3050403e-05
mod_ptrace,16384,1.3359587e-05
mod_ptrace,16384,1.3732941e-05
mod_ptrace,16384,1.3280859e-05
mod_ptrace,16384,1.3021807e-05
mod_ptrace,16384,1.3704439e-05
mod_ptrace,16384,1.3148203e-05
mod_ptrace,16384,1.3347356e-05
mod_ptrace,16384,1.3758496e-05
mod_ptrace,16384,1.4234255e-05
mod_ptrace,16384,1.3254621e-05
mod_ptrace,16384,1.3338971e-05
mod_ptrace,16384,1.3207287e-05
mod_ptrace,16384,1.3375769e-05
mod_ptrace,16384,1.3533616e-05
mod_ptrace,16384,1.3027047e-05
mod_ptrace,16384,1.3569889e-05
mod_ptrace,16384,1.3002744e-05
mod_ptrace,16384,1.352603e-05
mod_ptrace,16384,1.2822753e-05
mod_ptrace,16384,1.3127366e-05
mod_ptrace,16384,1.3461093e-05
mod_ptrace,16384,1.4802496e-05
mod_ptrace,16384,1.4189461e-05
mod_ptrace,16384,1.3698973e-05
mod_ptrace,16384,1.2862058e-05
mod_ptrace,16384,1.3944417e-05
mod_ptrace,16384,1.3387834e-05
mod_ptrace,16384,1.3121824e-05
mod_ptrace,16384,1.3382059e-05
mod_ptrace,16384,1.3781341e-05
mod_ptrace,16384,1.315526e-05
mod_ptrace,16384,1.3090121e-05
mod_ptrace,16384,1.3045596e-05
mod_ptrace,16384,1.3852958e-05
mod_ptrace,16384,1.3314333e-05
mod_ptrace,16384,1.3267846e-05
mod_ptrace,16384,1.296411e-05
mod_ptrace,16384,1.439084e-05
mod_ptrace,16384,1.2928294e-05
mod_ptrace,16384,1.3006766e-05
mod_ptrace,16384,1.3817054e-05
mod_ptrace,16384,1.5540843e-05
mod_ptrace,16384,1.2774046e-05
mod_ptrace,16384,1.3110963e-05
mod_ptrace,16384,1.3838751e-05
mod_ptrace,16384,1.3658845e-05
mod_ptrace,16384,1.3319263e-05
mod_ptrace,16384,1.387364e-05
mod_ptrace,16384,1.286851e-05
mod_ptrace,16384,1.3807081e-05
mod_ptrace,16384,1.4621452e-05
mod_ptrace,16384,1.3485239e-05
mod_ptrace,4096,1.1597046e-05
mod_ptrace,4096,1.1349533e-05
mod_ptrace,4096,1.1600458e-05
mod_ptrace,4096,1.1390208e-05
mod_ptrace,4096,1.1571097e-05
mod_ptrace,4096,1.1507532e-05
mod_ptrace,4096,1.1633114e-05
mod_ptrace,4096,1.1767638e-05
mod_ptrace,4096,1.1583531e-05
mod_ptrace,4096,1.1325247e-05
mod_ptrace,4096,1.1512186e-05
mod_ptrace,4096,1.1373929e-05
mod_ptrace,4096,1.2693426e-05
mod_ptrace,4096,1.1413578e-05
mod_ptrace,4096,1.1482285e-05
mod_ptrace,4096,1.1489156e-05
mod_ptrace,4096,1.1480444e-05
mod_ptrace,4096,1.1442974e-05
mod_ptrace,4096,1.130477e-05
mod_ptrace,4096,1.149321e-05
mod_ptrace,4096,1.2082501e-05
mod_ptrace,4096,1.1559411e-05
mod_ptrace,4096,1.1440525e-05
mod_ptrace,4096,1.1314974e-05
mod_ptrace,4096,1.285239e-05
mod_ptrace,4096,1.1743837e-05
mod_ptrace,4096,1.2845065e-05
mod_ptrace,4096,1.1291082e-05
mod_ptrace,4096,1.2724754e-05
mod_ptrace,4096,1.148197e-05
mod_ptrace,4096,1.1525422e-05
mod_ptrace,4096,1.170079e-05
mod_ptrace,4096,1.1356473e-05
mod_ptrace,4096,1.1333659e-05
mod_ptrace,4096,1.1432178e-05
mod_ptrace,4096,1.1469993e-05
mod_ptrace,4096,1.1410413e-05
mod_ptrace,4096,1.1387564e-05
mod_ptrace,4096,1.1533631e-05
mod_ptrace,4096,1.1518368e-05
mod_ptrace,4096,1.1330364e-05
mod_ptrace,4096,1.1486252e-05
mod_ptrace,4096,1.2559435e-05
mod_ptrace,4096,1.2535344e-05
mod_ptrace,4096,1.1269735e-05
mod_ptrace,4096,1.1373611e-05
mod_ptrace,4096,1.1570609e-05
mod_ptrace,4096,1.2653168e-05
mod_ptrace,4096,1.1464983e-05
mod_ptrace,4096,1.1453162e-05
mod_ptrace,4096,1.1372191e-05
mod_ptrace,4096,1.1809139e-05
mod_ptrace,4096,1.152462e-05
mod_ptrace,4096,1.1862356e-05
mod_ptrace,4096,1.1516937e-05
mod_ptrace,4096,1.1455746e-05
mod_ptrace,4096,1.1483113e-05
mod_ptrace,4096,1.1384813e-05
mod_ptrace,4096,1.1290235e-05
mod_ptrace,4096,1.1507404e-05
mod_ptrace,4096,1.150306e-05
mod_ptrace,4096,1.1547701e-05
mod_ptrace,4096,1.1586661e-05
mod_ptrace,4096,1.1637499e-05
mod_ptrace,4096,1.1557157e-05
mod_ptrace,4096,1.1508992e-05
mod_ptrace,4096,1.1357446e-05
mod_ptrace,4096,1.2737229e-05
mod_ptrace,4096,1.1527632e-05
mod_ptrace,4096,1.158442e-05
mod_ptrace,4096,1.1423349e-05
mod_ptrace,4096,1.1444599e-05
mod_ptrace,4096,1.1639607e-05
mod_ptrace,4096,1.2642723e-05
mod_ptrace,4096,1.1498022e-05
mod_ptrace,4096,1.1566521e-05
mod_ptrace,4096,1.1673453e-05
mod_ptrace,4096,1.2853787e-05
mod_ptrace,4096,1.128062e-05
mod_ptrace,4096,1.1423072e-05
mod_ptrace,4096,1.1403167e-05
mod_ptrace,4096,1.1513725e-05
mod_ptrace,4096,1.1402703e-05
mod_ptrace,4096,1.1413595e-05
mod_ptrace,4096,1.1314636e-05
mod_ptrace,4096,1.136935e-05
mod_ptrace,4096,1.2799776e-05
mod_ptrace,4096,1.1325487e-05
mod_ptrace,4096,1.202371e-05
mod_ptrace,4096,1.162899e-05
mod_ptrace,4096,1.1433775e-05
mod_ptrace,4096,1.2716203e-05
mod_ptrace,4096,1.153874e-05
mod_ptrace,4096,1.1331327e-05
mod_ptrace,4096,1.2738416e-05
mod_ptrace,4096,1.2692245e-05
mod_ptrace,4096,1.1462384e-05
mod_ptrace,4096,1.1458666e-05
mod_ptrace,4096,1.1677786e-05
mod_ptrace,4096,1.1410876e-05
mod_ptrace,262144,4.4266366e-05
mod_ptrace,262144,4.516045e-05
mod_ptrace,262144,4.4703855e-05
mod_ptrace,262144,4.6302663e-05
mod_ptrace,262144,4.3506076e-05
mod_ptrace,262144,4.4048818e-05
mod_ptrace,262144,4.7468511e-05
mod_ptrace,262144,4.3920394e-05
mod_ptrace,262144,4.4043976e-05
mod_ptrace,262144,4.6900954e-05
mod_ptrace,262144,4.6115321e-05
mod_ptrace,262144,4.3540444e-05
mod_ptrace,262144,4.8551483e-05
mod_ptrace,262144,4.3642925e-05
mod_ptrace,262144,4.3965407e-05
mod_ptrace,262144,4.8508882e-05
mod_ptrace,262144,4.5234665e-05
mod_ptrace,262144,4.5264725e-05
mod_ptrace,262144,4.3140288e-05
mod_ptrace,262144,4.6160447e-05
mod_ptrace,262144,4.3511995e-05
mod_ptrace,262144,4.5544344e-05
mod_ptrace,262144,4.5346569e-05
mod_ptrace,262144,4.8934005e-05
mod_ptrace,262144,4.4587508e-05
mod_ptrace,262144,4.6595145e-05
mod_ptrace,262144,4.3011631e-05
mod_ptrace,262144,4.6305777e-05
mod_ptrace,262144,4.6800909e-05
mod_ptrace,262144,4.4057735e-05
mod_ptrace,262144,4.52329e-05
mod_ptrace,262144,4.4072181e-05
mod_ptrace,262144,4.4982033e-05
mod_ptrace,262144,4.3710166e-05
mod_ptrace,262144,4.5709814e-05
mod_ptrace,262144,4.4761309e-05
mod_ptrace,262144,4.6039913e-05
mod_ptrace,262144,4.2631469e-05
mod_ptrace,262144,4.4784032e-05
mod_ptrace,262144,4.3005046e-05
mod_ptrace,262144,5.0076604e-05
mod_ptrace,262144,4.5334302e-05
mod_ptrace,262144,4.8274025e-05
mod_ptrace,262144,4.6962439e-05
mod_ptrace,262144,4.7905509e-05
mod_ptrace,262144,4.3530512e-05
mod_ptrace,262144,4.7191963e-05
mod_ptrace,262144,4.3673001e-05
mod_ptrace,262144,4.3326836e-05
mod_ptrace,262144,5.1839939e-05
mod_ptrace,262144,4.5007087e-05
mod_ptrace,262144,4.3925382e-05
mod_ptrace,262144,4.5207085e-05
mod_ptrace,262144,4.6444045e-05
mod_ptrace,262144,4.3893913e-05
mod_ptrace,262144,4.2649011e-05
mod_ptrace,262144,4.6135854e-05
mod_ptrace,262144,4.6017874e-05
mod_ptrace,262144,4.4032698e-05
mod_ptrace,262144,4.3439959e-05
mod_ptrace,262144,4.4201137e-05
mod_ptrace,262144,4.6549598e-05
mod_ptrace,262144,4.2891108e-05
mod_ptrace,262144,4.5428435e-05
mod_ptrace,262144,4.8035967e-05
mod_ptrace,262144,4.4890305e-05
mod_ptrace,262144,4.6655456e-05
mod_ptrace,262144,4.4548666e-05
mod_ptrace,262144,4.7043115e-05
mod_ptrace,262144,4.2842807e-05
mod_ptrace,262144,4.8333382e-05
mod_ptrace,262144,4.6800717e-05
mod_ptrace,262144,5.1186889e-05
mod_ptrace,262144,4.3403641e-05
mod_ptrace,262144,4.2836367e-05
mod_ptrace,262144,4.5071913e-05
mod_ptrace,262144,4.22005e-05
mod_ptrace,262144,4.3956403e-05
mod_ptrace,262144,4.3001117e-05
mod_ptrace,262144,4.6780995e-05
mod_ptrace,262144,4.3515869e-05
mod_ptrace,262144,4.8447313e-05
mod_ptrace,262144,4.6570025e-05
mod_ptrace,262144,4.6463894e-05
mod_ptrace,262144,4.4564313e-05
mod_ptrace,262144,4.5785662e-05
mod_ptrace,262144,4.3564029e-05
mod_ptrace,262144,5.0698458e-05
mod_ptrace,262144,4.548124e-05
mod_ptrace,262144,4.6604619e-05
mod_ptrace,262144,4.6262063e-05
mod_ptrace,262144,4.7145175e-05
mod_ptrace,262144,4.3510834e-05
mod_ptrace,262144,4.2234613e-05
mod_ptrace,262144,4.5768913e-05
mod_ptrace,262144,4.377263e-05
mod_ptrace,262144,4.4616612e-05
mod_ptrace,262144,4.6628018e-05
mod_ptrace,262144,4.4811746e-05
mod_ptrace,262144,4.5623074e-05
mod_ptrace,1048576,0.000192180465
mod_ptrace,1048576,0.000199764676
mod_ptrace,1048576,0.000169110921
mod_ptrace,1048576,0.000173522261
mod_ptrace,1048576,0.000157872244
mod_ptrace,1048576,0.00016718969
mod_ptrace,1048576,0.000161466363
mod_ptrace,1048576,0.000171134772
mod_ptrace,1048576,0.000172113767
mod_ptrace,1048576,0.000172634711
mod_ptrace,1048576,0.000152130073
mod_ptrace,1048576,0.000154944719
mod_ptrace,1048576,0.000195074157
mod_ptrace,1048576,0.000164030032
mod_ptrace,1048576,0.000172481552
mod_ptrace,1048576,0.000181453783
mod_ptrace,1048576,0.000172000757
mod_ptrace,1048576,0.000163594741
mod_ptrace,1048576,0.000176365895
mod_ptrace,1048576,0.000168352417
mod_ptrace,1048576,0.000184983146
mod_ptrace,1048576,0.000166839411
mod_ptrace,1048576,0.000193661457
mod_ptrace,1048576,0.000167405698
mod_ptrace,1048576,0.000176185727
mod_ptrace,1048576,0.000168043291
mod_ptrace,1048576,0.000182577642
mod_ptrace,1048576,0.00019447603
mod_ptrace,1048576,0.000173140026
mod_ptrace,1048576,0.000177189213
mod_ptrace,1048576,0.000170181316
mod_ptrace,1048576,0.000178343675
mod_ptrace,1048576,0.000175120455
mod_ptrace,1048576,0.000190280974
mod_ptrace,1048576,0.000176483096
mod_ptrace,1048576,0.000189866711
mod_ptrace,1048576,0.00016114836
mod_ptrace,1048576,0.000170538726
mod_ptrace,1048576,0.000164813158
mod_ptrace,1048576,0.000171295658
mod_ptrace,1048576,0.000155950242
mod_ptrace,1048576,0.000171051972
mod_ptrace,1048576,0.000176281261
mod_ptrace,1048576,0.000170093102
mod_ptrace,1048576,0.000169510269
mod_ptrace,1048576,0.000165969002
mod_ptrace,1048576,0.000167178441
mod_ptrace,1048576,0.000174318498
mod_ptrace,1048576,0.000164427562
mod_ptrace,1048576,0.000166694226
mod_ptrace,1048576,0.000160669704
mod_ptrace,1048576,0.000163242381
mod_ptrace,1048576,0.000177604961
mod_ptrace,1048576,0.000183483309
mod_ptrace,1048576,0.000162728553
mod_ptrace,1048576,0.000166585669
mod_ptrace,1048576,0.000171903477
mod_ptrace,1048576,0.000165986989
mod_ptrace,1048576,0.000175199428
mod_ptrace,1048576,0.000165449354
mod_ptrace,1048576,0.000178769376
mod_ptrace,1048576,0.000156464288
mod_ptrace,1048576,0.000180489136
mod_ptrace,1048576,0.0001996629
mod_ptrace,1048576,0.000184399076
mod_ptrace,1048576,0.000178004469
mod_ptrace,1048576,0.000168241546
mod_ptrace,1048576,0.000183789729
mod_ptrace,1048576,0.000167382852
mod_ptrace,1048576,0.000177368391
mod_ptrace,1048576,0.000180752715
mod_ptrace,1048576,0.00017921062
mod_ptrace,1048576,0.000189297105
mod_ptrace,1048576,0.000173996697
mod_ptrace,1048576,0.000175092966
mod_ptrace,1048576,0.000175598107
mod_ptrace,1048576,0.000184826407
mod_ptrace,1048576,0.000176168076
mod_ptrace,1048576,0.000193088796
mod_ptrace,1048576,0.000167725811
mod_ptrace,1048576,0.00015912563
mod_ptrace,1048576,0.000189771614
mod_ptrace,1048576,0.000171884283
mod_ptrace,1048576,0.000164537356
mod_ptrace,1048576,0.000158557581
mod_ptrace,1048576,0.000170287341
mod_ptrace,1048576,0.000169590916
mod_ptrace,1048576,0.000166546626
mod_ptrace,1048576,0.000166972182
mod_ptrace,1048576,0.000161360251
mod_ptrace,1048576,0.000165779784
mod_ptrace,1048576,0.000160932497
mod_ptrace,1048576,0.000179699055
mod_ptrace,1048576,0.000161888063
mod_ptrace,1048576,0.000175776542
mod_ptrace,1048576,0.000184317512
mod_ptrace,1048576,0.000161052842
mod_ptrace,1048576,0.000169123727
mod_ptrace,1048576,0.000182770367
mod_ptrace,1048576,0.000196678069
mod_kvm,1048576,0.00015409042
mod_kvm,1048576,0.000157706105
mod_kvm,1048576,0.000152325505
mod_kvm,1048576,0.000152207504
mod_kvm,1048576,0.000153942237
mod_kvm,1048576,0.000150832813
mod_kvm,1048576,0.000153586778
mod_kvm,1048576,0.000154657188
mod_kvm,1048576,0.000157508766
mod_kvm,1048576,0.000153187619
mod_kvm,1048576,0.00017752203
mod_kvm,1048576,0.000153794434
mod_kvm,1048576,0.000153274348
mod_kvm,1048576,0.000168580358
mod_kvm,1048576,0.00015880297
mod_kvm,1048576,0.000150596679
mod_kvm,1048576,0.00015733247
mod_kvm,1048576,0.000182171076
mod_kvm,1048576,0.000157088507
mod_kvm,1048576,0.000153439236
mod_kvm,1048576,0.00015236075
mod_kvm,1048576,0.000159109608
mod_kvm,1048576,0.000159447358
mod_kvm,1048576,0.000154800451
mod_kvm,1048576,0.000150702414
mod_kvm,1048576,0.000153904795
mod_kvm,1048576,0.000157938062
mod_kvm,1048576,0.000151032975
mod_kvm,1048576,0.000149104962
mod_kvm,1048576,0.000153523681
mod_kvm,1048576,0.00015777821
mod_kvm,1048576,0.000153631758
mod_kvm,1048576,0.000149471351
mod_kvm,1048576,0.000156227732
mod_kvm,1048576,0.00016010023
mod_kvm,1048576,0.000152289969
mod_kvm,1048576,0.000154890819
mod_kvm,1048576,0.0001542994
mod_kvm,1048576,0.000154750043
mod_kvm,1048576,0.000153551766
mod_kvm,1048576,0.000155796559
mod_kvm,1048576,0.000181768133
mod_kvm,1048576,0.00015788764
mod_kvm,1048576,0.000181030045
mod_kvm,1048576,0.000171961001
mod_kvm,1048576,0.000157339542
mod_kvm,1048576,0.000156313821
mod_kvm,1048576,0.000155828253
mod_kvm,1048576,0.000159824544
mod_kvm,1048576,0.000158616851
mod_kvm,1048576,0.000165817954
mod_kvm,1048576,0.000152186316
mod_kvm,1048576,0.000158047245
mod_kvm,1048576,0.000167161183
mod_kvm,1048576,0.000157689356
mod_kvm,1048576,0.000155091882
mod_kvm,1048576,0.000155807575
mod_kvm,1048576,0.00015230845
mod_kvm,1048576,0.000180304793
mod_kvm,1048576,0.000151924251
mod_kvm,1048576,0.000151927961
mod_kvm,1048576,0.000160882526
mod_kvm,1048576,0.000158307215
mod_kvm,1048576,0.000163639052
mod_kvm,1048576,0.000142148769
mod_kvm,1048576,0.000153260902
mod_kvm,1048576,0.000153024273
mod_kvm,1048576,0.000154000256
mod_kvm,1048576,0.000153935369
mod_kvm,1048576,0.000187689788
mod_kvm,1048576,0.00015604122
mod_kvm,1048576,0.000157899252
mod_kvm,1048576,0.000151022105
mod_kvm,1048576,0.000156051654
mod_kvm,1048576,0.000151079832
mod_kvm,1048576,0.000178500806
mod_kvm,1048576,0.000175687645
mod_kvm,1048576,0.000153195506
mod_kvm,1048576,0.000159701085
mod_kvm,1048576,0.000181030977
mod_kvm,1048576,0.000166325583
mod_kvm,1048576,0.000153716624
mod_kvm,1048576,0.000152428212
mod_kvm,1048576,0.000157776187
mod_kvm,1048576,0.000155144327
mod_kvm,1048576,0.000158938929
mod_kvm,1048576,0.000157916817
mod_kvm,1048576,0.000159673989
mod_kvm,1048576,0.000154413385
mod_kvm,1048576,0.000153625093
mod_kvm,1048576,0.000168754661
mod_kvm,1048576,0.000153981498
mod_kvm,1048576,0.000153511384
mod_kvm,1048576,0.000151732369
mod_kvm,1048576,0.000156165072
mod_kvm,1048576,0.000156353766
mod_kvm,1048576,0.000158510433
mod_kvm,1048576,0.000152017252
mod_kvm,1048576,0.000156624475
mod_kvm,1048576,0.000177023641
mod_kvm,4096,1.283904e-06
mod_kvm,4096,1.391845e-06
mod_kvm,4096,1.333475e-06
mod_kvm,4096,1.319148e-06
mod_kvm,4096,1.441926e-06
mod_kvm,4096,1.43884e-06
mod_kvm,4096,1.452318e-06
mod_kvm,4096,1.325001e-06
mod_kvm,4096,1.291052e-06
mod_kvm,4096,1.305965e-06
mod_kvm,4096,1.342248e-06
mod_kvm,4096,1.461681e-06
mod_kvm,4096,1.348763e-06
mod_kvm,4096,1.462311e-06
mod_kvm,4096,1.315523e-06
mod_kvm,4096,1.424813e-06
mod_kvm,4096,1.31095e-06
mod_kvm,4096,1.31241e-06
mod_kvm,4096,1.329494e-06
mod_kvm,4096,1.422186e-06
mod_kvm,4096,1.448869e-06
mod_kvm,4096,1.324552e-06
mod_kvm,4096,1.348768e-06
mod_kvm,4096,1.323674e-06
mod_kvm,4096,1.312166e-06
mod_kvm,4096,1.33637e-06
mod_kvm,4096,1.334743e-06
mod_kvm,4096,1.325454e-06
mod_kvm,4096,1.313549e-06
mod_kvm,4096,1.277836e-06
mod_kvm,4096,1.415994e-06
mod_kvm,4096,1.301118e-06
mod_kvm,4096,1.319263e-06
mod_kvm,4096,1.308268e-06
mod_kvm,4096,1.315468e-06
mod_kvm,4096,1.303749e-06
mod_kvm,4096,1.357299e-06
mod_kvm,4096,1.308245e-06
mod_kvm,4096,1.508182e-06
mod_kvm,4096,1.35957e-06
mod_kvm,4096,1.320368e-06
mod_kvm,4096,1.301145e-06
mod_kvm,4096,1.295673e-06
mod_kvm,4096,1.35794e-06
mod_kvm,4096,1.456254e-06
mod_kvm,4096,1.320749e-06
mod_kvm,4096,1.454771e-06
mod_kvm,4096,1.325284e-06
mod_kvm,4096,1.342383e-06
mod_kvm,4096,1.452494e-06
mod_kvm,4096,1.393917e-06
mod_kvm,4096,1.319481e-06
mod_kvm,4096,1.323821e-06
mod_kvm,4096,1.440012e-06
mod_kvm,4096,1.290338e-06
mod_kvm,4096,1.309894e-06
mod_kvm,4096,1.28984e-06
mod_kvm,4096,1.316226e-06
mod_kvm,4096,1.313767e-06
mod_kvm,4096,1.29528e-06
mod_kvm,4096,1.490822e-06
mod_kvm,4096,1.324573e-06
mod_kvm,4096,1.327632e-06
mod_kvm,4096,1.280202e-06
mod_kvm,4096,1.297501e-06
mod_kvm,4096,1.45146e-06
mod_kvm,4096,1.384531e-06
mod_kvm,4096,1.355973e-06
mod_kvm,4096,1.315883e-06
mod_kvm,4096,1.374522e-06
mod_kvm,4096,1.417898e-06
mod_kvm,4096,1.296958e-06
mod_kvm,4096,1.31718e-06
mod_kvm,4096,1.314095e-06
mod_kvm,4096,1.44183e-06
mod_kvm,4096,1.343981e-06
mod_kvm,4096,1.314528e-06
mod_kvm,4096,1.311419e-06
mod_kvm,4096,1.309307e-06
mod_kvm,4096,1.482289e-06
mod_kvm,4096,1.484995e-06
mod_kvm,4096,1.316594e-06
mod_kvm,4096,1.315843e-06
mod_kvm,4096,1.395943e-06
mod_kvm,4096,1.30045e-06
mod_kvm,4096,1.305333e-06
mod_kvm,4096,1.314273e-06
mod_kvm,4096,1.306374e-06
mod_kvm,4096,1.319111e-06
mod_kvm,4096,1.310296e-06
mod_kvm,4096,1.304348e-06
mod_kvm,4096,1.431476e-06
mod_kvm,4096,1.318615e-06
mod_kvm,4096,1.307132e-06
mod_kvm,4096,1.292099e-06
mod_kvm,4096,1.400872e-06
mod_kvm,4096,1.313473e-06
mod_kvm,4096,1.436321e-06
mod_kvm,4096,1.325429e-06
mod_kvm,4096,1.444372e-06
mod_kvm,262144,3.7837675e-05
mod_kvm,262144,3.3018026e-05
mod_kvm,262144,3.2694072e-05
mod_kvm,262144,4.0908741e-05
mod_kvm,262144,3.3146054e-05
mod_kvm,262144,3.8381306e-05
mod_kvm,262144,3.8599865e-05
mod_kvm,262144,3.9820996e-05
mod_kvm,262144,3.302392e-05
mod_kvm,262144,3.1466101e-05
mod_kvm,262144,3.2958145e-05
mod_kvm,262144,3.294964e-05
mod_kvm,262144,3.1457421e-05
mod_kvm,262144,3.2335007e-05
mod_kvm,262144,3.3233766e-05
mod_kvm,262144,3.9188606e-05
mod_kvm,262144,3.2307951e-05
mod_kvm,262144,3.2348653e-05
mod_kvm,262144,3.2483036e-05
mod_kvm,262144,4.0675888e-05
mod_kvm,262144,3.2778829e-05
mod_kvm,262144,3.4196932e-05
mod_kvm,262144,3.2299526e-05
mod_kvm,262144,3.8251805e-05
mod_kvm,262144,3.2655713e-05
mod_kvm,262144,3.2617754e-05
mod_kvm,262144,3.306635e-05
mod_kvm,262144,3.6457106e-05
mod_kvm,262144,3.247011e-05
mod_kvm,262144,3.2370652e-05
mod_kvm,262144,3.110079e-05
mod_kvm,262144,3.4946694e-05
mod_kvm,262144,3.242596e-05
mod_kvm,262144,3.2613745e-05
mod_kvm,262144,3.2842221e-05
mod_kvm,262144,3.2918288e-05
mod_kvm,262144,3.2634853e-05
mod_kvm,262144,3.2910506e-05
mod_kvm,262144,3.1072108e-05
mod_kvm,262144,3.4449171e-05
mod_kvm,262144,3.2726315e-05
mod_kvm,262144,3.3678396e-05
mod_kvm,262144,3.2585529e-05
mod_kvm,262144,3.2752341e-05
mod_kvm,262144,3.3073105e-05
mod_kvm,262144,3.1292842e-05
mod_kvm,262144,3.2152271e-05
mod_kvm,262144,3.2628068e-05
mod_kvm,262144,3.6801113e-05
mod_kvm,262144,3.2918761e-05
mod_kvm,262144,3.1245552e-05
mod_kvm,262144,3.7443508e-05
mod_kvm,262144,3.2218897e-05
mod_kvm,262144,3.2437893e-05
mod_kvm,262144,3.2482203e-05
mod_kvm,262144,3.1192438e-05
mod_kvm,262144,3.3336961e-05
mod_kvm,262144,3.233166e-05
mod_kvm,262144,3.135623e-05
mod_kvm,262144,3.6884743e-05
mod_kvm,262144,3.2837288e-05
mod_kvm,262144,4.0371004e-05
mod_kvm,262144,3.2506927e-05
mod_kvm,262144,3.2687334e-05
mod_kvm,262144,3.2670163e-05
mod_kvm,262144,3.2867378e-05
mod_kvm,262144,3.2634751e-05
mod_kvm,262144,3.2524556e-05
mod_kvm,262144,3.2653395e-05
mod_kvm,262144,3.2786818e-05
mod_kvm,262144,3.2775115e-05
mod_kvm,262144,3.2484895e-05
mod_kvm,262144,3.1137337e-05
mod_kvm,262144,3.1543208e-05
mod_kvm,262144,3.4337128e-05
mod_kvm,262144,3.638455e-05
mod_kvm,262144,3.7230537e-05
mod_kvm,262144,3.3397038e-05
mod_kvm,262144,3.8571092e-05
mod_kvm,262144,3.2654112e-05
mod_kvm,262144,3.2843083e-05
mod_kvm,262144,3.2282187e-05
mod_kvm,262144,3.2491087e-05
mod_kvm,262144,3.2807518e-05
mod_kvm,262144,3.2420932e-05
mod_kvm,262144,3.238751e-05
mod_kvm,262144,3.1445368e-05
mod_kvm,262144,3.3210155e-05
mod_kvm,262144,3.4134177e-05
mod_kvm,262144,3.2851913e-05
mod_kvm,262144,4.0411676e-05
mod_kvm,262144,3.2865759e-05
mod_kvm,262144,3.5361387e-05
mod_kvm,262144,3.2989228e-05
mod_kvm,262144,4.1505369e-05
mod_kvm,262144,3.2964304e-05
mod_kvm,262144,3.2552212e-05
mod_kvm,262144,3.3209177e-05
mod_kvm,262144,3.2667256e-05
mod_kvm,262144,3.861701e-05
mod_kvm,16384,2.589398e-06
mod_kvm,16384,2.557455e-06
mod_kvm,16384,2.940343e-06
mod_kvm,16384,3.005556e-06
mod_kvm,16384,2.539347e-06
mod_kvm,16384,2.594444e-06
mod_kvm,16384,2.570925e-06
mod_kvm,16384,2.65043e-06
mod_kvm,16384,2.672488e-06
mod_kvm,16384,2.855785e-06
mod_kvm,16384,2.63171e-06
mod_kvm,16384,2.59792e-06
mod_kvm,16384,2.628777e-06
mod_kvm,16384,3.129945e-06
mod_kvm,16384,2.629282e-06
mod_kvm,16384,2.53181e-06
mod_kvm,16384,2.547748e-06
mod_kvm,16384,2.654651e-06
mod_kvm,16384,2.637762e-06
mod_kvm,16384,2.526035e-06
mod_kvm,16384,3.067422e-06
mod_kvm,16384,2.631253e-06
mod_kvm,16384,2.606904e-06
mod_kvm,16384,2.593826e-06
mod_kvm,16384,3.050308e-06
mod_kvm,16384,2.567923e-06
mod_kvm,16384,2.648922e-06
mod_kvm,16384,2.585563e-06
mod_kvm,16384,2.611074e-06
mod_kvm,16384,2.550669e-06
mod_kvm,16384,3.122844e-06
mod_kvm,16384,2.82905e-06
mod_kvm,16384,2.696995e-06
mod_kvm,16384,3.004121e-06
mod_kvm,16384,2.800746e-06
mod_kvm,16384,3.050695e-06
mod_kvm,16384,2.762047e-06
mod_kvm,16384,2.561729e-06
mod_kvm,16384,2.618316e-06
mod_kvm,16384,2.601763e-06
mod_kvm,16384,2.90429e-06
mod_kvm,16384,2.568755e-06
mod_kvm,16384,2.58231e-06
mod_kvm,16384,2.568138e-06
mod_kvm,16384,3.068448e-06
mod_kvm,16384,2.647313e-06
mod_kvm,16384,2.956735e-06
mod_kvm,16384,2.53995e-06
mod_kvm,16384,2.581844e-06
mod_kvm,16384,2.674397e-06
mod_kvm,16384,2.602929e-06
mod_kvm,16384,2.588529e-06
mod_kvm,16384,2.583016e-06
mod_kvm,16384,2.635393e-06
mod_kvm,16384,2.615991e-06
mod_kvm,16384,2.575984e-06
mod_kvm,16384,2.533161e-06
mod_kvm,16384,2.575611e-06
mod_kvm,16384,3.017412e-06
mod_kvm,16384,2.61266e-06
mod_kvm,16384,2.637951e-06
mod_kvm,16384,3.045002e-06
mod_kvm,16384,3.017264e-06
mod_kvm,16384,2.591967e-06
mod_kvm,16384,2.588214e-06
mod_kvm,16384,2.540932e-06
mod_kvm,16384,2.602507e-06
mod_kvm,16384,3.143661e-06
mod_kvm,16384,2.900825e-06
mod_kvm,16384,2.724156e-06
mod_kvm,16384,3.119466e-06
mod_kvm,16384,2.583457e-06
mod_kvm,16384,2.646821e-06
mod_kvm,16384,2.579261e-06
mod_kvm,16384,2.497902e-06
mod_kvm,16384,2.582427e-06
mod_kvm,16384,2.589712e-06
mod_kvm,16384,2.597985e-06
mod_kvm,16384,3.037766e-06
mod_kvm,16384,2.579606e-06
mod_kvm,16384,3.129286e-06
mod_kvm,16384,2.607945e-06
mod_kvm,16384,2.936323e-06
mod_kvm,16384,3.148922e-06
mod_kvm,16384,2.598885e-06
mod_kvm,16384,2.543056e-06
mod_kvm,16384,2.630565e-06
mod_kvm,16384,2.551247e-06
mod_kvm,16384,2.745296e-06
mod_kvm,16384,2.627849e-06
mod_kvm,16384,2.55892e-06
mod_kvm,16384,2.572495e-06
mod_kvm,16384,2.580441e-06
mod_kvm,16384,3.077347e-06
mod_kvm,16384,2.989584e-06
mod_kvm,16384,2.649077e-06
mod_kvm,16384,2.59321e-06
mod_kvm,16384,2.556652e-06
mod_kvm,16384,2.649586e-06
mod_kvm,16384,2.545289e-06
mod_ptrace,65536,1.9717971e-05
mod_ptrace,65536,2.1822994e-05
mod_ptrace,65536,2.0419477e-05
mod_ptrace,65536,2.0445008e-05
mod_ptrace,65536,1.9888594e-05
mod_ptrace,65536,2.2731896e-05
mod_ptrace,65536,2.1697057e-05
mod_ptrace,65536,2.1980954e-05
mod_ptrace,65536,2.2175427e-05
mod_ptrace,65536,2.0223079e-05
mod_ptrace,65536,1.8701799e-05
mod_ptrace,65536,2.09954e-05
mod_ptrace,65536,2.0099695e-05
mod_ptrace,65536,1.9434478e-05
mod_ptrace,65536,2.0566396e-05
mod_ptrace,65536,2.0030784e-05
mod_ptrace,65536,2.2043223e-05
mod_ptrace,65536,1.9543397e-05
mod_ptrace,65536,1.9727982e-05
mod_ptrace,65536,2.1160426e-05
mod_ptrace,65536,2.0459345e-05
mod_ptrace,65536,1.9784307e-05
mod_ptrace,65536,1.9254612e-05
mod_ptrace,65536,1.9413974e-05
mod_ptrace,65536,1.9223893e-05
mod_ptrace,65536,2.0934312e-05
mod_ptrace,65536,2.1082187e-05
mod_ptrace,65536,2.167325e-05
mod_ptrace,65536,2.2299228e-05
mod_ptrace,65536,2.1066311e-05
mod_ptrace,65536,1.9481407e-05
mod_ptrace,65536,2.2312157e-05
mod_ptrace,65536,1.9777684e-05
mod_ptrace,65536,1.9729354e-05
mod_ptrace,65536,2.3147066e-05
mod_ptrace,65536,2.0879183e-05
mod_ptrace,65536,2.052038e-05
mod_ptrace,65536,1.9905863e-05
mod_ptrace,65536,1.987492e-05
mod_ptrace,65536,2.2327562e-05
mod_ptrace,65536,2.0308784e-05
mod_ptrace,65536,2.0244883e-05
mod_ptrace,65536,1.9657031e-05
mod_ptrace,65536,1.9335759e-05
mod_ptrace,65536,2.092809e-05
mod_ptrace,65536,2.1257212e-05
mod_ptrace,65536,2.1257583e-05
mod_ptrace,65536,2.1581784e-05
mod_ptrace,65536,2.00863e-05
mod_ptrace,65536,2.0192951e-05
mod_ptrace,65536,2.0777074e-05
mod_ptrace,65536,2.150953e-05
mod_ptrace,65536,2.1584829e-05
mod_ptrace,65536,1.9078467e-05
mod_ptrace,65536,2.0182946e-05
mod_ptrace,65536,1.9522293e-05
mod_ptrace,65536,2.1536542e-05
mod_ptrace,65536,2.0466647e-05
mod_ptrace,65536,2.2552125e-05
mod_ptrace,65536,2.255696e-05
mod_ptrace,65536,2.3020468e-05
mod_ptrace,65536,1.9750254e-05
mod_ptrace,65536,2.1352866e-05
mod_ptrace,65536,1.9172467e-05
mod_ptrace,65536,2.0761836e-05
mod_ptrace,65536,1.9326981e-05
mod_ptrace,65536,2.0820331e-05
mod_ptrace,65536,2.1028354e-05
mod_ptrace,65536,2.0172449e-05
mod_ptrace,65536,2.0038005e-05
mod_ptrace,65536,2.0746375e-05
mod_ptrace,65536,1.9446677e-05
mod_ptrace,65536,1.9792251e-05
mod_ptrace,65536,2.246053e-05
mod_ptrace,65536,1.9547142e-05
mod_ptrace,65536,2.110583e-05
mod_ptrace,65536,2.101696e-05
mod_ptrace,65536,2.08198e-05
mod_ptrace,65536,1.9786434e-05
mod_ptrace,65536,1.9766178e-05
mod_ptrace,65536,1.9838704e-05
mod_ptrace,65536,2.0537473e-05
mod_ptrace,65536,2.136994e-05
mod_ptrace,65536,2.0355586e-05
mod_ptrace,65536,1.9166198e-05
mod_ptrace,65536,1.990664e-05
mod_ptrace,65536,1.9676763e-05
mod_ptrace,65536,2.031966e-05
mod_ptrace,65536,2.3021041e-05
mod_ptrace,65536,1.9758714e-05
mod_ptrace,65536,2.1901193e-05
mod_ptrace,65536,2.2248323e-05
mod_ptrace,65536,1.9535992e-05
mod_ptrace,65536,2.1865571e-05
mod_ptrace,65536,2.1743448e-05
mod_ptrace,65536,1.9785057e-05
mod_ptrace,65536,2.3501876e-05
mod_ptrace,65536,1.9784466e-05
mod_ptrace,65536,1.9193663e-05
mod_ptrace,65536,1.9353383e-05
mod_kvm,65536,9.986852e-06
mod_kvm,65536,8.508847e-06
mod_kvm,65536,8.40272e-06
mod_kvm,65536,8.538338e-06
mod_kvm,65536,8.319123e-06
mod_kvm,65536,8.494899e-06
mod_kvm,65536,1.0388618e-05
mod_kvm,65536,8.485865e-06
mod_kvm,65536,9.920713e-06
mod_kvm,65536,8.444885e-06
mod_kvm,65536,8.397355e-06
mod_kvm,65536,8.648721e-06
mod_kvm,65536,8.45231e-06
mod_kvm,65536,8.492491e-06
mod_kvm,65536,8.419338e-06
mod_kvm,65536,8.347097e-06
mod_kvm,65536,8.526405e-06
mod_kvm,65536,1.0403094e-05
mod_kvm,65536,8.349479e-06
mod_kvm,65536,8.456956e-06
mod_kvm,65536,8.384758e-06
mod_kvm,65536,9.687797e-06
mod_kvm,65536,8.552717e-06
mod_kvm,65536,8.477325e-06
mod_kvm,65536,8.543769e-06
mod_kvm,65536,8.649427e-06
mod_kvm,65536,9.858707e-06
mod_kvm,65536,8.441991e-06
mod_kvm,65536,9.536429e-06
mod_kvm,65536,8.377068e-06
mod_kvm,65536,8.424933e-06
mod_kvm,65536,8.319709e-06
mod_kvm,65536,8.49299e-06
mod_kvm,65536,8.573031e-06
mod_kvm,65536,9.500231e-06
mod_kvm,65536,8.410073e-06
mod_kvm,65536,8.443665e-06
mod_kvm,65536,8.433621e-06
mod_kvm,65536,8.415794e-06
mod_kvm,65536,1.0307869e-05
mod_kvm,65536,8.361996e-06
mod_kvm,65536,8.739176e-06
mod_kvm,65536,1.0793359e-05
mod_kvm,65536,8.463115e-06
mod_kvm,65536,8.365829e-06
mod_kvm,65536,8.485393e-06
mod_kvm,65536,1.0304368e-05
mod_kvm,65536,8.62593e-06
mod_kvm,65536,8.43485e-06
mod_kvm,65536,8.404448e-06
mod_kvm,65536,8.45471e-06
mod_kvm,65536,8.276011e-06
mod_kvm,65536,8.352571e-06
mod_kvm,65536,8.447993e-06
mod_kvm,65536,8.402537e-06
mod_kvm,65536,1.0006552e-05
mod_kvm,65536,8.537289e-06
mod_kvm,65536,9.946944e-06
mod_kvm,65536,1.0526504e-05
mod_kvm,65536,8.481285e-06
mod_kvm,65536,8.465196e-06
mod_kvm,65536,8.587982e-06
mod_kvm,65536,1.0076773e-05
mod_kvm,65536,8.253334e-06
mod_kvm,65536,8.614282e-06
mod_kvm,65536,8.44172e-06
mod_kvm,65536,9.831433e-06
mod_kvm,65536,1.0068339e-05
mod_kvm,65536,8.39224e-06
mod_kvm,65536,8.362655e-06
mod_kvm,65536,8.554545e-06
mod_kvm,65536,8.484562e-06
mod_kvm,65536,8.50362e-06
mod_kvm,65536,8.532786e-06
mod_kvm,65536,8.509556e-06
mod_kvm,65536,8.539465e-06
mod_kvm,65536,9.782379e-06
mod_kvm,65536,8.435371e-06
mod_kvm,65536,1.0893121e-05
mod_kvm,65536,9.926951e-06
mod_kvm,65536,8.499035e-06
mod_kvm,65536,8.370632e-06
mod_kvm,65536,8.49514e-06
mod_kvm,65536,8.486199e-06
mod_kvm,65536,8.412965e-06
mod_kvm,65536,9.406408e-06
mod_kvm,65536,8.346618e-06
mod_kvm,65536,1.0336709e-05
mod_kvm,65536,8.896044e-06
mod_kvm,65536,1.1769037e-05
mod_kvm,65536,8.339973e-06
mod_kvm,65536,8.385875e-06
mod_kvm,65536,8.487618e-06
mod_kvm,65536,8.396893e-06
mod_kvm,65536,8.472084e-06
mod_kvm,65536,8.454941e-06
mod_kvm,65536,8.334913e-06
mod_kvm,65536,8.477879e-06
mod_kvm,65536,1.0852844e-05
mod_kvm,65536,8.336414e-06
