runsc_ptrace,16384,2.0000989e-05
runsc_ptrace,16384,2.1829488e-05
runsc_ptrace,16384,2.1573e-05
runsc_ptrace,16384,2.2389857e-05
runsc_ptrace,16384,2.1641341e-05
runsc_ptrace,16384,2.0226355e-05
runsc_ptrace,16384,2.0606301e-05
runsc_ptrace,16384,2.0934334e-05
runsc_ptrace,16384,2.1037309e-05
runsc_ptrace,16384,2.1682687e-05
runsc_ptrace,16384,2.1219053e-05
runsc_ptrace,16384,2.0044448e-05
runsc_ptrace,16384,2.166388e-05
runsc_ptrace,16384,2.0861502e-05
runsc_ptrace,16384,1.814907e-05
runsc_ptrace,16384,2.0974298e-05
runsc_ptrace,16384,2.0172651e-05
runsc_ptrace,16384,2.1440341e-05
runsc_ptrace,16384,1.9795465e-05
runsc_ptrace,16384,2.3070559e-05
runsc_ptrace,16384,2.3235953e-05
runsc_ptrace,16384,2.1389418e-05
runsc_ptrace,16384,2.0611033e-05
runsc_ptrace,16384,2.1456772e-05
runsc_ptrace,16384,2.191267e-05
runsc_ptrace,16384,2.2025726e-05
runsc_ptrace,16384,2.1377718e-05
runsc_ptrace,16384,2.2972552e-05
runsc_ptrace,16384,2.1410497e-05
runsc_ptrace,16384,2.1308479e-05
runsc_ptrace,16384,2.0586247e-05
runsc_ptrace,16384,1.9291328e-05
runsc_ptrace,16384,2.0929834e-05
runsc_ptrace,16384,2.152018e-05
runsc_ptrace,16384,2.0718877e-05
runsc_ptrace,16384,2.3088354e-05
runsc_ptrace,16384,2.2730021e-05
runsc_ptrace,16384,2.0383794e-05
runsc_ptrace,16384,2.0410051e-05
runsc_ptrace,16384,2.2773072e-05
runsc_ptrace,16384,2.3720546e-05
runsc_ptrace,16384,1.9888004e-05
runsc_ptrace,16384,2.0471512e-05
runsc_ptrace,16384,2.2642653e-05
runsc_ptrace,16384,2.0664744e-05
runsc_ptrace,16384,2.6940561e-05
runsc_ptrace,16384,2.1187941e-05
runsc_ptrace,16384,1.9711995e-05
runsc_ptrace,16384,1.8695169e-05
runsc_ptrace,16384,2.1605349e-05
runsc_ptrace,16384,2.0686663e-05
runsc_ptrace,16384,1.8636394e-05
runsc_ptrace,16384,1.9965542e-05
runsc_ptrace,16384,2.1755832e-05
runsc_ptrace,16384,2.085799e-05
runsc_ptrace,16384,1.8862644e-05
runsc_ptrace,16384,2.4366798e-05
runsc_ptrace,16384,2.3284621e-05
runsc_ptrace,16384,2.200227e-05
runsc_ptrace,16384,2.1423637e-05
runsc_ptrace,16384,2.1679918e-05
runsc_ptrace,16384,2.2337797e-05
runsc_ptrace,16384,2.1229287e-05
runsc_ptrace,16384,2.0247086e-05
runsc_ptrace,16384,2.0166572e-05
runsc_ptrace,16384,2.1840278e-05
runsc_ptrace,16384,2.0269663e-05
runsc_ptrace,16384,2.2248079e-05
runsc_ptrace,16384,2.1644018e-05
runsc_ptrace,16384,1.9842078e-05
runsc_ptrace,16384,2.0617881e-05
runsc_ptrace,16384,2.0633874e-05
runsc_ptrace,16384,2.1008704e-05
runsc_ptrace,16384,2.1215903e-05
runsc_ptrace,16384,1.9466219e-05
runsc_ptrace,16384,2.2470946e-05
runsc_ptrace,16384,2.0563999e-05
runsc_ptrace,16384,2.1663474e-05
runsc_ptrace,16384,2.3133034e-05
runsc_ptrace,16384,1.9529254e-05
runsc_ptrace,16384,2.2321274e-05
runsc_ptrace,16384,2.1042337e-05
runsc_ptrace,16384,2.0829473e-05
runsc_ptrace,16384,1.9870891e-05
runsc_ptrace,16384,2.5830679e-05
runsc_ptrace,16384,2.0131884e-05
runsc_ptrace,16384,2.0547073e-05
runsc_ptrace,16384,2.1601472e-05
runsc_ptrace,16384,2.3449158e-05
runsc_ptrace,16384,2.1110895e-05
runsc_ptrace,16384,2.0880692e-05
runsc_ptrace,16384,2.3695531e-05
runsc_ptrace,16384,2.0190915e-05
runsc_ptrace,16384,2.2066502e-05
runsc_ptrace,16384,2.1978329e-05
runsc_ptrace,16384,2.0714653e-05
runsc_ptrace,16384,2.2595003e-05
runsc_ptrace,16384,2.0484646e-05
runsc_ptrace,16384,2.1354463e-05
runsc_ptrace,16384,2.0088355e-05
bare,16384,3.895295e-06
bare,16384,3.855518e-06
bare,16384,4.215746e-06
bare,16384,4.240994e-06
bare,16384,4.060008e-06
bare,16384,3.800894e-06
bare,16384,4.097588e-06
bare,16384,4.201179e-06
bare,16384,4.224365e-06
bare,16384,4.125255e-06
bare,16384,4.207184e-06
bare,16384,4.186901e-06
bare,16384,4.225356e-06
bare,16384,4.309147e-06
bare,16384,4.202221e-06
bare,16384,4.244366e-06
bare,16384,4.198114e-06
bare,16384,4.163059e-06
bare,16384,3.87917e-06
bare,16384,4.210475e-06
bare,16384,4.280382e-06
bare,16384,4.240524e-06
bare,16384,4.232067e-06
bare,16384,4.236121e-06
bare,16384,3.785525e-06
bare,16384,4.230519e-06
bare,16384,4.130218e-06
bare,16384,4.232383e-06
bare,16384,4.19671e-06
bare,16384,4.247418e-06
bare,16384,4.179034e-06
bare,16384,4.227231e-06
bare,16384,4.181598e-06
bare,16384,4.246334e-06
bare,16384,4.133787e-06
bare,16384,3.975526e-06
bare,16384,4.17964e-06
bare,16384,4.223149e-06
bare,16384,4.183911e-06
bare,16384,4.211734e-06
bare,16384,3.763338e-06
bare,16384,4.223236e-06
bare,16384,3.834433e-06
bare,16384,4.213767e-06
bare,16384,4.063868e-06
bare,16384,4.050251e-06
bare,16384,4.17416e-06
bare,16384,4.118114e-06
bare,16384,4.182522e-06
bare,16384,4.250703e-06
bare,16384,4.15562e-06
bare,16384,4.23116e-06
bare,16384,4.226335e-06
bare,16384,4.169543e-06
bare,16384,3.791075e-06
bare,16384,3.907636e-06
bare,16384,3.802141e-06
bare,16384,4.180441e-06
bare,16384,3.741481e-06
bare,16384,3.555086e-06
bare,16384,3.882372e-06
bare,16384,4.220024e-06
bare,16384,4.1614e-06
bare,16384,4.232466e-06
bare,16384,4.167734e-06
bare,16384,4.05607e-06
bare,16384,4.117476e-06
bare,16384,4.216352e-06
bare,16384,4.224771e-06
bare,16384,3.972759e-06
bare,16384,4.171914e-06
bare,16384,4.233005e-06
bare,16384,4.23148e-06
bare,16384,3.769099e-06
bare,16384,4.171318e-06
bare,16384,4.217708e-06
bare,16384,4.227856e-06
bare,16384,4.248249e-06
bare,16384,3.743592e-06
bare,16384,4.240999e-06
bare,16384,4.231992e-06
bare,16384,3.766648e-06
bare,16384,4.231913e-06
bare,16384,4.210131e-06
bare,16384,3.73319e-06
bare,16384,4.19866e-06
bare,16384,3.812897e-06
bare,16384,4.163155e-06
bare,16384,3.986822e-06
bare,16384,3.916198e-06
bare,16384,4.171348e-06
bare,16384,4.167709e-06
bare,16384,4.005207e-06
bare,16384,3.75591e-06
bare,16384,4.229208e-06
bare,16384,3.799394e-06
bare,16384,3.764446e-06
bare,16384,3.919083e-06
bare,16384,4.255672e-06
bare,16384,4.233277e-06
runsc_ptrace,1048576,0.00043601307
runsc_ptrace,1048576,0.000433253968
runsc_ptrace,1048576,0.000449187326
runsc_ptrace,1048576,0.000434258429
runsc_ptrace,1048576,0.000590257172
runsc_ptrace,1048576,0.000592249504
runsc_ptrace,1048576,0.000447932165
runsc_ptrace,1048576,0.000460821204
runsc_ptrace,1048576,0.00061782595
runsc_ptrace,1048576,0.000427204737
runsc_ptrace,1048576,0.000442916556
runsc_ptrace,1048576,0.000407581945
runsc_ptrace,1048576,0.000568123709
runsc_ptrace,1048576,0.000592646364
runsc_ptrace,1048576,0.000438582414
runsc_ptrace,1048576,0.000335239834
runsc_ptrace,1048576,0.000336928642
runsc_ptrace,1048576,0.000446107588
runsc_ptrace,1048576,0.000674604787
runsc_ptrace,1048576,0.000570675533
runsc_ptrace,1048576,0.000422831305
runsc_ptrace,1048576,0.000472765008
runsc_ptrace,1048576,0.000381576421
runsc_ptrace,1048576,0.000442246004
runsc_ptrace,1048576,0.000543218863
runsc_ptrace,1048576,0.000443396653
runsc_ptrace,1048576,0.000438033458
runsc_ptrace,1048576,0.000485772733
runsc_ptrace,1048576,0.000605248846
runsc_ptrace,1048576,0.000578497595
runsc_ptrace,1048576,0.000600194791
runsc_ptrace,1048576,0.000569268421
runsc_ptrace,1048576,0.000561965222
runsc_ptrace,1048576,0.000444506877
runsc_ptrace,1048576,0.000544587267
runsc_ptrace,1048576,0.00043341727
runsc_ptrace,1048576,0.000454368244
runsc_ptrace,1048576,0.00044392678
runsc_ptrace,1048576,0.000451090775
runsc_ptrace,1048576,0.000334310986
runsc_ptrace,1048576,0.000477354653
runsc_ptrace,1048576,0.00043952727
runsc_ptrace,1048576,0.000428725092
runsc_ptrace,1048576,0.000563211041
runsc_ptrace,1048576,0.000574638252
runsc_ptrace,1048576,0.000572234625
runsc_ptrace,1048576,0.000564459711
runsc_ptrace,1048576,0.000577157305
runsc_ptrace,1048576,0.000430924149
runsc_ptrace,1048576,0.00054557703
runsc_ptrace,1048576,0.000426043815
runsc_ptrace,1048576,0.000435289083
runsc_ptrace,1048576,0.000431327178
runsc_ptrace,1048576,0.000564450282
runsc_ptrace,1048576,0.000582224049
runsc_ptrace,1048576,0.000450168271
runsc_ptrace,1048576,0.000451169559
runsc_ptrace,1048576,0.000435817405
runsc_ptrace,1048576,0.000484621502
runsc_ptrace,1048576,0.000440228207
runsc_ptrace,1048576,0.000398537144
runsc_ptrace,1048576,0.000481778407
runsc_ptrace,1048576,0.000436557079
runsc_ptrace,1048576,0.000568773597
runsc_ptrace,1048576,0.000454913563
runsc_ptrace,1048576,0.000346646702
runsc_ptrace,1048576,0.000564960006
runsc_ptrace,1048576,0.000581209955
runsc_ptrace,1048576,0.000442290242
runsc_ptrace,1048576,0.000429119682
runsc_ptrace,1048576,0.000586070586
runsc_ptrace,1048576,0.000584822614
runsc_ptrace,1048576,0.00058510754
runsc_ptrace,1048576,0.000350543065
runsc_ptrace,1048576,0.00042484462
runsc_ptrace,1048576,0.000478840608
runsc_ptrace,1048576,0.000469129911
runsc_ptrace,1048576,0.000438732008
runsc_ptrace,1048576,0.0004706404
runsc_ptrace,1048576,0.000452256325
runsc_ptrace,1048576,0.000441702054
runsc_ptrace,1048576,0.000341769512
runsc_ptrace,1048576,0.000463770935
runsc_ptrace,1048576,0.000590186857
runsc_ptrace,1048576,0.000449559506
runsc_ptrace,1048576,0.000461073127
runsc_ptrace,1048576,0.000546666444
runsc_ptrace,1048576,0.00044066165
runsc_ptrace,1048576,0.000438081857
runsc_ptrace,1048576,0.000564348302
runsc_ptrace,1048576,0.000589720439
runsc_ptrace,1048576,0.000429064705
runsc_ptrace,1048576,0.000455470348
runsc_ptrace,1048576,0.000338939775
runsc_ptrace,1048576,0.000777252135
runsc_ptrace,1048576,0.00045724542
runsc_ptrace,1048576,0.000580178166
runsc_ptrace,1048576,0.000439487601
runsc_ptrace,1048576,0.000551313453
runsc_ptrace,1048576,0.000434195332
runc,4096,1.827803e-06
runc,4096,1.961341e-06
runc,4096,1.978073e-06
runc,4096,1.676686e-06
runc,4096,1.997847e-06
runc,4096,1.763005e-06
runc,4096,1.851508e-06
runc,4096,1.749148e-06
runc,4096,1.824316e-06
runc,4096,2.094323e-06
runc,4096,1.658887e-06
runc,4096,1.974326e-06
runc,4096,1.990718e-06
runc,4096,1.421123e-06
runc,4096,1.978484e-06
runc,4096,2.019989e-06
runc,4096,1.83377e-06
runc,4096,1.689315e-06
runc,4096,1.71777e-06
runc,4096,1.809808e-06
runc,4096,1.808887e-06
runc,4096,1.613189e-06
runc,4096,1.960727e-06
runc,4096,1.925512e-06
runc,4096,1.793231e-06
runc,4096,1.820149e-06
runc,4096,1.707761e-06
runc,4096,1.762971e-06
runc,4096,1.875089e-06
runc,4096,1.889578e-06
runc,4096,1.821963e-06
runc,4096,1.81155e-06
runc,4096,1.963921e-06
runc,4096,2.032992e-06
runc,4096,1.942737e-06
runc,4096,1.64357e-06
runc,4096,1.799491e-06
runc,4096,1.932688e-06
runc,4096,1.89917e-06
runc,4096,2.012896e-06
runc,4096,1.702734e-06
runc,4096,2.00456e-06
runc,4096,1.943859e-06
runc,4096,1.577677e-06
runc,4096,1.592283e-06
runc,4096,1.73426e-06
runc,4096,1.975696e-06
runc,4096,1.943089e-06
runc,4096,1.919782e-06
runc,4096,1.821188e-06
runc,4096,2.042806e-06
runc,4096,1.754755e-06
runc,4096,1.758735e-06
runc,4096,1.761962e-06
runc,4096,2.026479e-06
runc,4096,1.766568e-06
runc,4096,1.775359e-06
runc,4096,1.763756e-06
runc,4096,1.939478e-06
runc,4096,1.820158e-06
runc,4096,1.51147e-06
runc,4096,2.005139e-06
runc,4096,1.70922e-06
runc,4096,1.492535e-06
runc,4096,1.883008e-06
runc,4096,1.956982e-06
runc,4096,2.028935e-06
runc,4096,1.770872e-06
runc,4096,1.370644e-06
runc,4096,1.87825e-06
runc,4096,1.50028e-06
runc,4096,1.840836e-06
runc,4096,1.794049e-06
runc,4096,1.581379e-06
runc,4096,1.809626e-06
runc,4096,1.93722e-06
runc,4096,1.896e-06
runc,4096,1.837568e-06
runc,4096,1.726919e-06
runc,4096,1.706399e-06
runc,4096,1.564729e-06
runc,4096,1.802537e-06
runc,4096,1.793175e-06
runc,4096,1.853591e-06
runc,4096,1.710241e-06
runc,4096,1.798351e-06
runc,4096,1.660174e-06
runc,4096,1.73877e-06
runc,4096,1.522969e-06
runc,4096,1.958434e-06
runc,4096,2.04119e-06
runc,4096,1.804112e-06
runc,4096,2.000849e-06
runc,4096,1.790869e-06
runc,4096,1.968903e-06
runc,4096,1.78832e-06
runc,4096,1.863039e-06
runc,4096,1.592906e-06
runc,4096,1.750385e-06
runc,4096,1.597071e-06
runsc_kvm,4096,1.2687509e-05
runsc_kvm,4096,1.3877831e-05
runsc_kvm,4096,1.3657951e-05
runsc_kvm,4096,1.4991627e-05
runsc_kvm,4096,1.3313224e-05
runsc_kvm,4096,1.3840715e-05
runsc_kvm,4096,1.3891549e-05
runsc_kvm,4096,1.3574189e-05
runsc_kvm,4096,1.3237565e-05
runsc_kvm,4096,1.379431e-05
runsc_kvm,4096,1.2873295e-05
runsc_kvm,4096,1.3548477e-05
runsc_kvm,4096,1.3158178e-05
runsc_kvm,4096,1.3608005e-05
runsc_kvm,4096,1.3427194e-05
runsc_kvm,4096,1.3994064e-05
runsc_kvm,4096,1.3043215e-05
runsc_kvm,4096,1.459167e-05
runsc_kvm,4096,1.3645101e-05
runsc_kvm,4096,1.4006301e-05
runsc_kvm,4096,1.3651799e-05
runsc_kvm,4096,1.4521551e-05
runsc_kvm,4096,1.3340902e-05
runsc_kvm,4096,1.3904234e-05
runsc_kvm,4096,1.2559921e-05
runsc_kvm,4096,1.367678e-05
runsc_kvm,4096,1.3829249e-05
runsc_kvm,4096,1.3774478e-05
runsc_kvm,4096,1.4267157e-05
runsc_kvm,4096,1.3868324e-05
runsc_kvm,4096,1.3367324e-05
runsc_kvm,4096,1.3708501e-05
runsc_kvm,4096,1.3962584e-05
runsc_kvm,4096,1.2677156e-05
runsc_kvm,4096,1.2432427e-05
runsc_kvm,4096,1.3433828e-05
runsc_kvm,4096,1.3845514e-05
runsc_kvm,4096,1.3260065e-05
runsc_kvm,4096,1.2817609e-05
runsc_kvm,4096,1.3138884e-05
runsc_kvm,4096,1.3860061e-05
runsc_kvm,4096,1.1800737e-05
runsc_kvm,4096,1.3436996e-05
runsc_kvm,4096,1.3637048e-05
runsc_kvm,4096,1.2758932e-05
runsc_kvm,4096,1.3227143e-05
runsc_kvm,4096,1.3347508e-05
runsc_kvm,4096,1.2756613e-05
runsc_kvm,4096,1.3633591e-05
runsc_kvm,4096,1.3002694e-05
runsc_kvm,4096,1.3967887e-05
runsc_kvm,4096,1.291531e-05
runsc_kvm,4096,1.4284279e-05
runsc_kvm,4096,1.3659611e-05
runsc_kvm,4096,1.3694521e-05
runsc_kvm,4096,1.2484576e-05
runsc_kvm,4096,1.3760559e-05
runsc_kvm,4096,1.3623367e-05
runsc_kvm,4096,1.3626894e-05
runsc_kvm,4096,1.4916864e-05
runsc_kvm,4096,1.3202409e-05
runsc_kvm,4096,1.3818728e-05
runsc_kvm,4096,1.3910403e-05
runsc_kvm,4096,1.166646e-05
runsc_kvm,4096,1.30866e-05
runsc_kvm,4096,1.2499311e-05
runsc_kvm,4096,1.4165446e-05
runsc_kvm,4096,1.4642346e-05
runsc_kvm,4096,1.2948783e-05
runsc_kvm,4096,1.3324129e-05
runsc_kvm,4096,1.2854895e-05
runsc_kvm,4096,1.3242701e-05
runsc_kvm,4096,1.2934142e-05
runsc_kvm,4096,1.297857e-05
runsc_kvm,4096,1.3873289e-05
runsc_kvm,4096,1.3628984e-05
runsc_kvm,4096,1.4004241e-05
runsc_kvm,4096,1.3247563e-05
runsc_kvm,4096,1.3515384e-05
runsc_kvm,4096,1.3399723e-05
runsc_kvm,4096,1.378263e-05
runsc_kvm,4096,1.3834875e-05
runsc_kvm,4096,1.2402847e-05
runsc_kvm,4096,1.3795183e-05
runsc_kvm,4096,1.4617257e-05
runsc_kvm,4096,1.3794132e-05
runsc_kvm,4096,1.4723585e-05
runsc_kvm,4096,1.3335231e-05
runsc_kvm,4096,1.4574108e-05
runsc_kvm,4096,1.3760402e-05
runsc_kvm,4096,1.2867959e-05
runsc_kvm,4096,1.3677827e-05
runsc_kvm,4096,1.3347344e-05
runsc_kvm,4096,1.3347294e-05
runsc_kvm,4096,1.4630271e-05
runsc_kvm,4096,1.2745746e-05
runsc_kvm,4096,1.3154583e-05
runsc_kvm,4096,1.4265291e-05
runsc_kvm,4096,1.3758622e-05
runsc_kvm,4096,1.3474402e-05
runc,65536,2.27371e-05
runc,65536,2.2927961e-05
runc,65536,2.3184157e-05
runc,65536,2.2499802e-05
runc,65536,2.307079e-05
runc,65536,2.263247e-05
runc,65536,2.2569862e-05
runc,65536,2.2700548e-05
runc,65536,2.3045146e-05
runc,65536,2.2425074e-05
runc,65536,2.443083e-05
runc,65536,2.353492e-05
runc,65536,2.2744644e-05
runc,65536,2.2527218e-05
runc,65536,2.4069406e-05
runc,65536,2.265255e-05
runc,65536,2.2548797e-05
runc,65536,2.2806506e-05
runc,65536,2.255919e-05
runc,65536,2.4103851e-05
runc,65536,2.3900675e-05
runc,65536,2.3827944e-05
runc,65536,2.2813154e-05
runc,65536,2.1996268e-05
runc,65536,2.2386808e-05
runc,65536,2.2958262e-05
runc,65536,2.3998367e-05
runc,65536,2.2571521e-05
runc,65536,2.2876533e-05
runc,65536,2.390675e-05
runc,65536,2.2893595e-05
runc,65536,2.2900091e-05
runc,65536,2.2574923e-05
runc,65536,2.4077051e-05
runc,65536,2.284845e-05
runc,65536,2.2673636e-05
runc,65536,2.2567232e-05
runc,65536,2.3047605e-05
runc,65536,2.2373677e-05
runc,65536,2.3063169e-05
runc,65536,2.3427467e-05
runc,65536,2.3182514e-05
runc,65536,2.2403805e-05
runc,65536,2.3595316e-05
runc,65536,2.2111604e-05
runc,65536,2.2789209e-05
runc,65536,2.3198285e-05
runc,65536,2.3876853e-05
runc,65536,2.1463875e-05
runc,65536,2.3846529e-05
runc,65536,2.393081e-05
runc,65536,2.3778035e-05
runc,65536,2.2838894e-05
runc,65536,2.2786708e-05
runc,65536,2.3472277e-05
runc,65536,2.3369685e-05
runc,65536,2.2102897e-05
runc,65536,2.2837048e-05
runc,65536,2.2843575e-05
runc,65536,2.35397e-05
runc,65536,2.1897686e-05
runc,65536,2.3502722e-05
runc,65536,2.3248887e-05
runc,65536,2.2776614e-05
runc,65536,2.3693898e-05
runc,65536,2.2545448e-05
runc,65536,2.3330451e-05
runc,65536,2.3569541e-05
runc,65536,2.3127332e-05
runc,65536,2.3954797e-05
runc,65536,2.3309703e-05
runc,65536,2.2603612e-05
runc,65536,2.3684592e-05
runc,65536,2.3278981e-05
runc,65536,2.2827297e-05
runc,65536,2.3687462e-05
runc,65536,2.2312226e-05
runc,65536,2.3661249e-05
runc,65536,2.3008623e-05
runc,65536,2.3468856e-05
runc,65536,2.2950886e-05
runc,65536,2.3713255e-05
runc,65536,2.4208606e-05
runc,65536,2.2204196e-05
runc,65536,2.4073363e-05
runc,65536,2.2810931e-05
runc,65536,2.3846293e-05
runc,65536,2.4044495e-05
runc,65536,2.4276585e-05
runc,65536,2.3256349e-05
runc,65536,2.2969616e-05
runc,65536,2.3216173e-05
runc,65536,2.3143519e-05
runc,65536,2.2779377e-05
runc,65536,2.4015924e-05
runc,65536,2.2925044e-05
runc,65536,2.2710536e-05
runc,65536,2.2442639e-05
runc,65536,2.3631939e-05
runc,65536,2.3043087e-05
runsc_kvm,16384,1.6150825e-05
runsc_kvm,16384,1.4987687e-05
runsc_kvm,16384,1.6723896e-05
runsc_kvm,16384,1.6686747e-05
runsc_kvm,16384,1.5151834e-05
runsc_kvm,16384,1.6403686e-05
runsc_kvm,16384,1.7550816e-05
runsc_kvm,16384,1.6456393e-05
runsc_kvm,16384,1.6130953e-05
runsc_kvm,16384,1.5491007e-05
runsc_kvm,16384,1.6489908e-05
runsc_kvm,16384,1.6830281e-05
runsc_kvm,16384,1.6446467e-05
runsc_kvm,16384,1.6053969e-05
runsc_kvm,16384,1.6992773e-05
runsc_kvm,16384,1.6949056e-05
runsc_kvm,16384,1.6101783e-05
runsc_kvm,16384,1.6036265e-05
runsc_kvm,16384,1.5817428e-05
runsc_kvm,16384,1.5820773e-05
runsc_kvm,16384,1.666951e-05
runsc_kvm,16384,1.6652293e-05
runsc_kvm,16384,1.6044436e-05
runsc_kvm,16384,1.6835853e-05
runsc_kvm,16384,1.5316231e-05
runsc_kvm,16384,1.6993032e-05
runsc_kvm,16384,1.5256607e-05
runsc_kvm,16384,1.6171896e-05
runsc_kvm,16384,1.4710626e-05
runsc_kvm,16384,1.8828721e-05
runsc_kvm,16384,1.6063512e-05
runsc_kvm,16384,1.6424323e-05
runsc_kvm,16384,1.5786622e-05
runsc_kvm,16384,1.658867e-05
runsc_kvm,16384,1.5060778e-05
runsc_kvm,16384,1.6160937e-05
runsc_kvm,16384,1.531899e-05
runsc_kvm,16384,1.6014741e-05
runsc_kvm,16384,1.711167e-05
runsc_kvm,16384,1.7015647e-05
runsc_kvm,16384,1.6314947e-05
runsc_kvm,16384,1.7943687e-05
runsc_kvm,16384,1.6187894e-05
runsc_kvm,16384,1.6902251e-05
runsc_kvm,16384,1.7500268e-05
runsc_kvm,16384,1.6124366e-05
runsc_kvm,16384,1.6996582e-05
runsc_kvm,16384,1.7499375e-05
runsc_kvm,16384,1.7641503e-05
runsc_kvm,16384,1.6173513e-05
runsc_kvm,16384,1.596756e-05
runsc_kvm,16384,1.6260126e-05
runsc_kvm,16384,1.7983431e-05
runsc_kvm,16384,1.6116173e-05
runsc_kvm,16384,1.72617e-05
runsc_kvm,16384,1.5534857e-05
runsc_kvm,16384,1.7913246e-05
runsc_kvm,16384,1.5627349e-05
runsc_kvm,16384,1.6680808e-05
runsc_kvm,16384,1.6535769e-05
runsc_kvm,16384,1.7409411e-05
runsc_kvm,16384,1.5697035e-05
runsc_kvm,16384,1.6666683e-05
runsc_kvm,16384,1.5777416e-05
runsc_kvm,16384,1.7330052e-05
runsc_kvm,16384,1.563114e-05
runsc_kvm,16384,1.5674837e-05
runsc_kvm,16384,1.5210499e-05
runsc_kvm,16384,1.6151072e-05
runsc_kvm,16384,1.6861117e-05
runsc_kvm,16384,1.6939783e-05
runsc_kvm,16384,1.6576056e-05
runsc_kvm,16384,1.6502052e-05
runsc_kvm,16384,1.6311871e-05
runsc_kvm,16384,1.8200328e-05
runsc_kvm,16384,1.6094784e-05
runsc_kvm,16384,1.6922118e-05
runsc_kvm,16384,1.6024622e-05
runsc_kvm,16384,1.5807083e-05
runsc_kvm,16384,1.6220158e-05
runsc_kvm,16384,1.5939446e-05
runsc_kvm,16384,1.6326539e-05
runsc_kvm,16384,1.684032e-05
runsc_kvm,16384,1.6645901e-05
runsc_kvm,16384,1.5167237e-05
runsc_kvm,16384,1.7092385e-05
runsc_kvm,16384,1.6552991e-05
runsc_kvm,16384,1.6235712e-05
runsc_kvm,16384,1.7201728e-05
runsc_kvm,16384,1.6073915e-05
runsc_kvm,16384,1.6638498e-05
runsc_kvm,16384,1.7758455e-05
runsc_kvm,16384,1.6272243e-05
runsc_kvm,16384,1.6679489e-05
runsc_kvm,16384,1.4642844e-05
runsc_kvm,16384,1.5906393e-05
runsc_kvm,16384,1.6787042e-05
runsc_kvm,16384,1.6939828e-05
runsc_kvm,16384,1.4752026e-05
runsc_kvm,16384,1.7314753e-05
bare,4096,1.697703e-06
bare,4096,1.216629e-06
bare,4096,1.683884e-06
bare,4096,1.225161e-06
bare,4096,1.469138e-06
bare,4096,1.701563e-06
bare,4096,1.589859e-06
bare,4096,1.681694e-06
bare,4096,1.640268e-06
bare,4096,1.657517e-06
bare,4096,1.675412e-06
bare,4096,1.22801e-06
bare,4096,1.218128e-06
bare,4096,1.227769e-06
bare,4096,1.608313e-06
bare,4096,1.529737e-06
bare,4096,1.199384e-06
bare,4096,1.529177e-06
bare,4096,1.675297e-06
bare,4096,1.698851e-06
bare,4096,1.682401e-06
bare,4096,1.327719e-06
bare,4096,1.692925e-06
bare,4096,1.394539e-06
bare,4096,1.709815e-06
bare,4096,1.707974e-06
bare,4096,1.481365e-06
bare,4096,1.703897e-06
bare,4096,1.650496e-06
bare,4096,1.694499e-06
bare,4096,1.702571e-06
bare,4096,1.708974e-06
bare,4096,1.201451e-06
bare,4096,1.67493e-06
bare,4096,1.682608e-06
bare,4096,1.32032e-06
bare,4096,1.704619e-06
bare,4096,1.353832e-06
bare,4096,2.009749e-06
bare,4096,1.264004e-06
bare,4096,1.51409e-06
bare,4096,1.204026e-06
bare,4096,1.196261e-06
bare,4096,1.198286e-06
bare,4096,1.232051e-06
bare,4096,1.68358e-06
bare,4096,1.697545e-06
bare,4096,1.732295e-06
bare,4096,1.622755e-06
bare,4096,1.682221e-06
bare,4096,1.315251e-06
bare,4096,1.666506e-06
bare,4096,1.680043e-06
bare,4096,1.612667e-06
bare,4096,1.697451e-06
bare,4096,1.34458e-06
bare,4096,1.569971e-06
bare,4096,1.697688e-06
bare,4096,1.651242e-06
bare,4096,1.370314e-06
bare,4096,1.68681e-06
bare,4096,1.650456e-06
bare,4096,1.222485e-06
bare,4096,1.692626e-06
bare,4096,1.692667e-06
bare,4096,1.328594e-06
bare,4096,1.241027e-06
bare,4096,1.23959e-06
bare,4096,1.237269e-06
bare,4096,1.305872e-06
bare,4096,1.355027e-06
bare,4096,1.69346e-06
bare,4096,1.713087e-06
bare,4096,1.604135e-06
bare,4096,1.201146e-06
bare,4096,1.231204e-06
bare,4096,1.427916e-06
bare,4096,1.219756e-06
bare,4096,1.681673e-06
bare,4096,1.19489e-06
bare,4096,1.689393e-06
bare,4096,1.260561e-06
bare,4096,1.217642e-06
bare,4096,1.197114e-06
bare,4096,1.690693e-06
bare,4096,1.724328e-06
bare,4096,1.210739e-06
bare,4096,1.67367e-06
bare,4096,1.683522e-06
bare,4096,1.561012e-06
bare,4096,1.61599e-06
bare,4096,1.200109e-06
bare,4096,1.703437e-06
bare,4096,1.200884e-06
bare,4096,9.66729e-07
bare,4096,9.73967e-07
bare,4096,1.033486e-06
bare,4096,1.253691e-06
bare,4096,1.683292e-06
bare,4096,1.282597e-06
runsc_ptrace,262144,0.00013669231
runsc_ptrace,262144,0.000117330732
runsc_ptrace,262144,0.00011244831
runsc_ptrace,262144,0.000122364232
runsc_ptrace,262144,0.000117343443
runsc_ptrace,262144,0.000120061122
runsc_ptrace,262144,0.000125719642
runsc_ptrace,262144,0.000116810974
runsc_ptrace,262144,0.000105473002
runsc_ptrace,262144,0.000120565936
runsc_ptrace,262144,0.000116336902
runsc_ptrace,262144,0.000122308906
runsc_ptrace,262144,0.000120373123
runsc_ptrace,262144,0.000119508142
runsc_ptrace,262144,0.000124724553
runsc_ptrace,262144,0.000131841443
runsc_ptrace,262144,0.000108073596
runsc_ptrace,262144,0.000112857837
runsc_ptrace,262144,0.000107572137
runsc_ptrace,262144,0.000108920118
runsc_ptrace,262144,0.000108723565
runsc_ptrace,262144,0.000142892095
runsc_ptrace,262144,0.000125327613
runsc_ptrace,262144,0.000123854174
runsc_ptrace,262144,0.000116757124
runsc_ptrace,262144,0.000113558672
runsc_ptrace,262144,0.000123076141
runsc_ptrace,262144,0.00010442132
runsc_ptrace,262144,0.000116693169
runsc_ptrace,262144,0.000103255923
runsc_ptrace,262144,0.000112815695
runsc_ptrace,262144,0.000105032348
runsc_ptrace,262144,0.000125674778
runsc_ptrace,262144,0.000118376825
runsc_ptrace,262144,0.000131495326
runsc_ptrace,262144,0.00010661647
runsc_ptrace,262144,0.000130073051
runsc_ptrace,262144,0.000121867888
runsc_ptrace,262144,0.000109054425
runsc_ptrace,262144,0.000125288774
runsc_ptrace,262144,0.000127037856
runsc_ptrace,262144,0.000114747476
runsc_ptrace,262144,0.000142453762
runsc_ptrace,262144,0.00011131807
runsc_ptrace,262144,0.000122628844
runsc_ptrace,262144,0.000114930466
runsc_ptrace,262144,0.000107402593
runsc_ptrace,262144,0.000134668822
runsc_ptrace,262144,0.000133216497
runsc_ptrace,262144,0.000120788143
runsc_ptrace,262144,0.000128968124
runsc_ptrace,262144,0.000119528559
runsc_ptrace,262144,0.000124906408
runsc_ptrace,262144,0.000153361092
runsc_ptrace,262144,0.000137547249
runsc_ptrace,262144,0.000107457287
runsc_ptrace,262144,0.000144859834
runsc_ptrace,262144,0.000133056179
runsc_ptrace,262144,0.00014283834
runsc_ptrace,262144,0.000110692912
runsc_ptrace,262144,0.000121514531
runsc_ptrace,262144,0.000112299917
runsc_ptrace,262144,0.000131528155
runsc_ptrace,262144,0.000133231835
runsc_ptrace,262144,0.000109429122
runsc_ptrace,262144,0.000128560976
runsc_ptrace,262144,0.00012502131
runsc_ptrace,262144,0.000122800004
runsc_ptrace,262144,0.000108423956
runsc_ptrace,262144,0.000129723514
runsc_ptrace,262144,0.000109057997
runsc_ptrace,262144,0.000142949255
runsc_ptrace,262144,0.000111969573
runsc_ptrace,262144,0.000124616767
runsc_ptrace,262144,0.000105069812
runsc_ptrace,262144,0.000138764968
runsc_ptrace,262144,0.000112754547
runsc_ptrace,262144,0.000101965925
runsc_ptrace,262144,0.000128688887
runsc_ptrace,262144,0.000117143849
runsc_ptrace,262144,0.000151230168
runsc_ptrace,262144,0.000125439095
runsc_ptrace,262144,0.00013036489
runsc_ptrace,262144,0.000133060908
runsc_ptrace,262144,0.000110819747
runsc_ptrace,262144,0.000107125081
runsc_ptrace,262144,0.000120301753
runsc_ptrace,262144,0.000122071011
runsc_ptrace,262144,0.000109977445
runsc_ptrace,262144,0.000135006543
runsc_ptrace,262144,0.000149276282
runsc_ptrace,262144,0.000103773156
runsc_ptrace,262144,0.000111752655
runsc_ptrace,262144,0.000121118661
runsc_ptrace,262144,0.000131442459
runsc_ptrace,262144,0.000102678518
runsc_ptrace,262144,0.000106019746
runsc_ptrace,262144,0.000144125137
runsc_ptrace,262144,0.000150142427
runsc_ptrace,262144,0.000125428021
runc,262144,8.1709157e-05
runc,262144,8.1230595e-05
runc,262144,8.6112384e-05
runc,262144,7.963083e-05
runc,262144,8.0747268e-05
runc,262144,8.0259626e-05
runc,262144,8.6070955e-05
runc,262144,8.0373429e-05
runc,262144,8.5527317e-05
runc,262144,8.0129277e-05
runc,262144,8.1127764e-05
runc,262144,8.4551175e-05
runc,262144,8.1289727e-05
runc,262144,8.1486702e-05
runc,262144,8.6220294e-05
runc,262144,7.9517602e-05
runc,262144,7.9995516e-05
runc,262144,7.9800528e-05
runc,262144,8.0500176e-05
runc,262144,8.0364312e-05
runc,262144,8.033331e-05
runc,262144,8.1263141e-05
runc,262144,8.1312624e-05
runc,262144,8.4644969e-05
runc,262144,8.0699072e-05
runc,262144,8.1216618e-05
runc,262144,8.1856975e-05
runc,262144,8.137316e-05
runc,262144,8.0984304e-05
runc,262144,7.968735e-05
runc,262144,8.2066137e-05
runc,262144,8.0511119e-05
runc,262144,8.1373393e-05
runc,262144,8.4460487e-05
runc,262144,7.9822967e-05
runc,262144,8.0729427e-05
runc,262144,8.0313075e-05
runc,262144,8.1259474e-05
runc,262144,8.1171398e-05
runc,262144,8.1303348e-05
runc,262144,8.1161197e-05
runc,262144,8.0062324e-05
runc,262144,8.141443e-05
runc,262144,8.0688369e-05
runc,262144,8.0228165e-05
runc,262144,8.0191166e-05
runc,262144,8.0237885e-05
runc,262144,8.0347098e-05
runc,262144,7.9614969e-05
runc,262144,8.5051259e-05
runc,262144,8.211784e-05
runc,262144,8.0481674e-05
runc,262144,8.5626241e-05
runc,262144,8.0614249e-05
runc,262144,8.088578e-05
runc,262144,8.4231317e-05
runc,262144,8.1134844e-05
runc,262144,8.0805788e-05
runc,262144,8.0692174e-05
runc,262144,7.9924714e-05
runc,262144,8.202059e-05
runc,262144,7.9997582e-05
runc,262144,8.025366e-05
runc,262144,8.3010847e-05
runc,262144,8.0324848e-05
runc,262144,8.4218103e-05
runc,262144,8.1510691e-05
runc,262144,8.1853454e-05
runc,262144,8.1685044e-05
runc,262144,8.5177053e-05
runc,262144,7.939327e-05
runc,262144,8.1113853e-05
runc,262144,7.9832193e-05
runc,262144,8.017561e-05
runc,262144,8.0189646e-05
runc,262144,8.1497099e-05
runc,262144,8.3578409e-05
runc,262144,7.9816789e-05
runc,262144,7.9368583e-05
runc,262144,8.0718375e-05
runc,262144,8.0528604e-05
runc,262144,8.3714025e-05
runc,262144,8.2209299e-05
runc,262144,8.1311817e-05
runc,262144,8.0541846e-05
runc,262144,8.2018872e-05
runc,262144,8.0203994e-05
runc,262144,8.1154765e-05
runc,262144,8.0865393e-05
runc,262144,8.2156163e-05
runc,262144,8.0567748e-05
runc,262144,8.0783575e-05
runc,262144,8.0168778e-05
runc,262144,8.0983773e-05
runc,262144,8.0745231e-05
runc,262144,8.1415797e-05
runc,262144,8.1180893e-05
runc,262144,8.1445294e-05
runc,262144,8.105718e-05
runc,262144,8.0462414e-05
bare,262144,0.000176108646
bare,262144,0.000165400677
bare,262144,0.000124306185
bare,262144,0.000166777245
bare,262144,0.000125265244
bare,262144,0.000171870168
bare,262144,0.000123227946
bare,262144,0.000170403713
bare,262144,0.000170544459
bare,262144,0.000127212406
bare,262144,0.000170030675
bare,262144,0.000125272301
bare,262144,0.000167274571
bare,262144,0.000125076869
bare,262144,0.000179018272
bare,262144,0.000172198808
bare,262144,0.000123805206
bare,262144,0.000166772152
bare,262144,0.000121879813
bare,262144,0.000168983475
bare,262144,0.000131288587
bare,262144,0.000162845463
bare,262144,0.000173225359
bare,262144,0.000122611469
bare,262144,0.000169245148
bare,262144,0.000123142134
bare,262144,0.000130934088
bare,262144,7.8680867e-05
bare,262144,8.1680104e-05
bare,262144,0.000126742336
bare,262144,0.000123783553
bare,262144,0.000176415997
bare,262144,0.00017415898
bare,262144,0.000125348699
bare,262144,0.000177228692
bare,262144,0.000154486916
bare,262144,0.000144167192
bare,262144,0.000167130886
bare,262144,0.000133870242
bare,262144,0.000175170309
bare,262144,0.000174744797
bare,262144,0.000124999482
bare,262144,0.000173154607
bare,262144,0.00017472927
bare,262144,0.000131178138
bare,262144,0.000174374116
bare,262144,0.000172335378
bare,262144,0.000130672764
bare,262144,0.000175200752
bare,262144,0.000175809342
bare,262144,0.000127151172
bare,262144,0.00017138457
bare,262144,0.000128381493
bare,262144,0.000172071799
bare,262144,0.000175303911
bare,262144,0.000129563618
bare,262144,0.000176698231
bare,262144,0.000177517795
bare,262144,0.000126813742
bare,262144,0.000173805733
bare,262144,0.000176214831
bare,262144,0.000123854959
bare,262144,0.000172617118
bare,262144,0.000125280858
bare,262144,0.000174491142
bare,262144,0.000173376757
bare,262144,0.000149303538
bare,262144,0.000161149495
bare,262144,0.000174882545
bare,262144,0.000174327026
bare,262144,0.000130102373
bare,262144,0.000174580113
bare,262144,0.000149097672
bare,262144,0.000150980661
bare,262144,0.000173625987
bare,262144,0.000164338053
bare,262144,0.000134391026
bare,262144,0.000172260567
bare,262144,0.000128315136
bare,262144,0.000173313019
bare,262144,0.000148565639
bare,262144,0.000145548038
bare,262144,0.000179916999
bare,262144,0.000126858344
bare,262144,0.000174538538
bare,262144,0.000172215659
bare,262144,0.000130764543
bare,262144,0.00016977347
bare,262144,0.000174760804
bare,262144,0.000125656428
bare,262144,0.000178151633
bare,262144,0.000176102069
bare,262144,0.000128797052
bare,262144,0.000173737601
bare,262144,0.000174787099
bare,262144,0.000126814193
bare,262144,0.00017660459
bare,262144,0.000141682933
bare,262144,7.9129066e-05
bare,262144,8.1462291e-05
runsc_kvm,1048576,0.000435154332
runsc_kvm,1048576,0.000418080017
runsc_kvm,1048576,0.000427273306
runsc_kvm,1048576,0.000418508571
runsc_kvm,1048576,0.000429431733
runsc_kvm,1048576,0.000431315129
runsc_kvm,1048576,0.000438331306
runsc_kvm,1048576,0.000433030917
runsc_kvm,1048576,0.000341942476
runsc_kvm,1048576,0.000450646708
runsc_kvm,1048576,0.000441938813
runsc_kvm,1048576,0.000423292397
runsc_kvm,1048576,0.00043570844
runsc_kvm,1048576,0.000417421688
runsc_kvm,1048576,0.000426695799
runsc_kvm,1048576,0.000436263683
runsc_kvm,1048576,0.000438876421
runsc_kvm,1048576,0.000440779142
runsc_kvm,1048576,0.000454903377
runsc_kvm,1048576,0.000423000311
runsc_kvm,1048576,0.000423066987
runsc_kvm,1048576,0.000438816962
runsc_kvm,1048576,0.000432451809
runsc_kvm,1048576,0.000431429216
runsc_kvm,1048576,0.000421483273
runsc_kvm,1048576,0.000434271671
runsc_kvm,1048576,0.000446563383
runsc_kvm,1048576,0.000443710946
runsc_kvm,1048576,0.00042372715
runsc_kvm,1048576,0.000428296742
runsc_kvm,1048576,0.000439624011
runsc_kvm,1048576,0.00043577695
runsc_kvm,1048576,0.000424855883
runsc_kvm,1048576,0.000427674328
runsc_kvm,1048576,0.000435491151
runsc_kvm,1048576,0.00046576382
runsc_kvm,1048576,0.000441338809
runsc_kvm,1048576,0.000431718683
runsc_kvm,1048576,0.000435926253
runsc_kvm,1048576,0.000444731937
runsc_kvm,1048576,0.000444647099
runsc_kvm,1048576,0.000459211209
runsc_kvm,1048576,0.000442904624
runsc_kvm,1048576,0.000443326746
runsc_kvm,1048576,0.000430933142
runsc_kvm,1048576,0.000431570195
runsc_kvm,1048576,0.000443807599
runsc_kvm,1048576,0.000423280901
runsc_kvm,1048576,0.000439539494
runsc_kvm,1048576,0.000438096846
runsc_kvm,1048576,0.000422760786
runsc_kvm,1048576,0.000427211722
runsc_kvm,1048576,0.00042760541
runsc_kvm,1048576,0.000444357865
runsc_kvm,1048576,0.000344394124
runsc_kvm,1048576,0.000432708621
runsc_kvm,1048576,0.000430908054
runsc_kvm,1048576,0.000432934787
runsc_kvm,1048576,0.00043554607
runsc_kvm,1048576,0.00043487706
runsc_kvm,1048576,0.000348324626
runsc_kvm,1048576,0.000448026694
runsc_kvm,1048576,0.000424903177
runsc_kvm,1048576,0.000418720942
runsc_kvm,1048576,0.000429210078
runsc_kvm,1048576,0.000431971857
runsc_kvm,1048576,0.000443065161
runsc_kvm,1048576,0.000442440505
runsc_kvm,1048576,0.000455758243
runsc_kvm,1048576,0.000332277705
runsc_kvm,1048576,0.000435750146
runsc_kvm,1048576,0.000417788688
runsc_kvm,1048576,0.000439717813
runsc_kvm,1048576,0.000423404737
runsc_kvm,1048576,0.00044647156
runsc_kvm,1048576,0.000417103438
runsc_kvm,1048576,0.000434751215
runsc_kvm,1048576,0.000438208197
runsc_kvm,1048576,0.000335093035
runsc_kvm,1048576,0.000772160362
runsc_kvm,1048576,0.000379774981
runsc_kvm,1048576,0.000433174137
runsc_kvm,1048576,0.000431016437
runsc_kvm,1048576,0.00046321319
runsc_kvm,1048576,0.000437306706
runsc_kvm,1048576,0.000445531419
runsc_kvm,1048576,0.000427888299
runsc_kvm,1048576,0.000426574057
runsc_kvm,1048576,0.000440882577
runsc_kvm,1048576,0.000392493501
runsc_kvm,1048576,0.000431162654
runsc_kvm,1048576,0.000432356988
runsc_kvm,1048576,0.000439975702
runsc_kvm,1048576,0.000429114938
runsc_kvm,1048576,0.000430083543
runsc_kvm,1048576,0.000442351651
runsc_kvm,1048576,0.000418027601
runsc_kvm,1048576,0.000427177845
runsc_kvm,1048576,0.000441773009
runsc_kvm,1048576,0.000424474914
runsc_kvm,262144,0.000104196952
runsc_kvm,262144,0.000114095077
runsc_kvm,262144,0.000102162303
runsc_kvm,262144,0.000104655257
runsc_kvm,262144,9.2204144e-05
runsc_kvm,262144,0.000102139209
runsc_kvm,262144,0.000103860315
runsc_kvm,262144,0.000111284513
runsc_kvm,262144,9.9498044e-05
runsc_kvm,262144,9.6318283e-05
runsc_kvm,262144,0.000107719308
runsc_kvm,262144,0.000100870231
runsc_kvm,262144,0.000101403144
runsc_kvm,262144,0.000101820391
runsc_kvm,262144,9.8066041e-05
runsc_kvm,262144,0.000106864252
runsc_kvm,262144,0.000109714747
runsc_kvm,262144,0.000103793667
runsc_kvm,262144,0.000106167143
runsc_kvm,262144,9.4702147e-05
runsc_kvm,262144,0.000104030711
runsc_kvm,262144,0.0001038931
runsc_kvm,262144,0.000108825567
runsc_kvm,262144,0.000107544918
runsc_kvm,262144,0.000103246981
runsc_kvm,262144,0.000102917365
runsc_kvm,262144,0.000105756044
runsc_kvm,262144,0.000104563129
runsc_kvm,262144,0.000110015164
runsc_kvm,262144,0.000110582769
runsc_kvm,262144,9.3027011e-05
runsc_kvm,262144,0.00010090023
runsc_kvm,262144,9.3283998e-05
runsc_kvm,262144,9.782202e-05
runsc_kvm,262144,0.000107260923
runsc_kvm,262144,0.000100487559
runsc_kvm,262144,9.5905554e-05
runsc_kvm,262144,0.000104955667
runsc_kvm,262144,9.9441488e-05
runsc_kvm,262144,9.8000601e-05
runsc_kvm,262144,0.00010837755
runsc_kvm,262144,0.000101924954
runsc_kvm,262144,0.000100676603
runsc_kvm,262144,0.000106987965
runsc_kvm,262144,0.000109415058
runsc_kvm,262144,0.000104078455
runsc_kvm,262144,9.8719218e-05
runsc_kvm,262144,0.000103493127
runsc_kvm,262144,9.6291704e-05
runsc_kvm,262144,0.00010471281
runsc_kvm,262144,0.000105068582
runsc_kvm,262144,0.000107214139
runsc_kvm,262144,0.000114220704
runsc_kvm,262144,9.7301308e-05
runsc_kvm,262144,9.7918055e-05
runsc_kvm,262144,0.000103726234
runsc_kvm,262144,0.000104359453
runsc_kvm,262144,0.000111881563
runsc_kvm,262144,0.000107083244
runsc_kvm,262144,9.7783006e-05
runsc_kvm,262144,0.000103047096
runsc_kvm,262144,9.5803291e-05
runsc_kvm,262144,0.000107956323
runsc_kvm,262144,0.000109124543
runsc_kvm,262144,9.5266456e-05
runsc_kvm,262144,9.653587e-05
runsc_kvm,262144,9.9786834e-05
runsc_kvm,262144,9.8397119e-05
runsc_kvm,262144,0.000103175815
runsc_kvm,262144,0.000108752116
runsc_kvm,262144,9.8212673e-05
runsc_kvm,262144,0.000104297469
runsc_kvm,262144,0.000107383596
runsc_kvm,262144,9.5372125e-05
runsc_kvm,262144,0.000104351384
runsc_kvm,262144,0.000102726844
runsc_kvm,262144,9.8126067e-05
runsc_kvm,262144,0.000110615532
runsc_kvm,262144,0.000103791543
runsc_kvm,262144,0.000103732375
runsc_kvm,262144,9.6574237e-05
runsc_kvm,262144,9.666969e-05
runsc_kvm,262144,9.9880999e-05
runsc_kvm,262144,0.000106010091
runsc_kvm,262144,0.000103331229
runsc_kvm,262144,0.000104561092
runsc_kvm,262144,9.595773e-05
runsc_kvm,262144,9.4911979e-05
runsc_kvm,262144,0.000101422775
runsc_kvm,262144,0.000100577498
runsc_kvm,262144,9.8628567e-05
runsc_kvm,262144,9.665377e-05
runsc_kvm,262144,9.663908e-05
runsc_kvm,262144,0.000109532426
runsc_kvm,262144,9.585869e-05
runsc_kvm,262144,0.00010693349
runsc_kvm,262144,0.000105816609
runsc_kvm,262144,0.000106475185
runsc_kvm,262144,9.7136777e-05
runsc_kvm,262144,0.000121509634
bare,65536,2.2761815e-05
bare,65536,2.1623282e-05
bare,65536,2.1312351e-05
bare,65536,2.3777668e-05
bare,65536,2.2433958e-05
bare,65536,2.2758531e-05
bare,65536,2.2490547e-05
bare,65536,2.2032817e-05
bare,65536,2.3723547e-05
bare,65536,2.2117591e-05
bare,65536,2.2098635e-05
bare,65536,2.2630467e-05
bare,65536,2.2869182e-05
bare,65536,2.1377004e-05
bare,65536,2.1088606e-05
bare,65536,2.1688489e-05
bare,65536,2.1844844e-05
bare,65536,2.0947447e-05
bare,65536,2.0501748e-05
bare,65536,2.1756659e-05
bare,65536,2.3085982e-05
bare,65536,2.2683682e-05
bare,65536,2.1293845e-05
bare,65536,2.1836411e-05
bare,65536,2.0695848e-05
bare,65536,2.0770896e-05
bare,65536,2.1581844e-05
bare,65536,2.1381669e-05
bare,65536,2.0643341e-05
bare,65536,2.1864167e-05
bare,65536,2.0380139e-05
bare,65536,2.0841931e-05
bare,65536,2.3903558e-05
bare,65536,2.2647333e-05
bare,65536,2.2925595e-05
bare,65536,2.2529883e-05
bare,65536,2.2617061e-05
bare,65536,2.2894927e-05
bare,65536,2.1341815e-05
bare,65536,2.1033604e-05
bare,65536,2.0452966e-05
bare,65536,2.1411252e-05
bare,65536,2.1233485e-05
bare,65536,2.1272019e-05
bare,65536,2.1373891e-05
bare,65536,2.1527281e-05
bare,65536,2.0830081e-05
bare,65536,2.1420075e-05
bare,65536,2.1196114e-05
bare,65536,2.0985071e-05
bare,65536,2.1559503e-05
bare,65536,2.1329599e-05
bare,65536,2.1460348e-05
bare,65536,2.2866681e-05
bare,65536,2.2858507e-05
bare,65536,2.2281611e-05
bare,65536,2.1555874e-05
bare,65536,2.1028822e-05
bare,65536,2.286079e-05
bare,65536,2.2986344e-05
bare,65536,2.1115375e-05
bare,65536,2.2901771e-05
bare,65536,2.2870272e-05
bare,65536,2.1306601e-05
bare,65536,2.2882316e-05
bare,65536,2.2546319e-05
bare,65536,2.2645962e-05
bare,65536,2.2611179e-05
bare,65536,2.1360775e-05
bare,65536,2.2732182e-05
bare,65536,2.277257e-05
bare,65536,2.253077e-05
bare,65536,2.2959879e-05
bare,65536,2.2668617e-05
bare,65536,2.1294434e-05
bare,65536,2.3024582e-05
bare,65536,2.2790951e-05
bare,65536,2.3147601e-05
bare,65536,2.1771113e-05
bare,65536,2.247679e-05
bare,65536,2.2220269e-05
bare,65536,2.1190654e-05
bare,65536,2.1510361e-05
bare,65536,2.2591243e-05
bare,65536,2.3046709e-05
bare,65536,2.2344788e-05
bare,65536,2.275109e-05
bare,65536,2.1108866e-05
bare,65536,2.150609e-05
bare,65536,2.1435948e-05
bare,65536,2.1413132e-05
bare,65536,2.1481819e-05
bare,65536,2.1235919e-05
bare,65536,2.1612715e-05
bare,65536,2.0933625e-05
bare,65536,2.1334112e-05
bare,65536,2.1051901e-05
bare,65536,2.1735927e-05
bare,65536,2.2839935e-05
bare,65536,2.2745455e-05
runsc_ptrace,65536,4.7799273e-05
runsc_ptrace,65536,5.8904439e-05
runsc_ptrace,65536,5.1180363e-05
runsc_ptrace,65536,4.4250082e-05
runsc_ptrace,65536,5.8574915e-05
runsc_ptrace,65536,4.981587e-05
runsc_ptrace,65536,5.1018094e-05
runsc_ptrace,65536,4.1873183e-05
runsc_ptrace,65536,5.8563404e-05
runsc_ptrace,65536,4.3626813e-05
runsc_ptrace,65536,4.6719466e-05
runsc_ptrace,65536,4.9048671e-05
runsc_ptrace,65536,4.297978e-05
runsc_ptrace,65536,4.6950572e-05
runsc_ptrace,65536,4.5256344e-05
runsc_ptrace,65536,4.1524196e-05
runsc_ptrace,65536,4.3241886e-05
runsc_ptrace,65536,4.2900669e-05
runsc_ptrace,65536,4.226061e-05
runsc_ptrace,65536,5.410417e-05
runsc_ptrace,65536,4.6452365e-05
runsc_ptrace,65536,4.7686295e-05
runsc_ptrace,65536,4.4589127e-05
runsc_ptrace,65536,5.2810803e-05
runsc_ptrace,65536,5.4202828e-05
runsc_ptrace,65536,5.202827e-05
runsc_ptrace,65536,5.1256138e-05
runsc_ptrace,65536,5.4085624e-05
runsc_ptrace,65536,4.6615831e-05
runsc_ptrace,65536,5.2752624e-05
runsc_ptrace,65536,3.9435014e-05
runsc_ptrace,65536,5.770216e-05
runsc_ptrace,65536,4.4572287e-05
runsc_ptrace,65536,5.7048095e-05
runsc_ptrace,65536,4.4503675e-05
runsc_ptrace,65536,4.9368209e-05
runsc_ptrace,65536,6.1302999e-05
runsc_ptrace,65536,4.5713965e-05
runsc_ptrace,65536,5.5996181e-05
runsc_ptrace,65536,5.8608213e-05
runsc_ptrace,65536,4.4202261e-05
runsc_ptrace,65536,5.6812267e-05
runsc_ptrace,65536,5.1618099e-05
runsc_ptrace,65536,5.1485171e-05
runsc_ptrace,65536,4.5261331e-05
runsc_ptrace,65536,4.4266915e-05
runsc_ptrace,65536,4.3628035e-05
runsc_ptrace,65536,4.8320275e-05
runsc_ptrace,65536,5.7524991e-05
runsc_ptrace,65536,4.545652e-05
runsc_ptrace,65536,5.8877144e-05
runsc_ptrace,65536,5.001359e-05
runsc_ptrace,65536,4.551126e-05
runsc_ptrace,65536,4.5479061e-05
runsc_ptrace,65536,5.839736e-05
runsc_ptrace,65536,4.4870016e-05
runsc_ptrace,65536,4.9434289e-05
runsc_ptrace,65536,4.6766483e-05
runsc_ptrace,65536,4.1488962e-05
runsc_ptrace,65536,5.6967096e-05
runsc_ptrace,65536,4.6851197e-05
runsc_ptrace,65536,5.7410951e-05
runsc_ptrace,65536,5.3282474e-05
runsc_ptrace,65536,4.4401331e-05
runsc_ptrace,65536,5.4514658e-05
runsc_ptrace,65536,6.1336519e-05
runsc_ptrace,65536,4.7976981e-05
runsc_ptrace,65536,4.7622121e-05
runsc_ptrace,65536,5.6733523e-05
runsc_ptrace,65536,4.5987781e-05
runsc_ptrace,65536,4.6318823e-05
runsc_ptrace,65536,4.4968419e-05
runsc_ptrace,65536,5.0145296e-05
runsc_ptrace,65536,4.4848301e-05
runsc_ptrace,65536,5.2674008e-05
runsc_ptrace,65536,6.0170027e-05
runsc_ptrace,65536,4.8792186e-05
runsc_ptrace,65536,4.6771678e-05
runsc_ptrace,65536,5.1588017e-05
runsc_ptrace,65536,4.60593e-05
runsc_ptrace,65536,5.0015769e-05
runsc_ptrace,65536,4.5533179e-05
runsc_ptrace,65536,4.2655345e-05
runsc_ptrace,65536,5.9958769e-05
runsc_ptrace,65536,5.6249501e-05
runsc_ptrace,65536,5.7012105e-05
runsc_ptrace,65536,4.3803553e-05
runsc_ptrace,65536,4.4445704e-05
runsc_ptrace,65536,3.7997292e-05
runsc_ptrace,65536,4.8301707e-05
runsc_ptrace,65536,5.7112058e-05
runsc_ptrace,65536,5.0521478e-05
runsc_ptrace,65536,5.4659649e-05
runsc_ptrace,65536,5.0071059e-05
runsc_ptrace,65536,5.6379682e-05
runsc_ptrace,65536,5.7931004e-05
runsc_ptrace,65536,4.6387479e-05
runsc_ptrace,65536,4.9126207e-05
runsc_ptrace,65536,4.6349884e-05
runsc_ptrace,65536,5.4327036e-05
runc,1048576,0.000331640884
runc,1048576,0.000341885752
runc,1048576,0.000336949452
runc,1048576,0.000333056756
runc,1048576,0.000328956492
runc,1048576,0.000313937257
runc,1048576,0.000330560113
runc,1048576,0.000421247649
runc,1048576,0.000422183482
runc,1048576,0.000411395304
runc,1048576,0.0003213296
runc,1048576,0.000336426543
runc,1048576,0.000331901771
runc,1048576,0.000379978039
runc,1048576,0.00032925923
runc,1048576,0.000331989926
runc,1048576,0.000330431707
runc,1048576,0.000332168624
runc,1048576,0.00031053464
runc,1048576,0.000420634809
runc,1048576,0.0004081855
runc,1048576,0.000414176873
runc,1048576,0.000375820004
runc,1048576,0.000331133226
runc,1048576,0.000433792447
runc,1048576,0.000317641126
runc,1048576,0.000329137722
runc,1048576,0.000313974597
runc,1048576,0.00040346061
runc,1048576,0.000315320824
runc,1048576,0.000336682104
runc,1048576,0.000328543276
runc,1048576,0.000419491553
runc,1048576,0.000396617863
runc,1048576,0.000327699003
runc,1048576,0.000428557803
runc,1048576,0.000418418611
runc,1048576,0.000421101373
runc,1048576,0.000311423151
runc,1048576,0.000337643578
runc,1048576,0.000330010807
runc,1048576,0.000416391878
runc,1048576,0.000413985341
runc,1048576,0.000310084783
runc,1048576,0.000333303178
runc,1048576,0.000311602547
runc,1048576,0.000417607836
runc,1048576,0.000412912952
runc,1048576,0.00035261063
runc,1048576,0.000332518248
runc,1048576,0.000327748479
runc,1048576,0.000330480107
runc,1048576,0.000310597592
runc,1048576,0.000422481302
runc,1048576,0.000411230634
runc,1048576,0.000411315297
runc,1048576,0.000425975828
runc,1048576,0.000328901107
runc,1048576,0.000330399314
runc,1048576,0.000332537456
runc,1048576,0.000378474535
runc,1048576,0.000422727899
runc,1048576,0.000380849262
runc,1048576,0.000427928549
runc,1048576,0.000415061571
runc,1048576,0.00032958985
runc,1048576,0.000379870035
runc,1048576,0.000392701797
runc,1048576,0.000424088706
runc,1048576,0.000420431053
runc,1048576,0.000317946513
runc,1048576,0.000331664894
runc,1048576,0.000332984404
runc,1048576,0.000318630977
runc,1048576,0.000403723359
runc,1048576,0.000318284612
runc,1048576,0.000337928097
runc,1048576,0.000334283337
runc,1048576,0.000325272442
runc,1048576,0.000413961272
runc,1048576,0.000317488739
runc,1048576,0.000328330992
runc,1048576,0.00037986954
runc,1048576,0.000320719439
runc,1048576,0.000318502396
runc,1048576,0.000363777508
runc,1048576,0.000329962815
runc,1048576,0.000331762916
runc,1048576,0.000380442623
runc,1048576,0.000330610084
runc,1048576,0.000330904644
runc,1048576,0.000381871796
runc,1048576,0.000380166894
runc,1048576,0.000324993976
runc,1048576,0.00034073196
runc,1048576,0.00033107365
runc,1048576,0.000320214662
runc,1048576,0.000339844672
runc,1048576,0.00033071902
runc,1048576,0.000380455313
runsc_ptrace,4096,1.8058414e-05
runsc_ptrace,4096,1.7812672e-05
runsc_ptrace,4096,1.6547659e-05
runsc_ptrace,4096,1.947543e-05
runsc_ptrace,4096,1.5801013e-05
runsc_ptrace,4096,1.8352443e-05
runsc_ptrace,4096,1.6651631e-05
runsc_ptrace,4096,1.7719514e-05
runsc_ptrace,4096,1.552102e-05
runsc_ptrace,4096,2.0319561e-05
runsc_ptrace,4096,1.7735754e-05
runsc_ptrace,4096,1.8201148e-05
runsc_ptrace,4096,1.7019829e-05
runsc_ptrace,4096,1.7837272e-05
runsc_ptrace,4096,1.758691e-05
runsc_ptrace,4096,1.7265742e-05
runsc_ptrace,4096,1.9033971e-05
runsc_ptrace,4096,1.8196952e-05
runsc_ptrace,4096,1.6296241e-05
runsc_ptrace,4096,1.7634848e-05
runsc_ptrace,4096,1.7621915e-05
runsc_ptrace,4096,1.6729609e-05
runsc_ptrace,4096,1.7406444e-05
runsc_ptrace,4096,1.7550068e-05
runsc_ptrace,4096,1.6899243e-05
runsc_ptrace,4096,1.7908358e-05
runsc_ptrace,4096,1.5568017e-05
runsc_ptrace,4096,2.3302668e-05
runsc_ptrace,4096,1.726144e-05
runsc_ptrace,4096,1.6923053e-05
runsc_ptrace,4096,1.7552444e-05
runsc_ptrace,4096,1.767474e-05
runsc_ptrace,4096,1.8124467e-05
runsc_ptrace,4096,1.6638574e-05
runsc_ptrace,4096,1.7912844e-05
runsc_ptrace,4096,2.0058589e-05
runsc_ptrace,4096,1.7669319e-05
runsc_ptrace,4096,1.7460825e-05
runsc_ptrace,4096,1.7290973e-05
runsc_ptrace,4096,1.7820343e-05
runsc_ptrace,4096,1.8315293e-05
runsc_ptrace,4096,1.7190441e-05
runsc_ptrace,4096,1.6577331e-05
runsc_ptrace,4096,1.907536e-05
runsc_ptrace,4096,1.878697e-05
runsc_ptrace,4096,1.7897532e-05
runsc_ptrace,4096,1.7828228e-05
runsc_ptrace,4096,1.7118778e-05
runsc_ptrace,4096,1.7765689e-05
runsc_ptrace,4096,1.7653661e-05
runsc_ptrace,4096,1.7701735e-05
runsc_ptrace,4096,1.7080813e-05
runsc_ptrace,4096,1.8016211e-05
runsc_ptrace,4096,2.0473572e-05
runsc_ptrace,4096,1.7528131e-05
runsc_ptrace,4096,1.7760758e-05
runsc_ptrace,4096,1.7959066e-05
runsc_ptrace,4096,1.7660303e-05
runsc_ptrace,4096,1.852242e-05
runsc_ptrace,4096,1.6755177e-05
runsc_ptrace,4096,1.7978524e-05
runsc_ptrace,4096,1.834284e-05
runsc_ptrace,4096,1.9412211e-05
runsc_ptrace,4096,1.7220582e-05
runsc_ptrace,4096,1.7453071e-05
runsc_ptrace,4096,1.7560582e-05
runsc_ptrace,4096,1.8088074e-05
runsc_ptrace,4096,1.7107503e-05
runsc_ptrace,4096,1.7211996e-05
runsc_ptrace,4096,1.5929005e-05
runsc_ptrace,4096,1.7649241e-05
runsc_ptrace,4096,1.6863602e-05
runsc_ptrace,4096,1.7992492e-05
runsc_ptrace,4096,1.7409266e-05
runsc_ptrace,4096,1.7663822e-05
runsc_ptrace,4096,1.736073e-05
runsc_ptrace,4096,1.7979877e-05
runsc_ptrace,4096,1.7518725e-05
runsc_ptrace,4096,1.7092198e-05
runsc_ptrace,4096,1.7746046e-05
runsc_ptrace,4096,1.7855657e-05
runsc_ptrace,4096,1.7281323e-05
runsc_ptrace,4096,1.6106434e-05
runsc_ptrace,4096,1.7039296e-05
runsc_ptrace,4096,1.8183615e-05
runsc_ptrace,4096,1.7470029e-05
runsc_ptrace,4096,1.5466938e-05
runsc_ptrace,4096,1.7699043e-05
runsc_ptrace,4096,1.6721495e-05
runsc_ptrace,4096,1.6305505e-05
runsc_ptrace,4096,1.8359502e-05
runsc_ptrace,4096,1.8854822e-05
runsc_ptrace,4096,1.800166e-05
runsc_ptrace,4096,1.6749083e-05
runsc_ptrace,4096,1.7334831e-05
runsc_ptrace,4096,1.7541954e-05
runsc_ptrace,4096,1.7485654e-05
runsc_ptrace,4096,1.8520048e-05
runsc_ptrace,4096,1.8661389e-05
runsc_ptrace,4096,1.7013974e-05
runsc_kvm,65536,3.4040851e-05
runsc_kvm,65536,3.5160057e-05
runsc_kvm,65536,3.4786295e-05
runsc_kvm,65536,3.6023761e-05
runsc_kvm,65536,3.7371501e-05
runsc_kvm,65536,4.0394149e-05
runsc_kvm,65536,4.1580206e-05
runsc_kvm,65536,3.8149472e-05
runsc_kvm,65536,3.8274404e-05
runsc_kvm,65536,3.5638353e-05
runsc_kvm,65536,3.4945118e-05
runsc_kvm,65536,3.4094588e-05
runsc_kvm,65536,3.8760034e-05
runsc_kvm,65536,3.8206519e-05
runsc_kvm,65536,3.7031026e-05
runsc_kvm,65536,3.6822137e-05
runsc_kvm,65536,3.3725435e-05
runsc_kvm,65536,3.5847534e-05
runsc_kvm,65536,4.0872532e-05
runsc_kvm,65536,3.7753332e-05
runsc_kvm,65536,3.8060884e-05
runsc_kvm,65536,3.4249118e-05
runsc_kvm,65536,3.6315894e-05
runsc_kvm,65536,3.896244e-05
runsc_kvm,65536,3.926074e-05
runsc_kvm,65536,3.5053388e-05
runsc_kvm,65536,3.8615082e-05
runsc_kvm,65536,3.6065241e-05
runsc_kvm,65536,3.747936e-05
runsc_kvm,65536,3.5927977e-05
runsc_kvm,65536,3.5455359e-05
runsc_kvm,65536,3.8948274e-05
runsc_kvm,65536,3.6465139e-05
runsc_kvm,65536,4.0500938e-05
runsc_kvm,65536,3.8783015e-05
runsc_kvm,65536,3.6491267e-05
runsc_kvm,65536,3.7719954e-05
runsc_kvm,65536,3.4996119e-05
runsc_kvm,65536,3.63422e-05
runsc_kvm,65536,3.7603186e-05
runsc_kvm,65536,3.8209688e-05
runsc_kvm,65536,3.727408e-05
runsc_kvm,65536,3.7735521e-05
runsc_kvm,65536,3.6701527e-05
runsc_kvm,65536,3.757135e-05
runsc_kvm,65536,3.6462443e-05
runsc_kvm,65536,3.8172238e-05
runsc_kvm,65536,4.0276347e-05
runsc_kvm,65536,3.4898225e-05
runsc_kvm,65536,3.8182727e-05
runsc_kvm,65536,3.9444421e-05
runsc_kvm,65536,3.7532223e-05
runsc_kvm,65536,3.6870326e-05
runsc_kvm,65536,4.0151463e-05
runsc_kvm,65536,4.1530544e-05
runsc_kvm,65536,3.2979078e-05
runsc_kvm,65536,3.8727718e-05
runsc_kvm,65536,3.8212995e-05
runsc_kvm,65536,3.8429669e-05
runsc_kvm,65536,3.630215e-05
runsc_kvm,65536,3.6506844e-05
runsc_kvm,65536,3.7147896e-05
runsc_kvm,65536,3.4290468e-05
runsc_kvm,65536,3.6377482e-05
runsc_kvm,65536,3.6426161e-05
runsc_kvm,65536,3.4394016e-05
runsc_kvm,65536,3.3582757e-05
runsc_kvm,65536,3.8634698e-05
runsc_kvm,65536,3.8660917e-05
runsc_kvm,65536,3.5519064e-05
runsc_kvm,65536,3.4426776e-05
runsc_kvm,65536,3.9323055e-05
runsc_kvm,65536,3.5174242e-05
runsc_kvm,65536,3.7491845e-05
runsc_kvm,65536,3.5399018e-05
runsc_kvm,65536,3.5870442e-05
runsc_kvm,65536,3.5710582e-05
runsc_kvm,65536,3.5069723e-05
runsc_kvm,65536,4.0782084e-05
runsc_kvm,65536,3.8189995e-05
runsc_kvm,65536,3.732818e-05
runsc_kvm,65536,4.0230385e-05
runsc_kvm,65536,3.7711499e-05
runsc_kvm,65536,3.7442071e-05
runsc_kvm,65536,4.0943225e-05
runsc_kvm,65536,3.7808579e-05
runsc_kvm,65536,4.1044816e-05
runsc_kvm,65536,3.8999893e-05
runsc_kvm,65536,3.5335743e-05
runsc_kvm,65536,3.759531e-05
runsc_kvm,65536,3.6884117e-05
runsc_kvm,65536,3.7049078e-05
runsc_kvm,65536,3.5235411e-05
runsc_kvm,65536,3.4712994e-05
runsc_kvm,65536,3.3769964e-05
runsc_kvm,65536,3.5955614e-05
runsc_kvm,65536,3.8283557e-05
runsc_kvm,65536,3.7234022e-05
runsc_kvm,65536,3.7733364e-05
runsc_kvm,65536,3.9094371e-05
runc,16384,4.288365e-06
runc,16384,4.220806e-06
runc,16384,4.708581e-06
runc,16384,4.360194e-06
runc,16384,4.358605e-06
runc,16384,4.37754e-06
runc,16384,4.23951e-06
runc,16384,4.422428e-06
runc,16384,4.286904e-06
runc,16384,4.289434e-06
runc,16384,4.32765e-06
runc,16384,4.136509e-06
runc,16384,4.546508e-06
runc,16384,4.316921e-06
runc,16384,4.426393e-06
runc,16384,4.06915e-06
runc,16384,4.300241e-06
runc,16384,4.196721e-06
runc,16384,4.22861e-06
runc,16384,4.344284e-06
runc,16384,4.357499e-06
runc,16384,4.287796e-06
runc,16384,4.353547e-06
runc,16384,4.408077e-06
runc,16384,4.555107e-06
runc,16384,4.338811e-06
runc,16384,4.111858e-06
runc,16384,4.50892e-06
runc,16384,4.276472e-06
runc,16384,4.611077e-06
runc,16384,4.211182e-06
runc,16384,4.479627e-06
runc,16384,4.593237e-06
runc,16384,4.240034e-06
runc,16384,4.653622e-06
runc,16384,4.383531e-06
runc,16384,4.612386e-06
runc,16384,4.485441e-06
runc,16384,4.248977e-06
runc,16384,4.245517e-06
runc,16384,4.262904e-06
runc,16384,4.522576e-06
runc,16384,4.336506e-06
runc,16384,4.397594e-06
runc,16384,4.387693e-06
runc,16384,4.400627e-06
runc,16384,4.405382e-06
runc,16384,4.322141e-06
runc,16384,4.447917e-06
runc,16384,4.44959e-06
runc,16384,4.538082e-06
runc,16384,4.355429e-06
runc,16384,4.405628e-06
runc,16384,4.393062e-06
runc,16384,4.598058e-06
runc,16384,4.551182e-06
runc,16384,4.499473e-06
runc,16384,4.341958e-06
runc,16384,4.427605e-06
runc,16384,4.338436e-06
runc,16384,4.212601e-06
runc,16384,4.28476e-06
runc,16384,4.216286e-06
runc,16384,4.376675e-06
runc,16384,4.381912e-06
runc,16384,4.569973e-06
runc,16384,4.432268e-06
runc,16384,4.508688e-06
runc,16384,4.20879e-06
runc,16384,4.369193e-06
runc,16384,4.385056e-06
runc,16384,4.330423e-06
runc,16384,4.24163e-06
runc,16384,4.383383e-06
runc,16384,3.998887e-06
runc,16384,4.275865e-06
runc,16384,4.396414e-06
runc,16384,4.225583e-06
runc,16384,4.214643e-06
runc,16384,4.650895e-06
runc,16384,4.202799e-06
runc,16384,4.15446e-06
runc,16384,4.277398e-06
runc,16384,4.473323e-06
runc,16384,4.218054e-06
runc,16384,4.377954e-06
runc,16384,4.414559e-06
runc,16384,4.290631e-06
runc,16384,4.426529e-06
runc,16384,4.283585e-06
runc,16384,4.612645e-06
runc,16384,4.440707e-06
runc,16384,4.249564e-06
runc,16384,4.091685e-06
runc,16384,4.542379e-06
runc,16384,4.355028e-06
runc,16384,4.56165e-06
runc,16384,4.468376e-06
runc,16384,4.41376e-06
runc,16384,4.319069e-06
bare,1048576,0.000656265998
bare,1048576,0.000815424777
bare,1048576,0.000727556238
bare,1048576,0.000827575626
bare,1048576,0.000842633075
bare,1048576,0.000817884167
bare,1048576,0.000833547732
bare,1048576,0.000812115381
bare,1048576,0.000809496327
bare,1048576,0.000726007216
bare,1048576,0.00081994338
bare,1048576,0.00083007291
bare,1048576,0.000816140207
bare,1048576,0.000724667567
bare,1048576,0.000827983255
bare,1048576,0.000809662568
bare,1048576,0.000775941706
bare,1048576,0.000761125004
bare,1048576,0.000817682012
bare,1048576,0.000724000041
bare,1048576,0.000825837022
bare,1048576,0.000821782276
bare,1048576,0.000828008167
bare,1048576,0.00081651978
bare,1048576,0.000823912676
bare,1048576,0.000814870989
bare,1048576,0.000734641042
bare,1048576,0.000806948461
bare,1048576,0.000806312426
bare,1048576,0.000724274723
bare,1048576,0.000822848117
bare,1048576,0.000798498222
bare,1048576,0.000725347141
bare,1048576,0.00080260192
bare,1048576,0.000721123826
bare,1048576,0.000807523262
bare,1048576,0.000724304351
bare,1048576,0.000811999431
bare,1048576,0.000807419303
bare,1048576,0.000730344153
bare,1048576,0.000806551194
bare,1048576,0.000803356408
bare,1048576,0.000723794161
bare,1048576,0.00077065645
bare,1048576,0.000756061869
bare,1048576,0.00080799585
bare,1048576,0.000723661331
bare,1048576,0.000813862833
bare,1048576,0.000718293246
bare,1048576,0.000801628514
bare,1048576,0.000722603407
bare,1048576,0.000826325093
bare,1048576,0.000800930778
bare,1048576,0.000725368212
bare,1048576,0.000805208343
bare,1048576,0.000773474574
bare,1048576,0.000759351882
bare,1048576,0.000835198385
bare,1048576,0.000834374921
bare,1048576,0.000834076141
bare,1048576,0.000812480401
bare,1048576,0.000812477199
bare,1048576,0.000723868841
bare,1048576,0.000828165794
bare,1048576,0.000814071333
bare,1048576,0.000721835648
bare,1048576,0.000922707666
bare,1048576,0.000832624908
bare,1048576,0.000713280053
bare,1048576,0.00071351201
bare,1048576,0.000814226165
bare,1048576,0.000806383847
bare,1048576,0.000719410833
bare,1048576,0.000805140473
bare,1048576,0.00072276633
bare,1048576,0.00081466703
bare,1048576,0.000809939113
bare,1048576,0.000716407783
bare,1048576,0.000830668432
bare,1048576,0.000808080425
bare,1048576,0.000715406961
bare,1048576,0.000812016136
bare,1048576,0.000812411832
bare,1048576,0.000724819896
bare,1048576,0.000811737613
bare,1048576,0.000714737806
bare,1048576,0.000811815553
bare,1048576,0.000720545941
bare,1048576,0.000826547155
bare,1048576,0.000806259282
bare,1048576,0.00082872744
bare,1048576,0.000834191975
bare,1048576,0.000816863962
bare,1048576,0.000727346982
bare,1048576,0.000819039764
bare,1048576,0.000826357282
bare,1048576,0.000836129941
bare,1048576,0.000836984545
bare,1048576,0.000798840192
bare,1048576,0.000740723219
