bare,4096,7.5294e-08
bare,4096,7.5689e-08
bare,4096,7.5426e-08
bare,4096,7.5376e-08
bare,4096,7.5379e-08
bare,4096,7.5381e-08
bare,4096,7.5417e-08
bare,4096,7.5409e-08
bare,4096,7.5411e-08
bare,4096,7.5329e-08
bare,4096,7.5381e-08
bare,4096,7.5466e-08
bare,4096,7.5523e-08
bare,4096,7.5448e-08
bare,4096,7.5542e-08
bare,4096,7.6282e-08
bare,4096,5.0433e-08
bare,4096,7.5527e-08
bare,4096,7.5182e-08
bare,4096,7.5319e-08
bare,4096,7.5638e-08
bare,4096,7.6109e-08
bare,4096,7.537e-08
bare,4096,7.5558e-08
bare,4096,7.5379e-08
bare,4096,7.5472e-08
bare,4096,7.5688e-08
bare,4096,7.5527e-08
bare,4096,7.5476e-08
bare,4096,7.5285e-08
bare,4096,7.5207e-08
bare,4096,7.546e-08
bare,4096,7.5264e-08
bare,4096,7.6108e-08
bare,4096,7.5495e-08
bare,4096,7.5616e-08
bare,4096,7.6866e-08
bare,4096,7.5673e-08
bare,4096,7.5207e-08
bare,4096,7.5313e-08
bare,4096,7.5357e-08
bare,4096,7.5254e-08
bare,4096,7.5657e-08
bare,4096,7.5653e-08
bare,4096,7.5599e-08
bare,4096,7.5252e-08
bare,4096,7.5326e-08
bare,4096,7.5463e-08
bare,4096,7.5461e-08
bare,4096,7.6205e-08
bare,4096,7.5354e-08
bare,4096,7.5671e-08
bare,4096,7.5296e-08
bare,4096,7.5426e-08
bare,4096,7.5466e-08
bare,4096,7.5482e-08
bare,4096,4.4035e-08
bare,4096,7.5346e-08
bare,4096,7.5718e-08
bare,4096,7.6326e-08
bare,4096,7.5763e-08
bare,4096,7.5559e-08
bare,4096,7.5578e-08
bare,4096,7.5542e-08
bare,4096,7.5449e-08
bare,4096,7.5254e-08
bare,4096,7.6511e-08
bare,4096,4.689e-08
bare,4096,7.5352e-08
bare,4096,7.5424e-08
bare,4096,7.547e-08
bare,4096,7.5223e-08
bare,4096,7.5309e-08
bare,4096,7.5357e-08
bare,4096,7.5715e-08
bare,4096,7.5517e-08
bare,4096,7.5382e-08
bare,4096,7.566e-08
bare,4096,7.5678e-08
bare,4096,7.5518e-08
bare,4096,7.5319e-08
bare,4096,7.533e-08
bare,4096,7.5567e-08
bare,4096,7.5203e-08
bare,4096,7.5362e-08
bare,4096,7.5444e-08
bare,4096,7.5331e-08
bare,4096,7.69e-08
bare,4096,7.5477e-08
bare,4096,7.5656e-08
bare,4096,7.5487e-08
bare,4096,7.5221e-08
bare,4096,7.5343e-08
bare,4096,7.5564e-08
bare,4096,7.5386e-08
bare,4096,4.7225e-08
bare,4096,7.6001e-08
bare,4096,7.5534e-08
bare,4096,7.5858e-08
bare,4096,7.5478e-08
bare,16384,7.548e-08
bare,16384,7.5653e-08
bare,16384,7.554e-08
bare,16384,7.5468e-08
bare,16384,7.5431e-08
bare,16384,7.5313e-08
bare,16384,7.5406e-08
bare,16384,7.5892e-08
bare,16384,7.6132e-08
bare,16384,7.5374e-08
bare,16384,7.5561e-08
bare,16384,4.7643e-08
bare,16384,7.5537e-08
bare,16384,7.5421e-08
bare,16384,7.5418e-08
bare,16384,7.5593e-08
bare,16384,7.5322e-08
bare,16384,7.5465e-08
bare,16384,7.5413e-08
bare,16384,7.5328e-08
bare,16384,7.5767e-08
bare,16384,7.5536e-08
bare,16384,7.5492e-08
bare,16384,7.5337e-08
bare,16384,7.5407e-08
bare,16384,7.5442e-08
bare,16384,7.5417e-08
bare,16384,7.5262e-08
bare,16384,7.5343e-08
bare,16384,7.558e-08
bare,16384,7.5576e-08
bare,16384,7.5552e-08
bare,16384,7.5471e-08
bare,16384,7.5448e-08
bare,16384,7.521e-08
bare,16384,4.9106e-08
bare,16384,5.6723e-08
bare,16384,7.5549e-08
bare,16384,7.5355e-08
bare,16384,7.5372e-08
bare,16384,7.5544e-08
bare,16384,7.5421e-08
bare,16384,7.5454e-08
bare,16384,7.5461e-08
bare,16384,7.5853e-08
bare,16384,7.5301e-08
bare,16384,7.6175e-08
bare,16384,7.5963e-08
bare,16384,4.3552e-08
bare,16384,7.5527e-08
bare,16384,7.5476e-08
bare,16384,7.5486e-08
bare,16384,7.5274e-08
bare,16384,7.5408e-08
bare,16384,7.5473e-08
bare,16384,7.5282e-08
bare,16384,4.4908e-08
bare,16384,7.5416e-08
bare,16384,7.5499e-08
bare,16384,7.5418e-08
bare,16384,7.5932e-08
bare,16384,7.5439e-08
bare,16384,7.6108e-08
bare,16384,7.5574e-08
bare,16384,7.5436e-08
bare,16384,7.5607e-08
bare,16384,7.5152e-08
bare,16384,7.5391e-08
bare,16384,7.5542e-08
bare,16384,7.5972e-08
bare,16384,7.5313e-08
bare,16384,7.5403e-08
bare,16384,7.6083e-08
bare,16384,7.5448e-08
bare,16384,7.5557e-08
bare,16384,7.5349e-08
bare,16384,7.5433e-08
bare,16384,7.5409e-08
bare,16384,7.5476e-08
bare,16384,7.543e-08
bare,16384,7.5618e-08
bare,16384,7.5422e-08
bare,16384,7.5534e-08
bare,16384,7.5386e-08
bare,16384,7.5551e-08
bare,16384,7.5545e-08
bare,16384,7.551e-08
bare,16384,5.3553e-08
bare,16384,7.5594e-08
bare,16384,7.5221e-08
bare,16384,7.5547e-08
bare,16384,5.3406e-08
bare,16384,7.5405e-08
bare,16384,7.5637e-08
bare,16384,7.5493e-08
bare,16384,7.531e-08
bare,16384,7.5465e-08
bare,16384,7.5835e-08
bare,16384,7.5245e-08
bare,16384,7.5487e-08
bare,65536,7.5518e-08
bare,65536,7.6581e-08
bare,65536,4.3393e-08
bare,65536,7.5489e-08
bare,65536,7.5645e-08
bare,65536,7.5953e-08
bare,65536,7.5486e-08
bare,65536,7.5473e-08
bare,65536,7.5468e-08
bare,65536,7.5603e-08
bare,65536,7.5416e-08
bare,65536,7.5257e-08
bare,65536,7.6265e-08
bare,65536,7.5566e-08
bare,65536,7.5244e-08
bare,65536,7.5391e-08
bare,65536,7.5938e-08
bare,65536,7.5374e-08
bare,65536,7.5441e-08
bare,65536,7.5325e-08
bare,65536,4.9486e-08
bare,65536,7.6333e-08
bare,65536,7.5364e-08
bare,65536,7.5439e-08
bare,65536,7.6991e-08
bare,65536,7.5532e-08
bare,65536,7.5394e-08
bare,65536,7.5387e-08
bare,65536,7.5494e-08
bare,65536,7.5457e-08
bare,65536,7.5673e-08
bare,65536,7.5666e-08
bare,65536,7.5326e-08
bare,65536,7.5388e-08
bare,65536,7.5742e-08
bare,65536,7.5325e-08
bare,65536,7.545e-08
bare,65536,7.5537e-08
bare,65536,7.5572e-08
bare,65536,7.5507e-08
bare,65536,7.5189e-08
bare,65536,7.5375e-08
bare,65536,7.5653e-08
bare,65536,7.5522e-08
bare,65536,7.5339e-08
bare,65536,7.5377e-08
bare,65536,7.544e-08
bare,65536,7.5789e-08
bare,65536,7.5304e-08
bare,65536,7.5861e-08
bare,65536,4.6926e-08
bare,65536,7.627e-08
bare,65536,7.5465e-08
bare,65536,7.555e-08
bare,65536,4.4261e-08
bare,65536,7.5397e-08
bare,65536,7.541e-08
bare,65536,7.5599e-08
bare,65536,7.565e-08
bare,65536,7.534e-08
bare,65536,7.5407e-08
bare,65536,7.5426e-08
bare,65536,7.5384e-08
bare,65536,7.5505e-08
bare,65536,5.661e-08
bare,65536,4.9148e-08
bare,65536,7.5371e-08
bare,65536,7.5274e-08
bare,65536,4.9249e-08
bare,65536,7.5337e-08
bare,65536,7.6319e-08
bare,65536,7.5655e-08
bare,65536,7.5492e-08
bare,65536,7.5536e-08
bare,65536,7.6829e-08
bare,65536,7.5424e-08
bare,65536,4.2531e-08
bare,65536,7.5379e-08
bare,65536,7.5481e-08
bare,65536,7.5447e-08
bare,65536,7.5358e-08
bare,65536,7.5871e-08
bare,65536,7.5852e-08
bare,65536,7.554e-08
bare,65536,7.5721e-08
bare,65536,7.5473e-08
bare,65536,7.6765e-08
bare,65536,7.6051e-08
bare,65536,7.5624e-08
bare,65536,7.5348e-08
bare,65536,7.5374e-08
bare,65536,7.5309e-08
bare,65536,7.537e-08
bare,65536,7.5249e-08
bare,65536,7.5606e-08
bare,65536,7.5317e-08
bare,65536,7.5536e-08
bare,65536,7.5512e-08
bare,65536,7.5607e-08
bare,65536,7.6116e-08
bare,262144,7.5235e-08
bare,262144,7.5418e-08
bare,262144,7.5396e-08
bare,262144,7.5446e-08
bare,262144,7.5385e-08
bare,262144,7.5698e-08
bare,262144,7.6172e-08
bare,262144,7.5383e-08
bare,262144,7.5374e-08
bare,262144,7.547e-08
bare,262144,7.5651e-08
bare,262144,7.5393e-08
bare,262144,7.6152e-08
bare,262144,7.6005e-08
bare,262144,7.5468e-08
bare,262144,7.5337e-08
bare,262144,7.5351e-08
bare,262144,7.5471e-08
bare,262144,4.6454e-08
bare,262144,7.5611e-08
bare,262144,7.5485e-08
bare,262144,7.6245e-08
bare,262144,7.5443e-08
bare,262144,7.5696e-08
bare,262144,7.5278e-08
bare,262144,7.5867e-08
bare,262144,7.5449e-08
bare,262144,7.5245e-08
bare,262144,7.5486e-08
bare,262144,7.5466e-08
bare,262144,7.5474e-08
bare,262144,7.5486e-08
bare,262144,7.54e-08
bare,262144,7.7281e-08
bare,262144,7.562e-08
bare,262144,7.5665e-08
bare,262144,7.5583e-08
bare,262144,7.5361e-08
bare,262144,7.5493e-08
bare,262144,7.5393e-08
bare,262144,7.5633e-08
bare,262144,7.5425e-08
bare,262144,7.5213e-08
bare,262144,7.5287e-08
bare,262144,7.5466e-08
bare,262144,5.3202e-08
bare,262144,7.557e-08
bare,262144,7.5412e-08
bare,262144,7.515e-08
bare,262144,7.5092e-08
bare,262144,7.5377e-08
bare,262144,7.534e-08
bare,262144,5.4766e-08
bare,262144,7.5492e-08
bare,262144,7.6274e-08
bare,262144,7.535e-08
bare,262144,7.5477e-08
bare,262144,7.5402e-08
bare,262144,7.5423e-08
bare,262144,7.5295e-08
bare,262144,7.533e-08
bare,262144,7.5561e-08
bare,262144,7.5502e-08
bare,262144,7.5362e-08
bare,262144,7.5541e-08
bare,262144,7.5486e-08
bare,262144,7.5422e-08
bare,262144,7.586e-08
bare,262144,7.5563e-08
bare,262144,4.1195e-08
bare,262144,4.8507e-08
bare,262144,7.5546e-08
bare,262144,7.5601e-08
bare,262144,7.5358e-08
bare,262144,7.545e-08
bare,262144,7.5298e-08
bare,262144,4.4819e-08
bare,262144,7.5318e-08
bare,262144,4.5605e-08
bare,262144,7.5324e-08
bare,262144,7.5601e-08
bare,262144,7.5799e-08
bare,262144,7.5439e-08
bare,262144,4.5251e-08
bare,262144,7.5503e-08
bare,262144,7.5456e-08
bare,262144,7.5375e-08
bare,262144,4.1607e-08
bare,262144,7.5582e-08
bare,262144,4.3223e-08
bare,262144,7.5432e-08
bare,262144,7.5752e-08
bare,262144,7.5499e-08
bare,262144,7.5489e-08
bare,262144,7.5907e-08
bare,262144,7.57e-08
bare,262144,7.5438e-08
bare,262144,7.5216e-08
bare,262144,7.5448e-08
bare,262144,4.1333e-08
bare,1048576,7.5448e-08
bare,1048576,7.539e-08
bare,1048576,7.5414e-08
bare,1048576,7.5425e-08
bare,1048576,7.559e-08
bare,1048576,4.5779e-08
bare,1048576,7.5121e-08
bare,1048576,7.5285e-08
bare,1048576,7.5558e-08
bare,1048576,7.5451e-08
bare,1048576,7.5939e-08
bare,1048576,7.5452e-08
bare,1048576,7.5624e-08
bare,1048576,7.7146e-08
bare,1048576,7.5503e-08
bare,1048576,7.5807e-08
bare,1048576,4.4798e-08
bare,1048576,7.5488e-08
bare,1048576,7.5637e-08
bare,1048576,7.5256e-08
bare,1048576,7.5234e-08
bare,1048576,7.7099e-08
bare,1048576,7.5259e-08
bare,1048576,7.5781e-08
bare,1048576,7.5768e-08
bare,1048576,4.5511e-08
bare,1048576,7.5345e-08
bare,1048576,7.5274e-08
bare,1048576,7.5393e-08
bare,1048576,7.5367e-08
bare,1048576,7.5486e-08
bare,1048576,7.5301e-08
bare,1048576,7.5716e-08
bare,1048576,7.5568e-08
bare,1048576,7.658e-08
bare,1048576,7.6049e-08
bare,1048576,7.5435e-08
bare,1048576,7.6074e-08
bare,1048576,7.5302e-08
bare,1048576,7.5756e-08
bare,1048576,7.5566e-08
bare,1048576,7.5612e-08
bare,1048576,7.5351e-08
bare,1048576,7.5416e-08
bare,1048576,7.5348e-08
bare,1048576,7.6162e-08
bare,1048576,7.5579e-08
bare,1048576,7.5432e-08
bare,1048576,7.5509e-08
bare,1048576,7.5379e-08
bare,1048576,7.5425e-08
bare,1048576,7.5676e-08
bare,1048576,7.5609e-08
bare,1048576,7.5602e-08
bare,1048576,7.5552e-08
bare,1048576,7.5456e-08
bare,1048576,7.5298e-08
bare,1048576,7.5482e-08
bare,1048576,7.5227e-08
bare,1048576,4.6357e-08
bare,1048576,7.5807e-08
bare,1048576,7.5336e-08
bare,1048576,7.5466e-08
bare,1048576,7.5356e-08
bare,1048576,7.566e-08
bare,1048576,7.5754e-08
bare,1048576,7.5358e-08
bare,1048576,4.3941e-08
bare,1048576,7.5652e-08
bare,1048576,7.6018e-08
bare,1048576,7.5367e-08
bare,1048576,7.5465e-08
bare,1048576,7.5128e-08
bare,1048576,7.536e-08
bare,1048576,7.5847e-08
bare,1048576,7.5651e-08
bare,1048576,7.5466e-08
bare,1048576,7.5445e-08
bare,1048576,7.5562e-08
bare,1048576,7.5257e-08
bare,1048576,7.5565e-08
bare,1048576,7.5523e-08
bare,1048576,4.7786e-08
bare,1048576,7.5443e-08
bare,1048576,7.5474e-08
bare,1048576,4.7631e-08
bare,1048576,5.1623e-08
bare,1048576,7.5344e-08
bare,1048576,7.5486e-08
bare,1048576,7.5662e-08
bare,1048576,7.5333e-08
bare,1048576,4.4565e-08
bare,1048576,7.5323e-08
bare,1048576,7.6371e-08
bare,1048576,7.5514e-08
bare,1048576,7.5493e-08
bare,1048576,7.563e-08
bare,1048576,7.5446e-08
bare,1048576,4.1104e-08
bare,1048576,7.5479e-08
runc,4096,7.0769e-08
runc,4096,6.9598e-08
runc,4096,7.0837e-08
runc,4096,6.9641e-08
runc,4096,6.9495e-08
runc,4096,6.65e-08
runc,4096,6.959e-08
runc,4096,6.9615e-08
runc,4096,6.9524e-08
runc,4096,6.9494e-08
runc,4096,6.9569e-08
runc,4096,6.9524e-08
runc,4096,6.6966e-08
runc,4096,6.9494e-08
runc,4096,7.1795e-08
runc,4096,3.3629e-08
runc,4096,6.8243e-08
runc,4096,6.95e-08
runc,4096,7.0464e-08
runc,4096,6.8043e-08
runc,4096,6.6838e-08
runc,4096,6.9872e-08
runc,4096,7.0425e-08
runc,4096,6.9591e-08
runc,4096,6.98e-08
runc,4096,6.7031e-08
runc,4096,6.7612e-08
runc,4096,6.9532e-08
runc,4096,6.7326e-08
runc,4096,6.955e-08
runc,4096,6.9377e-08
runc,4096,6.9592e-08
runc,4096,6.6839e-08
runc,4096,6.825e-08
runc,4096,6.6074e-08
runc,4096,6.975e-08
runc,4096,6.991e-08
runc,4096,6.9563e-08
runc,4096,6.9647e-08
runc,4096,6.9771e-08
runc,4096,6.6617e-08
runc,4096,7.0139e-08
runc,4096,3.6298e-08
runc,4096,6.9535e-08
runc,4096,6.949e-08
runc,4096,6.9534e-08
runc,4096,6.9545e-08
runc,4096,6.6286e-08
runc,4096,6.9597e-08
runc,4096,6.7931e-08
runc,4096,6.8719e-08
runc,4096,6.8624e-08
runc,4096,6.9485e-08
runc,4096,6.957e-08
runc,4096,6.6052e-08
runc,4096,6.5968e-08
runc,4096,6.9486e-08
runc,4096,3.3401e-08
runc,4096,6.5496e-08
runc,4096,7.2573e-08
runc,4096,7.302e-08
runc,4096,6.8344e-08
runc,4096,6.9611e-08
runc,4096,6.9508e-08
runc,4096,6.9656e-08
runc,4096,6.9509e-08
runc,4096,6.9587e-08
runc,4096,6.9427e-08
runc,4096,6.5627e-08
runc,4096,6.6355e-08
runc,4096,6.7591e-08
runc,4096,6.7937e-08
runc,4096,6.9474e-08
runc,4096,6.9979e-08
runc,4096,6.7307e-08
runc,4096,6.9574e-08
runc,4096,6.764e-08
runc,4096,6.6812e-08
runc,4096,6.9463e-08
runc,4096,7.0789e-08
runc,4096,6.9504e-08
runc,4096,7.4997e-08
runc,4096,7.4788e-08
runc,4096,6.7903e-08
runc,4096,6.6794e-08
runc,4096,6.9496e-08
runc,4096,6.6664e-08
runc,4096,6.63e-08
runc,4096,6.9454e-08
runc,4096,7.4799e-08
runc,4096,6.6375e-08
runc,4096,6.9543e-08
runc,4096,6.94e-08
runc,4096,6.7777e-08
runc,4096,6.7551e-08
runc,4096,6.9611e-08
runc,4096,6.9555e-08
runc,4096,6.9623e-08
runc,4096,6.9547e-08
runc,4096,6.9526e-08
runc,16384,6.969e-08
runc,16384,6.9471e-08
runc,16384,7.0132e-08
runc,16384,6.9418e-08
runc,16384,6.218e-08
runc,16384,6.998e-08
runc,16384,6.9504e-08
runc,16384,6.9526e-08
runc,16384,8.0326e-08
runc,16384,7.17e-08
runc,16384,6.8151e-08
runc,16384,6.9506e-08
runc,16384,6.9688e-08
runc,16384,6.6711e-08
runc,16384,7.083e-08
runc,16384,6.9573e-08
runc,16384,6.6254e-08
runc,16384,6.9381e-08
runc,16384,6.9604e-08
runc,16384,6.7705e-08
runc,16384,6.9427e-08
runc,16384,6.5982e-08
runc,16384,6.9477e-08
runc,16384,6.6297e-08
runc,16384,6.9602e-08
runc,16384,7.2117e-08
runc,16384,6.8087e-08
runc,16384,6.64e-08
runc,16384,6.7483e-08
runc,16384,6.5959e-08
runc,16384,7.4345e-08
runc,16384,6.9551e-08
runc,16384,6.935e-08
runc,16384,6.9971e-08
runc,16384,6.9625e-08
runc,16384,6.9497e-08
runc,16384,6.9631e-08
runc,16384,6.975e-08
runc,16384,6.9628e-08
runc,16384,6.6144e-08
runc,16384,6.9546e-08
runc,16384,6.9404e-08
runc,16384,6.9605e-08
runc,16384,6.9913e-08
runc,16384,6.6988e-08
runc,16384,6.6413e-08
runc,16384,6.9435e-08
runc,16384,7.0483e-08
runc,16384,6.9692e-08
runc,16384,6.9609e-08
runc,16384,6.9442e-08
runc,16384,6.9503e-08
runc,16384,6.8958e-08
runc,16384,6.9594e-08
runc,16384,6.7416e-08
runc,16384,6.946e-08
runc,16384,6.9632e-08
runc,16384,6.9519e-08
runc,16384,6.9549e-08
runc,16384,6.9401e-08
runc,16384,6.9616e-08
runc,16384,6.952e-08
runc,16384,6.7347e-08
runc,16384,6.9491e-08
runc,16384,7.0749e-08
runc,16384,6.9589e-08
runc,16384,6.9557e-08
runc,16384,6.6999e-08
runc,16384,6.9645e-08
runc,16384,6.8226e-08
runc,16384,6.9496e-08
runc,16384,6.9419e-08
runc,16384,6.9572e-08
runc,16384,6.9583e-08
runc,16384,6.6306e-08
runc,16384,6.7241e-08
runc,16384,6.9629e-08
runc,16384,6.9748e-08
runc,16384,6.6489e-08
runc,16384,6.9863e-08
runc,16384,6.9646e-08
runc,16384,8.894e-08
runc,16384,6.6948e-08
runc,16384,6.9656e-08
runc,16384,6.97e-08
runc,16384,6.7617e-08
runc,16384,6.9342e-08
runc,16384,7.429e-08
runc,16384,6.978e-08
runc,16384,6.8007e-08
runc,16384,7.6171e-08
runc,16384,6.793e-08
runc,16384,6.9485e-08
runc,16384,6.9394e-08
runc,16384,6.9743e-08
runc,16384,5.0654e-08
runc,16384,6.673e-08
runc,16384,6.6859e-08
runc,16384,7.022e-08
runc,16384,7.3037e-08
runc,65536,6.8771e-08
runc,65536,6.9583e-08
runc,65536,6.928e-08
runc,65536,6.9727e-08
runc,65536,6.964e-08
runc,65536,6.8883e-08
runc,65536,6.6227e-08
runc,65536,7.515e-08
runc,65536,6.5544e-08
runc,65536,6.9637e-08
runc,65536,6.6364e-08
runc,65536,6.7659e-08
runc,65536,6.9606e-08
runc,65536,6.8537e-08
runc,65536,6.9478e-08
runc,65536,6.9919e-08
runc,65536,6.9565e-08
runc,65536,6.8278e-08
runc,65536,6.9596e-08
runc,65536,6.6104e-08
runc,65536,6.9634e-08
runc,65536,7.2572e-08
runc,65536,6.948e-08
runc,65536,6.9708e-08
runc,65536,6.9593e-08
runc,65536,6.9494e-08
runc,65536,6.9463e-08
runc,65536,6.9445e-08
runc,65536,6.9608e-08
runc,65536,6.9676e-08
runc,65536,7.0741e-08
runc,65536,6.8107e-08
runc,65536,6.6067e-08
runc,65536,6.9399e-08
runc,65536,7.0308e-08
runc,65536,6.9503e-08
runc,65536,6.6205e-08
runc,65536,6.9605e-08
runc,65536,6.692e-08
runc,65536,7.0075e-08
runc,65536,6.954e-08
runc,65536,6.9423e-08
runc,65536,6.6805e-08
runc,65536,6.7955e-08
runc,65536,6.9484e-08
runc,65536,6.5253e-08
runc,65536,6.9634e-08
runc,65536,7.0223e-08
runc,65536,6.7973e-08
runc,65536,7.3136e-08
runc,65536,6.9513e-08
runc,65536,7.031e-08
runc,65536,6.5639e-08
runc,65536,6.6689e-08
runc,65536,6.9601e-08
runc,65536,6.0551e-08
runc,65536,6.9553e-08
runc,65536,6.955e-08
runc,65536,6.5702e-08
runc,65536,6.651e-08
runc,65536,6.9665e-08
runc,65536,6.9499e-08
runc,65536,7.5486e-08
runc,65536,7.1288e-08
runc,65536,6.6842e-08
runc,65536,3.6343e-08
runc,65536,6.9869e-08
runc,65536,6.7608e-08
runc,65536,6.5659e-08
runc,65536,6.9687e-08
runc,65536,6.957e-08
runc,65536,6.9914e-08
runc,65536,6.6079e-08
runc,65536,6.9669e-08
runc,65536,6.9595e-08
runc,65536,6.5745e-08
runc,65536,6.7152e-08
runc,65536,6.7205e-08
runc,65536,6.9401e-08
runc,65536,6.9599e-08
runc,65536,6.951e-08
runc,65536,6.599e-08
runc,65536,6.7986e-08
runc,65536,6.9808e-08
runc,65536,6.9611e-08
runc,65536,6.7473e-08
runc,65536,6.9694e-08
runc,65536,6.9888e-08
runc,65536,6.9514e-08
runc,65536,6.7044e-08
runc,65536,6.9456e-08
runc,65536,6.7687e-08
runc,65536,6.7522e-08
runc,65536,6.9566e-08
runc,65536,3.3422e-08
runc,65536,6.9025e-08
runc,65536,6.6425e-08
runc,65536,6.6675e-08
runc,65536,6.9862e-08
runc,65536,6.6144e-08
runc,262144,7.5473e-08
runc,262144,6.9594e-08
runc,262144,6.759e-08
runc,262144,6.9807e-08
runc,262144,6.9473e-08
runc,262144,6.7054e-08
runc,262144,6.9544e-08
runc,262144,6.6608e-08
runc,262144,6.8289e-08
runc,262144,6.9636e-08
runc,262144,6.7712e-08
runc,262144,6.7185e-08
runc,262144,6.9504e-08
runc,262144,6.9566e-08
runc,262144,6.9518e-08
runc,262144,6.9656e-08
runc,262144,6.7967e-08
runc,262144,6.9521e-08
runc,262144,6.9511e-08
runc,262144,6.9541e-08
runc,262144,6.9518e-08
runc,262144,6.9583e-08
runc,262144,6.7993e-08
runc,262144,6.7229e-08
runc,262144,6.9455e-08
runc,262144,6.9606e-08
runc,262144,6.7562e-08
runc,262144,6.9683e-08
runc,262144,6.9505e-08
runc,262144,6.9519e-08
runc,262144,6.7439e-08
runc,262144,6.7268e-08
runc,262144,6.9426e-08
runc,262144,6.6646e-08
runc,262144,6.8061e-08
runc,262144,6.8698e-08
runc,262144,6.9531e-08
runc,262144,6.7576e-08
runc,262144,6.9549e-08
runc,262144,6.8697e-08
runc,262144,6.7527e-08
runc,262144,7.2648e-08
runc,262144,7.115e-08
runc,262144,6.9573e-08
runc,262144,6.9556e-08
runc,262144,6.964e-08
runc,262144,6.9581e-08
runc,262144,6.9648e-08
runc,262144,6.9582e-08
runc,262144,6.7453e-08
runc,262144,6.9563e-08
runc,262144,7.314e-08
runc,262144,6.802e-08
runc,262144,6.9594e-08
runc,262144,6.7869e-08
runc,262144,6.966e-08
runc,262144,6.7004e-08
runc,262144,6.7365e-08
runc,262144,7.0833e-08
runc,262144,6.9439e-08
runc,262144,6.9564e-08
runc,262144,6.8352e-08
runc,262144,6.7927e-08
runc,262144,6.9508e-08
runc,262144,6.9831e-08
runc,262144,6.9493e-08
runc,262144,6.9554e-08
runc,262144,7.0007e-08
runc,262144,6.7934e-08
runc,262144,6.8586e-08
runc,262144,6.953e-08
runc,262144,6.7994e-08
runc,262144,6.9563e-08
runc,262144,6.9621e-08
runc,262144,6.9822e-08
runc,262144,6.9888e-08
runc,262144,6.9445e-08
runc,262144,6.9685e-08
runc,262144,6.7272e-08
runc,262144,6.9506e-08
runc,262144,6.9819e-08
runc,262144,6.9525e-08
runc,262144,6.946e-08
runc,262144,7.0012e-08
runc,262144,6.9571e-08
runc,262144,6.9517e-08
runc,262144,6.8492e-08
runc,262144,6.9427e-08
runc,262144,6.9498e-08
runc,262144,7.0622e-08
runc,262144,6.9486e-08
runc,262144,6.9576e-08
runc,262144,6.9579e-08
runc,262144,6.9471e-08
runc,262144,4.4205e-08
runc,262144,6.9736e-08
runc,262144,6.956e-08
runc,262144,6.7934e-08
runc,262144,6.9696e-08
runc,262144,6.8149e-08
runc,1048576,6.9453e-08
runc,1048576,6.9758e-08
runc,1048576,6.9648e-08
runc,1048576,6.627e-08
runc,1048576,6.7866e-08
runc,1048576,6.8072e-08
runc,1048576,7.1144e-08
runc,1048576,6.7394e-08
runc,1048576,6.8965e-08
runc,1048576,3.6391e-08
runc,1048576,6.9535e-08
runc,1048576,6.6299e-08
runc,1048576,6.9914e-08
runc,1048576,6.9576e-08
runc,1048576,6.9562e-08
runc,1048576,6.9569e-08
runc,1048576,6.8676e-08
runc,1048576,6.8875e-08
runc,1048576,6.6429e-08
runc,1048576,7.1344e-08
runc,1048576,7.0089e-08
runc,1048576,6.7625e-08
runc,1048576,6.6656e-08
runc,1048576,6.7157e-08
runc,1048576,6.5839e-08
runc,1048576,6.6583e-08
runc,1048576,6.9632e-08
runc,1048576,6.7526e-08
runc,1048576,6.9541e-08
runc,1048576,6.9682e-08
runc,1048576,6.9672e-08
runc,1048576,6.9696e-08
runc,1048576,6.8368e-08
runc,1048576,6.7752e-08
runc,1048576,6.5938e-08
runc,1048576,6.7106e-08
runc,1048576,6.7548e-08
runc,1048576,6.9452e-08
runc,1048576,7.1982e-08
runc,1048576,6.9497e-08
runc,1048576,6.9523e-08
runc,1048576,7.0162e-08
runc,1048576,6.9194e-08
runc,1048576,7.3042e-08
runc,1048576,6.949e-08
runc,1048576,6.9904e-08
runc,1048576,6.7552e-08
runc,1048576,6.9578e-08
runc,1048576,6.9912e-08
runc,1048576,6.9474e-08
runc,1048576,6.9535e-08
runc,1048576,6.9583e-08
runc,1048576,6.663e-08
runc,1048576,6.9316e-08
runc,1048576,6.9531e-08
runc,1048576,7.0738e-08
runc,1048576,6.955e-08
runc,1048576,7.2304e-08
runc,1048576,6.9946e-08
runc,1048576,6.7933e-08
runc,1048576,6.8149e-08
runc,1048576,6.9413e-08
runc,1048576,6.6195e-08
runc,1048576,6.9497e-08
runc,1048576,6.9485e-08
runc,1048576,4.3958e-08
runc,1048576,7.0703e-08
runc,1048576,6.9483e-08
runc,1048576,6.9478e-08
runc,1048576,6.6749e-08
runc,1048576,6.9198e-08
runc,1048576,7.0616e-08
runc,1048576,6.9502e-08
runc,1048576,3.3748e-08
runc,1048576,6.9723e-08
runc,1048576,6.9491e-08
runc,1048576,3.3413e-08
runc,1048576,6.9668e-08
runc,1048576,6.964e-08
runc,1048576,6.6183e-08
runc,1048576,6.9526e-08
runc,1048576,6.9616e-08
runc,1048576,6.9568e-08
runc,1048576,6.9426e-08
runc,1048576,6.7393e-08
runc,1048576,6.9874e-08
runc,1048576,6.8824e-08
runc,1048576,6.9494e-08
runc,1048576,6.9693e-08
runc,1048576,6.9119e-08
runc,1048576,7.041e-08
runc,1048576,6.9529e-08
runc,1048576,6.7149e-08
runc,1048576,6.9564e-08
runc,1048576,7.2388e-08
runc,1048576,6.9475e-08
runc,1048576,7.2263e-08
runc,1048576,6.9675e-08
runc,1048576,6.9622e-08
runc,1048576,3.3407e-08
runsc_ptrace,4096,7.2189e-08
runsc_ptrace,4096,7.2247e-08
runsc_ptrace,4096,7.2331e-08
runsc_ptrace,4096,7.2137e-08
runsc_ptrace,4096,7.2366e-08
runsc_ptrace,4096,7.2497e-08
runsc_ptrace,4096,7.2394e-08
runsc_ptrace,4096,7.2249e-08
runsc_ptrace,4096,7.3277e-08
runsc_ptrace,4096,7.2097e-08
runsc_ptrace,4096,7.2319e-08
runsc_ptrace,4096,7.2323e-08
runsc_ptrace,4096,6.9506e-08
runsc_ptrace,4096,7.2241e-08
runsc_ptrace,4096,7.2244e-08
runsc_ptrace,4096,7.2298e-08
runsc_ptrace,4096,7.2267e-08
runsc_ptrace,4096,7.2245e-08
runsc_ptrace,4096,7.2278e-08
runsc_ptrace,4096,7.2209e-08
runsc_ptrace,4096,7.267e-08
runsc_ptrace,4096,7.2281e-08
runsc_ptrace,4096,7.2227e-08
runsc_ptrace,4096,7.2012e-08
runsc_ptrace,4096,7.2181e-08
runsc_ptrace,4096,7.2063e-08
runsc_ptrace,4096,7.2039e-08
runsc_ptrace,4096,7.2116e-08
runsc_ptrace,4096,7.2373e-08
runsc_ptrace,4096,7.2247e-08
runsc_ptrace,4096,7.2381e-08
runsc_ptrace,4096,7.2215e-08
runsc_ptrace,4096,7.2166e-08
runsc_ptrace,4096,7.2128e-08
runsc_ptrace,4096,7.2272e-08
runsc_ptrace,4096,7.1958e-08
runsc_ptrace,4096,7.2374e-08
runsc_ptrace,4096,7.2188e-08
runsc_ptrace,4096,7.3632e-08
runsc_ptrace,4096,7.2478e-08
runsc_ptrace,4096,7.2169e-08
runsc_ptrace,4096,7.2387e-08
runsc_ptrace,4096,7.2252e-08
runsc_ptrace,4096,7.2266e-08
runsc_ptrace,4096,7.2072e-08
runsc_ptrace,4096,7.2347e-08
runsc_ptrace,4096,7.2241e-08
runsc_ptrace,4096,7.2241e-08
runsc_ptrace,4096,7.2022e-08
runsc_ptrace,4096,7.2184e-08
runsc_ptrace,4096,7.2413e-08
runsc_ptrace,4096,7.1737e-08
runsc_ptrace,4096,7.2418e-08
runsc_ptrace,4096,7.2272e-08
runsc_ptrace,4096,7.2189e-08
runsc_ptrace,4096,7.2384e-08
runsc_ptrace,4096,7.2062e-08
runsc_ptrace,4096,7.2313e-08
runsc_ptrace,4096,7.2385e-08
runsc_ptrace,4096,7.2265e-08
runsc_ptrace,4096,7.2187e-08
runsc_ptrace,4096,7.2096e-08
runsc_ptrace,4096,7.2143e-08
runsc_ptrace,4096,7.2007e-08
runsc_ptrace,4096,7.2247e-08
runsc_ptrace,4096,7.2434e-08
runsc_ptrace,4096,7.2002e-08
runsc_ptrace,4096,7.2119e-08
runsc_ptrace,4096,7.2079e-08
runsc_ptrace,4096,7.2141e-08
runsc_ptrace,4096,7.2361e-08
runsc_ptrace,4096,7.2141e-08
runsc_ptrace,4096,7.2366e-08
runsc_ptrace,4096,7.2131e-08
runsc_ptrace,4096,7.2172e-08
runsc_ptrace,4096,7.2108e-08
runsc_ptrace,4096,7.2351e-08
runsc_ptrace,4096,7.2319e-08
runsc_ptrace,4096,7.2369e-08
runsc_ptrace,4096,7.2083e-08
runsc_ptrace,4096,7.2321e-08
runsc_ptrace,4096,7.248e-08
runsc_ptrace,4096,7.2684e-08
runsc_ptrace,4096,7.1913e-08
runsc_ptrace,4096,7.2017e-08
runsc_ptrace,4096,7.2398e-08
runsc_ptrace,4096,7.2224e-08
runsc_ptrace,4096,7.2215e-08
runsc_ptrace,4096,7.2422e-08
runsc_ptrace,4096,6.7687e-08
runsc_ptrace,4096,7.2268e-08
runsc_ptrace,4096,7.1967e-08
runsc_ptrace,4096,7.2029e-08
runsc_ptrace,4096,7.2117e-08
runsc_ptrace,4096,7.2169e-08
runsc_ptrace,4096,7.2153e-08
runsc_ptrace,4096,7.2794e-08
runsc_ptrace,4096,7.2076e-08
runsc_ptrace,4096,7.2282e-08
runsc_ptrace,4096,7.2546e-08
runsc_ptrace,16384,7.224e-08
runsc_ptrace,16384,7.2306e-08
runsc_ptrace,16384,7.2169e-08
runsc_ptrace,16384,7.2563e-08
runsc_ptrace,16384,7.407e-08
runsc_ptrace,16384,7.2323e-08
runsc_ptrace,16384,7.2258e-08
runsc_ptrace,16384,7.2372e-08
runsc_ptrace,16384,7.225e-08
runsc_ptrace,16384,7.2275e-08
runsc_ptrace,16384,7.229e-08
runsc_ptrace,16384,7.2146e-08
runsc_ptrace,16384,7.2174e-08
runsc_ptrace,16384,7.2317e-08
runsc_ptrace,16384,7.4254e-08
runsc_ptrace,16384,7.2182e-08
runsc_ptrace,16384,7.2495e-08
runsc_ptrace,16384,7.249e-08
runsc_ptrace,16384,7.2198e-08
runsc_ptrace,16384,7.2223e-08
runsc_ptrace,16384,7.4288e-08
runsc_ptrace,16384,7.4177e-08
runsc_ptrace,16384,7.207e-08
runsc_ptrace,16384,7.2085e-08
runsc_ptrace,16384,7.2435e-08
runsc_ptrace,16384,7.2188e-08
runsc_ptrace,16384,7.2396e-08
runsc_ptrace,16384,7.2393e-08
runsc_ptrace,16384,6.7436e-08
runsc_ptrace,16384,7.2253e-08
runsc_ptrace,16384,7.2419e-08
runsc_ptrace,16384,7.2398e-08
runsc_ptrace,16384,7.2126e-08
runsc_ptrace,16384,7.2391e-08
runsc_ptrace,16384,7.2048e-08
runsc_ptrace,16384,7.2553e-08
runsc_ptrace,16384,7.2255e-08
runsc_ptrace,16384,7.2285e-08
runsc_ptrace,16384,7.236e-08
runsc_ptrace,16384,7.2387e-08
runsc_ptrace,16384,7.229e-08
runsc_ptrace,16384,7.2246e-08
runsc_ptrace,16384,7.2009e-08
runsc_ptrace,16384,7.1979e-08
runsc_ptrace,16384,7.2176e-08
runsc_ptrace,16384,7.2395e-08
runsc_ptrace,16384,7.2414e-08
runsc_ptrace,16384,7.2533e-08
runsc_ptrace,16384,7.2295e-08
runsc_ptrace,16384,7.2127e-08
runsc_ptrace,16384,7.2169e-08
runsc_ptrace,16384,7.2213e-08
runsc_ptrace,16384,7.229e-08
runsc_ptrace,16384,7.2416e-08
runsc_ptrace,16384,7.22e-08
runsc_ptrace,16384,7.2585e-08
runsc_ptrace,16384,7.2316e-08
runsc_ptrace,16384,7.2381e-08
runsc_ptrace,16384,7.2505e-08
runsc_ptrace,16384,7.2087e-08
runsc_ptrace,16384,7.2519e-08
runsc_ptrace,16384,7.2574e-08
runsc_ptrace,16384,7.2646e-08
runsc_ptrace,16384,7.2277e-08
runsc_ptrace,16384,7.2476e-08
runsc_ptrace,16384,7.2149e-08
runsc_ptrace,16384,7.2288e-08
runsc_ptrace,16384,7.2597e-08
runsc_ptrace,16384,7.2056e-08
runsc_ptrace,16384,7.2015e-08
runsc_ptrace,16384,7.2407e-08
runsc_ptrace,16384,7.2045e-08
runsc_ptrace,16384,7.2437e-08
runsc_ptrace,16384,7.2275e-08
runsc_ptrace,16384,7.219e-08
runsc_ptrace,16384,7.2329e-08
runsc_ptrace,16384,7.248e-08
runsc_ptrace,16384,7.2502e-08
runsc_ptrace,16384,6.6858e-08
runsc_ptrace,16384,7.1908e-08
runsc_ptrace,16384,7.2317e-08
runsc_ptrace,16384,7.2426e-08
runsc_ptrace,16384,7.2445e-08
runsc_ptrace,16384,7.2222e-08
runsc_ptrace,16384,7.2537e-08
runsc_ptrace,16384,7.2076e-08
runsc_ptrace,16384,7.5081e-08
runsc_ptrace,16384,7.2166e-08
runsc_ptrace,16384,7.2321e-08
runsc_ptrace,16384,7.233e-08
runsc_ptrace,16384,7.2177e-08
runsc_ptrace,16384,7.2259e-08
runsc_ptrace,16384,7.2232e-08
runsc_ptrace,16384,7.2765e-08
runsc_ptrace,16384,7.2324e-08
runsc_ptrace,16384,7.2253e-08
runsc_ptrace,16384,7.2065e-08
runsc_ptrace,16384,7.1969e-08
runsc_ptrace,16384,7.2308e-08
runsc_ptrace,16384,7.2427e-08
runsc_ptrace,65536,7.2415e-08
runsc_ptrace,65536,6.825e-08
runsc_ptrace,65536,7.2254e-08
runsc_ptrace,65536,7.2005e-08
runsc_ptrace,65536,7.2089e-08
runsc_ptrace,65536,7.2296e-08
runsc_ptrace,65536,7.2309e-08
runsc_ptrace,65536,7.1908e-08
runsc_ptrace,65536,7.2181e-08
runsc_ptrace,65536,7.2375e-08
runsc_ptrace,65536,7.2265e-08
runsc_ptrace,65536,7.1889e-08
runsc_ptrace,65536,7.3074e-08
runsc_ptrace,65536,7.2131e-08
runsc_ptrace,65536,7.2156e-08
runsc_ptrace,65536,7.2267e-08
runsc_ptrace,65536,7.2079e-08
runsc_ptrace,65536,7.2239e-08
runsc_ptrace,65536,7.245e-08
runsc_ptrace,65536,7.2731e-08
runsc_ptrace,65536,7.1952e-08
runsc_ptrace,65536,7.2354e-08
runsc_ptrace,65536,7.212e-08
runsc_ptrace,65536,7.2465e-08
runsc_ptrace,65536,7.227e-08
runsc_ptrace,65536,7.2183e-08
runsc_ptrace,65536,7.2201e-08
runsc_ptrace,65536,7.2373e-08
runsc_ptrace,65536,7.1929e-08
runsc_ptrace,65536,7.2205e-08
runsc_ptrace,65536,7.2241e-08
runsc_ptrace,65536,7.247e-08
runsc_ptrace,65536,7.225e-08
runsc_ptrace,65536,7.1975e-08
runsc_ptrace,65536,7.0841e-08
runsc_ptrace,65536,7.4256e-08
runsc_ptrace,65536,7.2383e-08
runsc_ptrace,65536,7.2015e-08
runsc_ptrace,65536,7.2408e-08
runsc_ptrace,65536,7.2277e-08
runsc_ptrace,65536,7.2269e-08
runsc_ptrace,65536,7.1995e-08
runsc_ptrace,65536,7.25e-08
runsc_ptrace,65536,7.2251e-08
runsc_ptrace,65536,7.2418e-08
runsc_ptrace,65536,7.2131e-08
runsc_ptrace,65536,7.2248e-08
runsc_ptrace,65536,7.246e-08
runsc_ptrace,65536,7.2696e-08
runsc_ptrace,65536,7.2204e-08
runsc_ptrace,65536,7.2328e-08
runsc_ptrace,65536,7.2202e-08
runsc_ptrace,65536,7.2277e-08
runsc_ptrace,65536,7.2516e-08
runsc_ptrace,65536,7.2348e-08
runsc_ptrace,65536,7.2201e-08
runsc_ptrace,65536,7.2241e-08
runsc_ptrace,65536,7.2345e-08
runsc_ptrace,65536,7.2296e-08
runsc_ptrace,65536,7.2335e-08
runsc_ptrace,65536,7.182e-08
runsc_ptrace,65536,7.2496e-08
runsc_ptrace,65536,7.222e-08
runsc_ptrace,65536,7.2236e-08
runsc_ptrace,65536,7.2161e-08
runsc_ptrace,65536,7.2401e-08
runsc_ptrace,65536,7.2267e-08
runsc_ptrace,65536,7.2157e-08
runsc_ptrace,65536,7.2137e-08
runsc_ptrace,65536,7.2413e-08
runsc_ptrace,65536,7.2287e-08
runsc_ptrace,65536,7.2328e-08
runsc_ptrace,65536,7.2291e-08
runsc_ptrace,65536,7.2079e-08
runsc_ptrace,65536,7.2162e-08
runsc_ptrace,65536,7.2202e-08
runsc_ptrace,65536,7.2362e-08
runsc_ptrace,65536,7.2182e-08
runsc_ptrace,65536,7.213e-08
runsc_ptrace,65536,7.2241e-08
runsc_ptrace,65536,7.2546e-08
runsc_ptrace,65536,7.2338e-08
runsc_ptrace,65536,7.2421e-08
runsc_ptrace,65536,7.2525e-08
runsc_ptrace,65536,7.2262e-08
runsc_ptrace,65536,7.235e-08
runsc_ptrace,65536,7.2185e-08
runsc_ptrace,65536,7.2441e-08
runsc_ptrace,65536,7.2558e-08
runsc_ptrace,65536,7.2635e-08
runsc_ptrace,65536,7.239e-08
runsc_ptrace,65536,7.2147e-08
runsc_ptrace,65536,7.2495e-08
runsc_ptrace,65536,7.2326e-08
runsc_ptrace,65536,7.2274e-08
runsc_ptrace,65536,7.205e-08
runsc_ptrace,65536,7.2059e-08
runsc_ptrace,65536,7.2184e-08
runsc_ptrace,65536,7.1977e-08
runsc_ptrace,65536,7.2382e-08
runsc_ptrace,262144,7.2321e-08
runsc_ptrace,262144,7.222e-08
runsc_ptrace,262144,7.2134e-08
runsc_ptrace,262144,7.2701e-08
runsc_ptrace,262144,7.2322e-08
runsc_ptrace,262144,7.2195e-08
runsc_ptrace,262144,7.2118e-08
runsc_ptrace,262144,7.2085e-08
runsc_ptrace,262144,7.2552e-08
runsc_ptrace,262144,7.2345e-08
runsc_ptrace,262144,7.2291e-08
runsc_ptrace,262144,7.213e-08
runsc_ptrace,262144,7.242e-08
runsc_ptrace,262144,7.1994e-08
runsc_ptrace,262144,7.2381e-08
runsc_ptrace,262144,7.2376e-08
runsc_ptrace,262144,7.2248e-08
runsc_ptrace,262144,7.2236e-08
runsc_ptrace,262144,7.2349e-08
runsc_ptrace,262144,7.2414e-08
runsc_ptrace,262144,7.2304e-08
runsc_ptrace,262144,7.2648e-08
runsc_ptrace,262144,7.2192e-08
runsc_ptrace,262144,7.2333e-08
runsc_ptrace,262144,7.2294e-08
runsc_ptrace,262144,7.2235e-08
runsc_ptrace,262144,7.2103e-08
runsc_ptrace,262144,7.2421e-08
runsc_ptrace,262144,7.2365e-08
runsc_ptrace,262144,7.2237e-08
runsc_ptrace,262144,7.514e-08
runsc_ptrace,262144,7.2389e-08
runsc_ptrace,262144,7.2189e-08
runsc_ptrace,262144,7.4167e-08
runsc_ptrace,262144,5.8395e-08
runsc_ptrace,262144,7.2507e-08
runsc_ptrace,262144,7.1884e-08
runsc_ptrace,262144,7.1965e-08
runsc_ptrace,262144,7.2439e-08
runsc_ptrace,262144,7.2228e-08
runsc_ptrace,262144,7.3083e-08
runsc_ptrace,262144,7.2523e-08
runsc_ptrace,262144,7.2271e-08
runsc_ptrace,262144,7.207e-08
runsc_ptrace,262144,7.2413e-08
runsc_ptrace,262144,6.7884e-08
runsc_ptrace,262144,7.2033e-08
runsc_ptrace,262144,7.2085e-08
runsc_ptrace,262144,7.2102e-08
runsc_ptrace,262144,7.3639e-08
runsc_ptrace,262144,7.2224e-08
runsc_ptrace,262144,7.2215e-08
runsc_ptrace,262144,7.1985e-08
runsc_ptrace,262144,7.2615e-08
runsc_ptrace,262144,7.2454e-08
runsc_ptrace,262144,7.2348e-08
runsc_ptrace,262144,7.2227e-08
runsc_ptrace,262144,7.2364e-08
runsc_ptrace,262144,7.2069e-08
runsc_ptrace,262144,7.2205e-08
runsc_ptrace,262144,7.2338e-08
runsc_ptrace,262144,7.227e-08
runsc_ptrace,262144,7.2561e-08
runsc_ptrace,262144,7.2233e-08
runsc_ptrace,262144,7.252e-08
runsc_ptrace,262144,7.2426e-08
runsc_ptrace,262144,7.2554e-08
runsc_ptrace,262144,7.2105e-08
runsc_ptrace,262144,7.2645e-08
runsc_ptrace,262144,7.2114e-08
runsc_ptrace,262144,7.2319e-08
runsc_ptrace,262144,7.2126e-08
runsc_ptrace,262144,7.2095e-08
runsc_ptrace,262144,7.2186e-08
runsc_ptrace,262144,7.2417e-08
runsc_ptrace,262144,7.2424e-08
runsc_ptrace,262144,7.2154e-08
runsc_ptrace,262144,7.2468e-08
runsc_ptrace,262144,7.2216e-08
runsc_ptrace,262144,7.2262e-08
runsc_ptrace,262144,7.2351e-08
runsc_ptrace,262144,7.2158e-08
runsc_ptrace,262144,7.2538e-08
runsc_ptrace,262144,7.2353e-08
runsc_ptrace,262144,7.224e-08
runsc_ptrace,262144,7.2183e-08
runsc_ptrace,262144,7.2349e-08
runsc_ptrace,262144,7.2497e-08
runsc_ptrace,262144,7.2261e-08
runsc_ptrace,262144,7.2219e-08
runsc_ptrace,262144,7.2387e-08
runsc_ptrace,262144,7.2135e-08
runsc_ptrace,262144,7.2179e-08
runsc_ptrace,262144,7.227e-08
runsc_ptrace,262144,7.232e-08
runsc_ptrace,262144,7.2367e-08
runsc_ptrace,262144,7.2263e-08
runsc_ptrace,262144,7.2191e-08
runsc_ptrace,262144,7.2309e-08
runsc_ptrace,262144,7.2235e-08
runsc_ptrace,1048576,7.2379e-08
runsc_ptrace,1048576,7.2374e-08
runsc_ptrace,1048576,7.2431e-08
runsc_ptrace,1048576,7.2254e-08
runsc_ptrace,1048576,7.2259e-08
runsc_ptrace,1048576,7.2294e-08
runsc_ptrace,1048576,7.2286e-08
runsc_ptrace,1048576,7.2292e-08
runsc_ptrace,1048576,7.1985e-08
runsc_ptrace,1048576,7.2216e-08
runsc_ptrace,1048576,7.2256e-08
runsc_ptrace,1048576,7.2023e-08
runsc_ptrace,1048576,7.2335e-08
runsc_ptrace,1048576,7.2441e-08
runsc_ptrace,1048576,7.2312e-08
runsc_ptrace,1048576,7.2207e-08
runsc_ptrace,1048576,7.1961e-08
runsc_ptrace,1048576,7.235e-08
runsc_ptrace,1048576,7.2503e-08
runsc_ptrace,1048576,7.2473e-08
runsc_ptrace,1048576,7.3152e-08
runsc_ptrace,1048576,7.029e-08
runsc_ptrace,1048576,7.2288e-08
runsc_ptrace,1048576,7.2514e-08
runsc_ptrace,1048576,7.2306e-08
runsc_ptrace,1048576,7.2202e-08
runsc_ptrace,1048576,7.1959e-08
runsc_ptrace,1048576,7.1978e-08
runsc_ptrace,1048576,7.2401e-08
runsc_ptrace,1048576,7.2093e-08
runsc_ptrace,1048576,7.2132e-08
runsc_ptrace,1048576,7.213e-08
runsc_ptrace,1048576,7.2167e-08
runsc_ptrace,1048576,7.2049e-08
runsc_ptrace,1048576,7.2312e-08
runsc_ptrace,1048576,7.2337e-08
runsc_ptrace,1048576,7.226e-08
runsc_ptrace,1048576,7.1962e-08
runsc_ptrace,1048576,7.2175e-08
runsc_ptrace,1048576,7.2076e-08
runsc_ptrace,1048576,7.2719e-08
runsc_ptrace,1048576,7.2257e-08
runsc_ptrace,1048576,7.2136e-08
runsc_ptrace,1048576,7.2419e-08
runsc_ptrace,1048576,7.2332e-08
runsc_ptrace,1048576,7.2297e-08
runsc_ptrace,1048576,7.2399e-08
runsc_ptrace,1048576,7.2029e-08
runsc_ptrace,1048576,7.2554e-08
runsc_ptrace,1048576,7.2476e-08
runsc_ptrace,1048576,7.2356e-08
runsc_ptrace,1048576,7.2356e-08
runsc_ptrace,1048576,7.2271e-08
runsc_ptrace,1048576,7.2035e-08
runsc_ptrace,1048576,7.255e-08
runsc_ptrace,1048576,7.2276e-08
runsc_ptrace,1048576,7.2373e-08
runsc_ptrace,1048576,7.2551e-08
runsc_ptrace,1048576,7.2251e-08
runsc_ptrace,1048576,7.2563e-08
runsc_ptrace,1048576,7.2085e-08
runsc_ptrace,1048576,7.2274e-08
runsc_ptrace,1048576,7.2325e-08
runsc_ptrace,1048576,7.2193e-08
runsc_ptrace,1048576,7.2655e-08
runsc_ptrace,1048576,7.2184e-08
runsc_ptrace,1048576,7.2105e-08
runsc_ptrace,1048576,7.2357e-08
runsc_ptrace,1048576,7.2237e-08
runsc_ptrace,1048576,7.4095e-08
runsc_ptrace,1048576,7.2022e-08
runsc_ptrace,1048576,7.2142e-08
runsc_ptrace,1048576,7.2258e-08
runsc_ptrace,1048576,7.285e-08
runsc_ptrace,1048576,7.2352e-08
runsc_ptrace,1048576,7.2398e-08
runsc_ptrace,1048576,7.2219e-08
runsc_ptrace,1048576,7.2463e-08
runsc_ptrace,1048576,7.2603e-08
runsc_ptrace,1048576,7.2318e-08
runsc_ptrace,1048576,7.216e-08
runsc_ptrace,1048576,7.2308e-08
runsc_ptrace,1048576,7.2233e-08
runsc_ptrace,1048576,7.2351e-08
runsc_ptrace,1048576,7.1848e-08
runsc_ptrace,1048576,7.4256e-08
runsc_ptrace,1048576,7.2279e-08
runsc_ptrace,1048576,7.2249e-08
runsc_ptrace,1048576,7.2117e-08
runsc_ptrace,1048576,7.2167e-08
runsc_ptrace,1048576,7.2347e-08
runsc_ptrace,1048576,7.2205e-08
runsc_ptrace,1048576,7.2152e-08
runsc_ptrace,1048576,7.2117e-08
runsc_ptrace,1048576,7.1874e-08
runsc_ptrace,1048576,7.2074e-08
runsc_ptrace,1048576,7.1937e-08
runsc_ptrace,1048576,7.2488e-08
runsc_ptrace,1048576,7.2396e-08
runsc_ptrace,1048576,7.2363e-08
runsc_kvm,4096,7.0536e-08
runsc_kvm,4096,5.8011e-08
runsc_kvm,4096,5.9024e-08
runsc_kvm,4096,6.5997e-08
runsc_kvm,4096,6.0989e-08
runsc_kvm,4096,5.6552e-08
runsc_kvm,4096,7.0665e-08
runsc_kvm,4096,7.0394e-08
runsc_kvm,4096,7.0631e-08
runsc_kvm,4096,7.0536e-08
runsc_kvm,4096,5.3217e-08
runsc_kvm,4096,7.07e-08
runsc_kvm,4096,7.0571e-08
runsc_kvm,4096,7.0681e-08
runsc_kvm,4096,7.0824e-08
runsc_kvm,4096,6.5065e-08
runsc_kvm,4096,7.0927e-08
runsc_kvm,4096,7.0405e-08
runsc_kvm,4096,7.0514e-08
runsc_kvm,4096,6.5441e-08
runsc_kvm,4096,6.9226e-08
runsc_kvm,4096,5.6543e-08
runsc_kvm,4096,7.0447e-08
runsc_kvm,4096,6.9727e-08
runsc_kvm,4096,7.0953e-08
runsc_kvm,4096,7.0619e-08
runsc_kvm,4096,7.0519e-08
runsc_kvm,4096,7.1736e-08
runsc_kvm,4096,6.5624e-08
runsc_kvm,4096,5.3322e-08
runsc_kvm,4096,6.7224e-08
runsc_kvm,4096,7.1894e-08
runsc_kvm,4096,6.0615e-08
runsc_kvm,4096,7.0609e-08
runsc_kvm,4096,5.9298e-08
runsc_kvm,4096,7.0406e-08
runsc_kvm,4096,5.9936e-08
runsc_kvm,4096,5.957e-08
runsc_kvm,4096,7.0487e-08
runsc_kvm,4096,6.3897e-08
runsc_kvm,4096,5.3017e-08
runsc_kvm,4096,7.0673e-08
runsc_kvm,4096,6.7493e-08
runsc_kvm,4096,6.5015e-08
runsc_kvm,4096,5.2972e-08
runsc_kvm,4096,7.0562e-08
runsc_kvm,4096,7.0827e-08
runsc_kvm,4096,5.4976e-08
runsc_kvm,4096,6.2153e-08
runsc_kvm,4096,7.0535e-08
runsc_kvm,4096,7.0593e-08
runsc_kvm,4096,6.2653e-08
runsc_kvm,4096,7.0765e-08
runsc_kvm,4096,6.604e-08
runsc_kvm,4096,5.7025e-08
runsc_kvm,4096,7.0596e-08
runsc_kvm,4096,7.1012e-08
runsc_kvm,4096,6.7663e-08
runsc_kvm,4096,6.9264e-08
runsc_kvm,4096,6.0431e-08
runsc_kvm,4096,7.0727e-08
runsc_kvm,4096,6.9999e-08
runsc_kvm,4096,6.0549e-08
runsc_kvm,4096,7.0592e-08
runsc_kvm,4096,7.0563e-08
runsc_kvm,4096,7.0912e-08
runsc_kvm,4096,6.148e-08
runsc_kvm,4096,7.0372e-08
runsc_kvm,4096,4.8396e-08
runsc_kvm,4096,7.0603e-08
runsc_kvm,4096,5.9728e-08
runsc_kvm,4096,5.4933e-08
runsc_kvm,4096,6.7978e-08
runsc_kvm,4096,5.9294e-08
runsc_kvm,4096,5.998e-08
runsc_kvm,4096,7.0655e-08
runsc_kvm,4096,7.0552e-08
runsc_kvm,4096,5.9005e-08
runsc_kvm,4096,6.4647e-08
runsc_kvm,4096,5.4673e-08
runsc_kvm,4096,7.0815e-08
runsc_kvm,4096,7.0571e-08
runsc_kvm,4096,7.0887e-08
runsc_kvm,4096,7.0588e-08
runsc_kvm,4096,7.056e-08
runsc_kvm,4096,6.4837e-08
runsc_kvm,4096,7.0669e-08
runsc_kvm,4096,5.2948e-08
runsc_kvm,4096,7.0746e-08
runsc_kvm,4096,7.0536e-08
runsc_kvm,4096,7.0811e-08
runsc_kvm,4096,6.5767e-08
runsc_kvm,4096,7.0612e-08
runsc_kvm,4096,6.8444e-08
runsc_kvm,4096,5.4944e-08
runsc_kvm,4096,6.6196e-08
runsc_kvm,4096,7.0434e-08
runsc_kvm,4096,6.8721e-08
runsc_kvm,4096,7.0476e-08
runsc_kvm,4096,6.3866e-08
runsc_kvm,16384,7.0679e-08
runsc_kvm,16384,6.0114e-08
runsc_kvm,16384,6.8317e-08
runsc_kvm,16384,7.0911e-08
runsc_kvm,16384,5.84e-08
runsc_kvm,16384,7.0853e-08
runsc_kvm,16384,5.872e-08
runsc_kvm,16384,5.3054e-08
runsc_kvm,16384,7.0734e-08
runsc_kvm,16384,7.0562e-08
runsc_kvm,16384,7.0794e-08
runsc_kvm,16384,7.0604e-08
runsc_kvm,16384,6.0445e-08
runsc_kvm,16384,7.0475e-08
runsc_kvm,16384,6.9603e-08
runsc_kvm,16384,6.4731e-08
runsc_kvm,16384,4.4596e-08
runsc_kvm,16384,7.0594e-08
runsc_kvm,16384,7.0069e-08
runsc_kvm,16384,5.9722e-08
runsc_kvm,16384,6.9554e-08
runsc_kvm,16384,6.9778e-08
runsc_kvm,16384,6.4289e-08
runsc_kvm,16384,6.3676e-08
runsc_kvm,16384,7.0859e-08
runsc_kvm,16384,6.5687e-08
runsc_kvm,16384,6.0846e-08
runsc_kvm,16384,7.0838e-08
runsc_kvm,16384,5.914e-08
runsc_kvm,16384,6.9161e-08
runsc_kvm,16384,6.6182e-08
runsc_kvm,16384,6.2184e-08
runsc_kvm,16384,6.5546e-08
runsc_kvm,16384,6.8639e-08
runsc_kvm,16384,7.0883e-08
runsc_kvm,16384,7.0559e-08
runsc_kvm,16384,6.9116e-08
runsc_kvm,16384,7.0745e-08
runsc_kvm,16384,6.6785e-08
runsc_kvm,16384,6.1162e-08
runsc_kvm,16384,7.0515e-08
runsc_kvm,16384,7.037e-08
runsc_kvm,16384,5.7849e-08
runsc_kvm,16384,6.5206e-08
runsc_kvm,16384,7.0533e-08
runsc_kvm,16384,7.0451e-08
runsc_kvm,16384,7.0604e-08
runsc_kvm,16384,7.0635e-08
runsc_kvm,16384,6.4733e-08
runsc_kvm,16384,7.0513e-08
runsc_kvm,16384,7.0702e-08
runsc_kvm,16384,6.7601e-08
runsc_kvm,16384,5.9921e-08
runsc_kvm,16384,7.0559e-08
runsc_kvm,16384,6.3143e-08
runsc_kvm,16384,7.0617e-08
runsc_kvm,16384,7.0611e-08
runsc_kvm,16384,7.0588e-08
runsc_kvm,16384,6.8857e-08
runsc_kvm,16384,6.3155e-08
runsc_kvm,16384,7.0804e-08
runsc_kvm,16384,5.6494e-08
runsc_kvm,16384,7.0591e-08
runsc_kvm,16384,5.8962e-08
runsc_kvm,16384,6.1174e-08
runsc_kvm,16384,6.8405e-08
runsc_kvm,16384,7.0754e-08
runsc_kvm,16384,7.0615e-08
runsc_kvm,16384,7.0377e-08
runsc_kvm,16384,7.0584e-08
runsc_kvm,16384,7.0769e-08
runsc_kvm,16384,6.9155e-08
runsc_kvm,16384,5.6485e-08
runsc_kvm,16384,7.0855e-08
runsc_kvm,16384,6.5335e-08
runsc_kvm,16384,6.6096e-08
runsc_kvm,16384,6.6046e-08
runsc_kvm,16384,6.5276e-08
runsc_kvm,16384,7.0726e-08
runsc_kvm,16384,7.0285e-08
runsc_kvm,16384,6.4856e-08
runsc_kvm,16384,7.1137e-08
runsc_kvm,16384,5.9118e-08
runsc_kvm,16384,6.9806e-08
runsc_kvm,16384,6.3472e-08
runsc_kvm,16384,7.0867e-08
runsc_kvm,16384,5.7694e-08
runsc_kvm,16384,6.6332e-08
runsc_kvm,16384,7.093e-08
runsc_kvm,16384,6.434e-08
runsc_kvm,16384,6.8999e-08
runsc_kvm,16384,6.7204e-08
runsc_kvm,16384,6.5621e-08
runsc_kvm,16384,7.0444e-08
runsc_kvm,16384,6.7862e-08
runsc_kvm,16384,7.0566e-08
runsc_kvm,16384,7.0448e-08
runsc_kvm,16384,6.3535e-08
runsc_kvm,16384,5.7533e-08
runsc_kvm,16384,7.0475e-08
runsc_kvm,65536,6.5247e-08
runsc_kvm,65536,5.1909e-08
runsc_kvm,65536,7.0531e-08
runsc_kvm,65536,6.2873e-08
runsc_kvm,65536,7.0563e-08
runsc_kvm,65536,6.7094e-08
runsc_kvm,65536,7.0465e-08
runsc_kvm,65536,7.069e-08
runsc_kvm,65536,6.5864e-08
runsc_kvm,65536,7.0612e-08
runsc_kvm,65536,7.038e-08
runsc_kvm,65536,7.078e-08
runsc_kvm,65536,7.0776e-08
runsc_kvm,65536,7.0089e-08
runsc_kvm,65536,6.5334e-08
runsc_kvm,65536,6.9007e-08
runsc_kvm,65536,5.7509e-08
runsc_kvm,65536,7.0751e-08
runsc_kvm,65536,7.0489e-08
runsc_kvm,65536,6.668e-08
runsc_kvm,65536,6.9919e-08
runsc_kvm,65536,7.0558e-08
runsc_kvm,65536,6.9018e-08
runsc_kvm,65536,7.0602e-08
runsc_kvm,65536,7.0396e-08
runsc_kvm,65536,7.0589e-08
runsc_kvm,65536,7.0681e-08
runsc_kvm,65536,6.4411e-08
runsc_kvm,65536,6.9049e-08
runsc_kvm,65536,6.5287e-08
runsc_kvm,65536,6.1834e-08
runsc_kvm,65536,6.9163e-08
runsc_kvm,65536,6.7923e-08
runsc_kvm,65536,6.6077e-08
runsc_kvm,65536,7.0676e-08
runsc_kvm,65536,7.0483e-08
runsc_kvm,65536,6.1745e-08
runsc_kvm,65536,7.0605e-08
runsc_kvm,65536,6.8671e-08
runsc_kvm,65536,6.8467e-08
runsc_kvm,65536,7.064e-08
runsc_kvm,65536,6.1608e-08
runsc_kvm,65536,7.0837e-08
runsc_kvm,65536,7.0594e-08
runsc_kvm,65536,7.0761e-08
runsc_kvm,65536,7.0454e-08
runsc_kvm,65536,6.7458e-08
runsc_kvm,65536,7.0733e-08
runsc_kvm,65536,7.0745e-08
runsc_kvm,65536,7.0714e-08
runsc_kvm,65536,7.0523e-08
runsc_kvm,65536,7.0442e-08
runsc_kvm,65536,7.0609e-08
runsc_kvm,65536,7.0621e-08
runsc_kvm,65536,7.1544e-08
runsc_kvm,65536,7.0363e-08
runsc_kvm,65536,6.619e-08
runsc_kvm,65536,5.4626e-08
runsc_kvm,65536,7.035e-08
runsc_kvm,65536,7.0761e-08
runsc_kvm,65536,6.3083e-08
runsc_kvm,65536,6.2938e-08
runsc_kvm,65536,6.6098e-08
runsc_kvm,65536,7.041e-08
runsc_kvm,65536,5.9439e-08
runsc_kvm,65536,6.6823e-08
runsc_kvm,65536,6.888e-08
runsc_kvm,65536,7.061e-08
runsc_kvm,65536,7.0031e-08
runsc_kvm,65536,7.0593e-08
runsc_kvm,65536,7.0374e-08
runsc_kvm,65536,6.497e-08
runsc_kvm,65536,7.1028e-08
runsc_kvm,65536,7.046e-08
runsc_kvm,65536,7.0833e-08
runsc_kvm,65536,7.0731e-08
runsc_kvm,65536,7.0687e-08
runsc_kvm,65536,7.0535e-08
runsc_kvm,65536,6.4404e-08
runsc_kvm,65536,7.0621e-08
runsc_kvm,65536,7.0614e-08
runsc_kvm,65536,6.0762e-08
runsc_kvm,65536,6.96e-08
runsc_kvm,65536,6.0648e-08
runsc_kvm,65536,6.8957e-08
runsc_kvm,65536,7.0586e-08
runsc_kvm,65536,7.0617e-08
runsc_kvm,65536,6.9925e-08
runsc_kvm,65536,7.0583e-08
runsc_kvm,65536,6.5802e-08
runsc_kvm,65536,7.0708e-08
runsc_kvm,65536,6.0062e-08
runsc_kvm,65536,5.9587e-08
runsc_kvm,65536,6.9423e-08
runsc_kvm,65536,6.4198e-08
runsc_kvm,65536,7.0597e-08
runsc_kvm,65536,7.0841e-08
runsc_kvm,65536,5.8028e-08
runsc_kvm,65536,7.081e-08
runsc_kvm,65536,6.8194e-08
runsc_kvm,262144,6.7308e-08
runsc_kvm,262144,7.0652e-08
runsc_kvm,262144,7.0503e-08
runsc_kvm,262144,7.0493e-08
runsc_kvm,262144,7.068e-08
runsc_kvm,262144,7.0574e-08
runsc_kvm,262144,7.0513e-08
runsc_kvm,262144,6.9858e-08
runsc_kvm,262144,6.5477e-08
runsc_kvm,262144,7.0867e-08
runsc_kvm,262144,5.2948e-08
runsc_kvm,262144,7.0408e-08
runsc_kvm,262144,7.0723e-08
runsc_kvm,262144,6.5782e-08
runsc_kvm,262144,6.7083e-08
runsc_kvm,262144,7.0474e-08
runsc_kvm,262144,7.0384e-08
runsc_kvm,262144,6.5266e-08
runsc_kvm,262144,7.0544e-08
runsc_kvm,262144,7.1119e-08
runsc_kvm,262144,7.0702e-08
runsc_kvm,262144,7.0548e-08
runsc_kvm,262144,7.0666e-08
runsc_kvm,262144,5.602e-08
runsc_kvm,262144,7.0996e-08
runsc_kvm,262144,7.0044e-08
runsc_kvm,262144,7.0622e-08
runsc_kvm,262144,7.1427e-08
runsc_kvm,262144,7.0559e-08
runsc_kvm,262144,7.0395e-08
runsc_kvm,262144,7.0602e-08
runsc_kvm,262144,6.6905e-08
runsc_kvm,262144,6.9953e-08
runsc_kvm,262144,7.0461e-08
runsc_kvm,262144,7.0822e-08
runsc_kvm,262144,7.0644e-08
runsc_kvm,262144,6.8486e-08
runsc_kvm,262144,7.0427e-08
runsc_kvm,262144,7.0564e-08
runsc_kvm,262144,7.0587e-08
runsc_kvm,262144,5.3617e-08
runsc_kvm,262144,5.752e-08
runsc_kvm,262144,5.674e-08
runsc_kvm,262144,6.5211e-08
runsc_kvm,262144,7.0605e-08
runsc_kvm,262144,7.0506e-08
runsc_kvm,262144,7.0669e-08
runsc_kvm,262144,7.0709e-08
runsc_kvm,262144,5.9005e-08
runsc_kvm,262144,7.0638e-08
runsc_kvm,262144,7.0563e-08
runsc_kvm,262144,7.0404e-08
runsc_kvm,262144,6.1587e-08
runsc_kvm,262144,6.8441e-08
runsc_kvm,262144,7.0572e-08
runsc_kvm,262144,7.0605e-08
runsc_kvm,262144,6.506e-08
runsc_kvm,262144,7.0594e-08
runsc_kvm,262144,5.9048e-08
runsc_kvm,262144,7.0721e-08
runsc_kvm,262144,7.0787e-08
runsc_kvm,262144,5.8427e-08
runsc_kvm,262144,7.0532e-08
runsc_kvm,262144,6.7974e-08
runsc_kvm,262144,7.0626e-08
runsc_kvm,262144,5.3456e-08
runsc_kvm,262144,7.0322e-08
runsc_kvm,262144,6.0959e-08
runsc_kvm,262144,7.1836e-08
runsc_kvm,262144,6.0507e-08
runsc_kvm,262144,6.1348e-08
runsc_kvm,262144,5.8131e-08
runsc_kvm,262144,7.049e-08
runsc_kvm,262144,7.0532e-08
runsc_kvm,262144,6.0873e-08
runsc_kvm,262144,5.6619e-08
runsc_kvm,262144,7.0866e-08
runsc_kvm,262144,7.0591e-08
runsc_kvm,262144,6.8236e-08
runsc_kvm,262144,6.6359e-08
runsc_kvm,262144,7.071e-08
runsc_kvm,262144,7.0687e-08
runsc_kvm,262144,6.4973e-08
runsc_kvm,262144,7.0565e-08
runsc_kvm,262144,6.0831e-08
runsc_kvm,262144,7.0901e-08
runsc_kvm,262144,6.7066e-08
runsc_kvm,262144,6.2588e-08
runsc_kvm,262144,7.0401e-08
runsc_kvm,262144,7.0622e-08
runsc_kvm,262144,6.9536e-08
runsc_kvm,262144,6.2726e-08
runsc_kvm,262144,6.648e-08
runsc_kvm,262144,6.7724e-08
runsc_kvm,262144,6.3579e-08
runsc_kvm,262144,5.7798e-08
runsc_kvm,262144,6.9746e-08
runsc_kvm,262144,6.7951e-08
runsc_kvm,262144,7.0585e-08
runsc_kvm,262144,7.0871e-08
runsc_kvm,1048576,7.053e-08
runsc_kvm,1048576,7.0782e-08
runsc_kvm,1048576,6.1037e-08
runsc_kvm,1048576,7.0678e-08
runsc_kvm,1048576,7.0569e-08
runsc_kvm,1048576,7.0553e-08
runsc_kvm,1048576,6.9209e-08
runsc_kvm,1048576,6.9694e-08
runsc_kvm,1048576,7.0668e-08
runsc_kvm,1048576,7.0368e-08
runsc_kvm,1048576,7.0958e-08
runsc_kvm,1048576,7.0528e-08
runsc_kvm,1048576,7.0531e-08
runsc_kvm,1048576,7.0061e-08
runsc_kvm,1048576,7.0576e-08
runsc_kvm,1048576,6.3032e-08
runsc_kvm,1048576,7.0676e-08
runsc_kvm,1048576,7.0913e-08
runsc_kvm,1048576,7.0926e-08
runsc_kvm,1048576,6.0452e-08
runsc_kvm,1048576,6.2895e-08
runsc_kvm,1048576,7.0662e-08
runsc_kvm,1048576,6.9446e-08
runsc_kvm,1048576,7.0747e-08
runsc_kvm,1048576,7.0657e-08
runsc_kvm,1048576,7.0789e-08
runsc_kvm,1048576,7.0688e-08
runsc_kvm,1048576,6.8318e-08
runsc_kvm,1048576,6.272e-08
runsc_kvm,1048576,7.058e-08
runsc_kvm,1048576,6.2804e-08
runsc_kvm,1048576,7.0773e-08
runsc_kvm,1048576,6.4039e-08
runsc_kvm,1048576,7.0391e-08
runsc_kvm,1048576,5.8991e-08
runsc_kvm,1048576,6.2485e-08
runsc_kvm,1048576,7.0669e-08
runsc_kvm,1048576,6.6226e-08
runsc_kvm,1048576,6.7343e-08
runsc_kvm,1048576,7.0509e-08
runsc_kvm,1048576,6.4389e-08
runsc_kvm,1048576,7.0761e-08
runsc_kvm,1048576,7.0507e-08
runsc_kvm,1048576,7.1069e-08
runsc_kvm,1048576,7.0589e-08
runsc_kvm,1048576,7.0612e-08
runsc_kvm,1048576,6.857e-08
runsc_kvm,1048576,7.0629e-08
runsc_kvm,1048576,5.9233e-08
runsc_kvm,1048576,7.0552e-08
runsc_kvm,1048576,7.0388e-08
runsc_kvm,1048576,6.7168e-08
runsc_kvm,1048576,6.5835e-08
runsc_kvm,1048576,5.8101e-08
runsc_kvm,1048576,6.967e-08
runsc_kvm,1048576,5.6612e-08
runsc_kvm,1048576,7.0642e-08
runsc_kvm,1048576,7.0709e-08
runsc_kvm,1048576,7.0718e-08
runsc_kvm,1048576,7.0642e-08
runsc_kvm,1048576,6.4366e-08
runsc_kvm,1048576,7.1062e-08
runsc_kvm,1048576,6.7555e-08
runsc_kvm,1048576,7.0579e-08
runsc_kvm,1048576,7.0598e-08
runsc_kvm,1048576,7.0543e-08
runsc_kvm,1048576,7.0851e-08
runsc_kvm,1048576,6.8063e-08
runsc_kvm,1048576,7.0617e-08
runsc_kvm,1048576,7.0824e-08
runsc_kvm,1048576,6.4218e-08
runsc_kvm,1048576,6.6612e-08
runsc_kvm,1048576,7.0781e-08
runsc_kvm,1048576,6.6536e-08
runsc_kvm,1048576,7.0662e-08
runsc_kvm,1048576,7.0691e-08
runsc_kvm,1048576,7.0747e-08
runsc_kvm,1048576,7.0799e-08
runsc_kvm,1048576,6.0505e-08
runsc_kvm,1048576,6.5046e-08
runsc_kvm,1048576,7.067e-08
runsc_kvm,1048576,7.0468e-08
runsc_kvm,1048576,7.0743e-08
runsc_kvm,1048576,7.0655e-08
runsc_kvm,1048576,7.0582e-08
runsc_kvm,1048576,7.0682e-08
runsc_kvm,1048576,7.0444e-08
runsc_kvm,1048576,7.0648e-08
runsc_kvm,1048576,7.0599e-08
runsc_kvm,1048576,6.5999e-08
runsc_kvm,1048576,7.0668e-08
runsc_kvm,1048576,6.3047e-08
runsc_kvm,1048576,7.0622e-08
runsc_kvm,1048576,7.0031e-08
runsc_kvm,1048576,6.7482e-08
runsc_kvm,1048576,7.0923e-08
runsc_kvm,1048576,7.0589e-08
runsc_kvm,1048576,6.6554e-08
runsc_kvm,1048576,6.9715e-08
runsc_kvm,1048576,5.357e-08
