runc,16384,2.101114e-06
runc,16384,2.266105e-06
runc,16384,2.291756e-06
runc,16384,2.199739e-06
runc,16384,2.083463e-06
runc,16384,2.27852e-06
runc,16384,2.262424e-06
runc,16384,2.294286e-06
runc,16384,2.297948e-06
runc,16384,2.456418e-06
runc,16384,2.263861e-06
runc,16384,2.245577e-06
runc,16384,2.063043e-06
runc,16384,2.387081e-06
runc,16384,2.211185e-06
runc,16384,2.434103e-06
runc,16384,2.228246e-06
runc,16384,2.494197e-06
runc,16384,2.109427e-06
runc,16384,2.163503e-06
runc,16384,2.355597e-06
runc,16384,2.446945e-06
runc,16384,2.23134e-06
runc,16384,2.298606e-06
runc,16384,2.276425e-06
runc,16384,2.392597e-06
runc,16384,2.228313e-06
runc,16384,2.0898e-06
runc,16384,2.415879e-06
runc,16384,2.229368e-06
runc,16384,2.085853e-06
runc,16384,2.286381e-06
runc,16384,2.377115e-06
runc,16384,2.390035e-06
runc,16384,2.233741e-06
runc,16384,2.365145e-06
runc,16384,2.297313e-06
runc,16384,2.476688e-06
runc,16384,2.273903e-06
runc,16384,2.222328e-06
runc,16384,2.408341e-06
runc,16384,2.283562e-06
runc,16384,2.374486e-06
runc,16384,2.305745e-06
runc,16384,2.193237e-06
runc,16384,2.064761e-06
runc,16384,2.224437e-06
runc,16384,2.369486e-06
runc,16384,2.326447e-06
runc,16384,2.394211e-06
runc,16384,2.251967e-06
runc,16384,2.223565e-06
runc,16384,2.971767e-06
runc,16384,2.332893e-06
runc,16384,2.116686e-06
runc,16384,2.12925e-06
runc,16384,2.287047e-06
runc,16384,2.274244e-06
runc,16384,2.350253e-06
runc,16384,2.37426e-06
runc,16384,2.287677e-06
runc,16384,2.236779e-06
runc,16384,2.29234e-06
runc,16384,1.960063e-06
runc,16384,2.1847e-06
runc,16384,2.363176e-06
runc,16384,2.36472e-06
runc,16384,2.277204e-06
runc,16384,2.425365e-06
runc,16384,2.148218e-06
runc,16384,2.337081e-06
runc,16384,2.122919e-06
runc,16384,2.213654e-06
runc,16384,2.3589e-06
runc,16384,2.299539e-06
runc,16384,2.362312e-06
runc,16384,2.37919e-06
runc,16384,2.34734e-06
runc,16384,2.378439e-06
runc,16384,2.326862e-06
runc,16384,2.104348e-06
runc,16384,2.477345e-06
runc,16384,2.42285e-06
runc,16384,2.38846e-06
runc,16384,2.321713e-06
runc,16384,2.18796e-06
runc,16384,2.165838e-06
runc,16384,2.418281e-06
runc,16384,2.206772e-06
runc,16384,2.333115e-06
runc,16384,2.212806e-06
runc,16384,2.214585e-06
runc,16384,2.272148e-06
runc,16384,2.282774e-06
runc,16384,3.037755e-06
runc,16384,2.414939e-06
runc,16384,2.268273e-06
runc,16384,2.176314e-06
runc,16384,2.361453e-06
runc,16384,2.330974e-06
bare,4096,1e-05
bare,4096,1e-05
bare,4096,1e-05
bare,4096,1e-05
bare,4096,1e-05
bare,4096,1e-05
bare,4096,1e-05
bare,4096,1e-05
bare,4096,1e-05
bare,4096,1e-05
bare,4096,1e-05
bare,4096,1e-05
bare,4096,1e-05
bare,4096,1e-05
bare,4096,1e-05
bare,4096,1e-05
bare,4096,1e-05
bare,4096,1e-05
bare,4096,1e-05
bare,4096,1e-05
bare,4096,1e-05
bare,4096,1e-05
bare,4096,1e-05
bare,4096,1e-05
bare,4096,1e-05
bare,4096,1e-05
bare,4096,1e-05
bare,4096,1e-05
bare,4096,1e-05
bare,4096,1e-05
bare,4096,1e-05
bare,4096,1e-05
bare,4096,1e-05
bare,4096,1e-05
bare,4096,1e-05
bare,4096,1e-05
bare,4096,1e-05
bare,4096,1e-05
bare,4096,1e-05
bare,4096,1e-05
bare,4096,1e-05
bare,4096,1e-05
bare,4096,1e-05
bare,4096,1e-05
bare,4096,1e-05
bare,4096,1e-05
bare,4096,1e-05
bare,4096,1e-05
bare,4096,1e-05
bare,4096,1e-05
bare,4096,1e-05
bare,4096,1e-05
bare,4096,1e-05
bare,4096,1e-05
bare,4096,1e-05
bare,4096,1e-05
bare,4096,1e-05
bare,4096,1e-05
bare,4096,1e-05
bare,4096,1e-05
bare,4096,1e-05
bare,4096,1e-05
bare,4096,1e-05
bare,4096,1e-05
bare,4096,1e-05
bare,4096,1e-05
bare,4096,1e-05
bare,4096,1e-05
bare,4096,1e-05
bare,4096,1e-05
bare,4096,1e-05
bare,4096,1e-05
bare,4096,1e-05
bare,4096,1e-05
bare,4096,1e-05
bare,4096,1e-05
bare,4096,1e-05
bare,4096,1e-05
bare,4096,1e-05
bare,4096,1e-05
bare,4096,1e-05
bare,4096,1e-05
bare,4096,1e-05
bare,4096,1e-05
bare,4096,1e-05
bare,4096,1e-05
bare,4096,1e-05
bare,4096,1e-05
bare,4096,1e-05
bare,4096,1e-05
bare,4096,1e-05
bare,4096,1e-05
bare,4096,1e-05
bare,4096,1e-05
bare,4096,1e-05
bare,4096,1e-05
bare,4096,1e-05
bare,4096,1e-05
bare,4096,1e-05
bare,4096,1e-05
runsc_ptrace,262144,5.5493765e-05
runsc_ptrace,262144,6.3333522e-05
runsc_ptrace,262144,6.4806969e-05
runsc_ptrace,262144,5.4029602e-05
runsc_ptrace,262144,5.8899859e-05
runsc_ptrace,262144,6.648311e-05
runsc_ptrace,262144,6.2888706e-05
runsc_ptrace,262144,6.6871275e-05
runsc_ptrace,262144,6.6404085e-05
runsc_ptrace,262144,6.0934883e-05
runsc_ptrace,262144,5.6803732e-05
runsc_ptrace,262144,6.6045963e-05
runsc_ptrace,262144,5.7529116e-05
runsc_ptrace,262144,5.4206401e-05
runsc_ptrace,262144,6.586004e-05
runsc_ptrace,262144,6.6064946e-05
runsc_ptrace,262144,8.3854407e-05
runsc_ptrace,262144,6.1275823e-05
runsc_ptrace,262144,5.3315802e-05
runsc_ptrace,262144,7.8261983e-05
runsc_ptrace,262144,6.6404908e-05
runsc_ptrace,262144,6.5525506e-05
runsc_ptrace,262144,5.7097339e-05
runsc_ptrace,262144,5.8103906e-05
runsc_ptrace,262144,5.5160766e-05
runsc_ptrace,262144,6.6006483e-05
runsc_ptrace,262144,5.5565495e-05
runsc_ptrace,262144,5.9184284e-05
runsc_ptrace,262144,5.8698697e-05
runsc_ptrace,262144,5.1708441e-05
runsc_ptrace,262144,6.7204906e-05
runsc_ptrace,262144,6.3324071e-05
runsc_ptrace,262144,6.2207742e-05
runsc_ptrace,262144,6.1574035e-05
runsc_ptrace,262144,6.0644885e-05
runsc_ptrace,262144,5.3111173e-05
runsc_ptrace,262144,6.3553402e-05
runsc_ptrace,262144,5.8983893e-05
runsc_ptrace,262144,6.2516978e-05
runsc_ptrace,262144,5.78904e-05
runsc_ptrace,262144,5.1899835e-05
runsc_ptrace,262144,6.1467319e-05
runsc_ptrace,262144,6.9070185e-05
runsc_ptrace,262144,5.6642828e-05
runsc_ptrace,262144,5.1597443e-05
runsc_ptrace,262144,7.1815091e-05
runsc_ptrace,262144,6.9903035e-05
runsc_ptrace,262144,6.0874339e-05
runsc_ptrace,262144,6.3018873e-05
runsc_ptrace,262144,5.8161979e-05
runsc_ptrace,262144,6.4904925e-05
runsc_ptrace,262144,6.098258e-05
runsc_ptrace,262144,5.3591393e-05
runsc_ptrace,262144,6.1027396e-05
runsc_ptrace,262144,5.2756128e-05
runsc_ptrace,262144,6.4935586e-05
runsc_ptrace,262144,7.321631e-05
runsc_ptrace,262144,5.1145118e-05
runsc_ptrace,262144,6.7973917e-05
runsc_ptrace,262144,5.4397926e-05
runsc_ptrace,262144,6.346008e-05
runsc_ptrace,262144,5.8169899e-05
runsc_ptrace,262144,6.4507898e-05
runsc_ptrace,262144,6.2957493e-05
runsc_ptrace,262144,5.8312573e-05
runsc_ptrace,262144,5.9121743e-05
runsc_ptrace,262144,5.6098146e-05
runsc_ptrace,262144,6.7675181e-05
runsc_ptrace,262144,6.4385742e-05
runsc_ptrace,262144,6.0874809e-05
runsc_ptrace,262144,7.4999625e-05
runsc_ptrace,262144,6.306298e-05
runsc_ptrace,262144,8.1613522e-05
runsc_ptrace,262144,7.6745462e-05
runsc_ptrace,262144,6.4311884e-05
runsc_ptrace,262144,6.3545667e-05
runsc_ptrace,262144,6.1507213e-05
runsc_ptrace,262144,6.1155879e-05
runsc_ptrace,262144,7.4587733e-05
runsc_ptrace,262144,6.006669e-05
runsc_ptrace,262144,5.6114506e-05
runsc_ptrace,262144,5.1667208e-05
runsc_ptrace,262144,6.6339147e-05
runsc_ptrace,262144,6.8773545e-05
runsc_ptrace,262144,6.5573578e-05
runsc_ptrace,262144,5.6517682e-05
runsc_ptrace,262144,5.3931624e-05
runsc_ptrace,262144,8.1779966e-05
runsc_ptrace,262144,5.4432592e-05
runsc_ptrace,262144,6.1467545e-05
runsc_ptrace,262144,6.0428596e-05
runsc_ptrace,262144,7.5473487e-05
runsc_ptrace,262144,6.0477971e-05
runsc_ptrace,262144,6.2307226e-05
runsc_ptrace,262144,6.1650913e-05
runsc_ptrace,262144,6.8659952e-05
runsc_ptrace,262144,6.4382031e-05
runsc_ptrace,262144,6.6257744e-05
runsc_ptrace,262144,6.4413412e-05
runsc_ptrace,262144,5.9052891e-05
runc,4096,9.76691e-07
runc,4096,1.193265e-06
runc,4096,1.082604e-06
runc,4096,1.187016e-06
runc,4096,9.58815e-07
runc,4096,1.207624e-06
runc,4096,1.198846e-06
runc,4096,1.021688e-06
runc,4096,1.043128e-06
runc,4096,1.189968e-06
runc,4096,1.117544e-06
runc,4096,1.008503e-06
runc,4096,1.183134e-06
runc,4096,1.132642e-06
runc,4096,1.106043e-06
runc,4096,1.185555e-06
runc,4096,1.1597e-06
runc,4096,9.73338e-07
runc,4096,1.160699e-06
runc,4096,1.208642e-06
runc,4096,1.114019e-06
runc,4096,1.126313e-06
runc,4096,1.156771e-06
runc,4096,1.009035e-06
runc,4096,1.124758e-06
runc,4096,1.142586e-06
runc,4096,1.106323e-06
runc,4096,1.076779e-06
runc,4096,1.104304e-06
runc,4096,1.197843e-06
runc,4096,1.189914e-06
runc,4096,1.149072e-06
runc,4096,1.186165e-06
runc,4096,1.149691e-06
runc,4096,1.161322e-06
runc,4096,1.005063e-06
runc,4096,1.122519e-06
runc,4096,1.078623e-06
runc,4096,1.0197e-06
runc,4096,1.10037e-06
runc,4096,1.175633e-06
runc,4096,1.039059e-06
runc,4096,1.16305e-06
runc,4096,1.054245e-06
runc,4096,8.6966e-07
runc,4096,1.126751e-06
runc,4096,1.139464e-06
runc,4096,1.158985e-06
runc,4096,1.127052e-06
runc,4096,1.149946e-06
runc,4096,1.197637e-06
runc,4096,1.173678e-06
runc,4096,1.1719e-06
runc,4096,1.052674e-06
runc,4096,1.165249e-06
runc,4096,1.074761e-06
runc,4096,9.66085e-07
runc,4096,1.200789e-06
runc,4096,1.048e-06
runc,4096,1.043968e-06
runc,4096,1.024096e-06
runc,4096,1.121718e-06
runc,4096,1.17144e-06
runc,4096,1.175248e-06
runc,4096,1.176034e-06
runc,4096,9.91452e-07
runc,4096,1.183006e-06
runc,4096,1.128372e-06
runc,4096,1.166681e-06
runc,4096,9.9899e-07
runc,4096,1.03745e-06
runc,4096,1.117543e-06
runc,4096,8.78712e-07
runc,4096,9.95803e-07
runc,4096,1.200051e-06
runc,4096,1.156527e-06
runc,4096,1.166636e-06
runc,4096,1.140408e-06
runc,4096,1.120609e-06
runc,4096,1.132888e-06
runc,4096,1.121413e-06
runc,4096,1.153039e-06
runc,4096,9.36876e-07
runc,4096,1.211244e-06
runc,4096,1.032889e-06
runc,4096,1.171137e-06
runc,4096,1.19907e-06
runc,4096,1.090934e-06
runc,4096,1.174674e-06
runc,4096,1.172294e-06
runc,4096,8.21199e-07
runc,4096,1.177092e-06
runc,4096,1.171088e-06
runc,4096,1.100634e-06
runc,4096,9.77044e-07
runc,4096,1.190863e-06
runc,4096,1.177739e-06
runc,4096,1.180373e-06
runc,4096,1.138192e-06
runc,4096,9.90383e-07
bare,262144,1e-05
bare,262144,1e-05
bare,262144,1e-05
bare,262144,1e-05
bare,262144,1e-05
bare,262144,1e-05
bare,262144,1e-05
bare,262144,1e-05
bare,262144,1e-05
bare,262144,1e-05
bare,262144,1e-05
bare,262144,1e-05
bare,262144,1e-05
bare,262144,1e-05
bare,262144,1e-05
bare,262144,1e-05
bare,262144,1e-05
bare,262144,1e-05
bare,262144,1e-05
bare,262144,1e-05
bare,262144,1e-05
bare,262144,1e-05
bare,262144,1e-05
bare,262144,1e-05
bare,262144,1e-05
bare,262144,1e-05
bare,262144,1e-05
bare,262144,1e-05
bare,262144,1e-05
bare,262144,1e-05
bare,262144,1e-05
bare,262144,1e-05
bare,262144,1e-05
bare,262144,1e-05
bare,262144,1e-05
bare,262144,1e-05
bare,262144,1e-05
bare,262144,1e-05
bare,262144,1e-05
bare,262144,1e-05
bare,262144,1e-05
bare,262144,1e-05
bare,262144,1e-05
bare,262144,1e-05
bare,262144,1e-05
bare,262144,1e-05
bare,262144,1e-05
bare,262144,1e-05
bare,262144,1e-05
bare,262144,1e-05
bare,262144,1e-05
bare,262144,1e-05
bare,262144,1e-05
bare,262144,1e-05
bare,262144,1e-05
bare,262144,1e-05
bare,262144,1e-05
bare,262144,1e-05
bare,262144,1e-05
bare,262144,1e-05
bare,262144,1e-05
bare,262144,1e-05
bare,262144,1e-05
bare,262144,1e-05
bare,262144,1e-05
bare,262144,1e-05
bare,262144,1e-05
bare,262144,1e-05
bare,262144,1e-05
bare,262144,1e-05
bare,262144,1e-05
bare,262144,1e-05
bare,262144,1e-05
bare,262144,1e-05
bare,262144,1e-05
bare,262144,1e-05
bare,262144,1e-05
bare,262144,1e-05
bare,262144,1e-05
bare,262144,1e-05
bare,262144,1e-05
bare,262144,1e-05
bare,262144,1e-05
bare,262144,1e-05
bare,262144,1e-05
bare,262144,1e-05
bare,262144,1e-05
bare,262144,1e-05
bare,262144,1e-05
bare,262144,1e-05
bare,262144,1e-05
bare,262144,1e-05
bare,262144,1e-05
bare,262144,1e-05
bare,262144,1e-05
bare,262144,1e-05
bare,262144,1e-05
bare,262144,1e-05
bare,262144,1e-05
bare,262144,1e-05
runsc_ptrace,4096,1.3098595e-05
runsc_ptrace,4096,1.4448064e-05
runsc_ptrace,4096,1.3137512e-05
runsc_ptrace,4096,1.3002814e-05
runsc_ptrace,4096,1.3111082e-05
runsc_ptrace,4096,1.2954189e-05
runsc_ptrace,4096,1.2744207e-05
runsc_ptrace,4096,1.3550196e-05
runsc_ptrace,4096,1.2792821e-05
runsc_ptrace,4096,1.3271277e-05
runsc_ptrace,4096,1.2558756e-05
runsc_ptrace,4096,1.3778808e-05
runsc_ptrace,4096,1.4049228e-05
runsc_ptrace,4096,1.3306356e-05
runsc_ptrace,4096,1.361827e-05
runsc_ptrace,4096,1.3577796e-05
runsc_ptrace,4096,1.3112744e-05
runsc_ptrace,4096,1.3254647e-05
runsc_ptrace,4096,1.2993417e-05
runsc_ptrace,4096,1.3193016e-05
runsc_ptrace,4096,1.3395778e-05
runsc_ptrace,4096,1.3096885e-05
runsc_ptrace,4096,1.309754e-05
runsc_ptrace,4096,1.2900623e-05
runsc_ptrace,4096,1.3025645e-05
runsc_ptrace,4096,1.3232931e-05
runsc_ptrace,4096,1.3028811e-05
runsc_ptrace,4096,1.3544003e-05
runsc_ptrace,4096,1.3154257e-05
runsc_ptrace,4096,1.2274955e-05
runsc_ptrace,4096,1.318323e-05
runsc_ptrace,4096,1.3051872e-05
runsc_ptrace,4096,1.1986971e-05
runsc_ptrace,4096,1.3114895e-05
runsc_ptrace,4096,1.2599107e-05
runsc_ptrace,4096,1.2562286e-05
runsc_ptrace,4096,1.3168675e-05
runsc_ptrace,4096,1.2094045e-05
runsc_ptrace,4096,1.2681354e-05
runsc_ptrace,4096,1.1147677e-05
runsc_ptrace,4096,1.2607108e-05
runsc_ptrace,4096,1.369121e-05
runsc_ptrace,4096,1.1759559e-05
runsc_ptrace,4096,1.3527037e-05
runsc_ptrace,4096,1.3258592e-05
runsc_ptrace,4096,1.2021777e-05
runsc_ptrace,4096,1.481094e-05
runsc_ptrace,4096,1.3556178e-05
runsc_ptrace,4096,1.3807383e-05
runsc_ptrace,4096,1.4311885e-05
runsc_ptrace,4096,1.2433777e-05
runsc_ptrace,4096,1.5058267e-05
runsc_ptrace,4096,1.4336636e-05
runsc_ptrace,4096,1.348175e-05
runsc_ptrace,4096,1.3147116e-05
runsc_ptrace,4096,1.2240594e-05
runsc_ptrace,4096,1.3766923e-05
runsc_ptrace,4096,1.3181169e-05
runsc_ptrace,4096,1.3317001e-05
runsc_ptrace,4096,1.2807053e-05
runsc_ptrace,4096,1.3797485e-05
runsc_ptrace,4096,1.3858867e-05
runsc_ptrace,4096,1.2856526e-05
runsc_ptrace,4096,1.1622932e-05
runsc_ptrace,4096,1.3203431e-05
runsc_ptrace,4096,1.4244133e-05
runsc_ptrace,4096,1.3523835e-05
runsc_ptrace,4096,1.4304666e-05
runsc_ptrace,4096,1.3191488e-05
runsc_ptrace,4096,1.2487945e-05
runsc_ptrace,4096,1.3220963e-05
runsc_ptrace,4096,1.3149623e-05
runsc_ptrace,4096,1.3646746e-05
runsc_ptrace,4096,1.2943457e-05
runsc_ptrace,4096,1.363662e-05
runsc_ptrace,4096,1.2897623e-05
runsc_ptrace,4096,1.3700659e-05
runsc_ptrace,4096,1.0969829e-05
runsc_ptrace,4096,1.2021565e-05
runsc_ptrace,4096,1.2988989e-05
runsc_ptrace,4096,1.1750286e-05
runsc_ptrace,4096,1.2158047e-05
runsc_ptrace,4096,1.2571789e-05
runsc_ptrace,4096,1.2799623e-05
runsc_ptrace,4096,1.414925e-05
runsc_ptrace,4096,1.3446182e-05
runsc_ptrace,4096,1.2591255e-05
runsc_ptrace,4096,1.3434167e-05
runsc_ptrace,4096,1.3941123e-05
runsc_ptrace,4096,1.3010628e-05
runsc_ptrace,4096,1.3546049e-05
runsc_ptrace,4096,1.305897e-05
runsc_ptrace,4096,1.3118089e-05
runsc_ptrace,4096,1.2541185e-05
runsc_ptrace,4096,1.2882011e-05
runsc_ptrace,4096,1.4022844e-05
runsc_ptrace,4096,1.4276095e-05
runsc_ptrace,4096,1.1965962e-05
runsc_ptrace,4096,1.3724249e-05
runsc_ptrace,4096,1.2776668e-05
runsc_kvm,65536,1.2794571e-05
runsc_kvm,65536,1.4494054e-05
runsc_kvm,65536,1.3726241e-05
runsc_kvm,65536,1.1847218e-05
runsc_kvm,65536,1.1270205e-05
runsc_kvm,65536,1.1786117e-05
runsc_kvm,65536,1.1347883e-05
runsc_kvm,65536,1.3123929e-05
runsc_kvm,65536,1.2864196e-05
runsc_kvm,65536,1.1844189e-05
runsc_kvm,65536,1.1996547e-05
runsc_kvm,65536,1.3439262e-05
runsc_kvm,65536,1.3638327e-05
runsc_kvm,65536,1.3726084e-05
runsc_kvm,65536,1.4006431e-05
runsc_kvm,65536,1.1996896e-05
runsc_kvm,65536,1.1454198e-05
runsc_kvm,65536,1.1993359e-05
runsc_kvm,65536,1.2227177e-05
runsc_kvm,65536,1.273706e-05
runsc_kvm,65536,1.1714857e-05
runsc_kvm,65536,1.3936943e-05
runsc_kvm,65536,1.1364283e-05
runsc_kvm,65536,1.4196395e-05
runsc_kvm,65536,1.3351429e-05
runsc_kvm,65536,1.319931e-05
runsc_kvm,65536,1.4713353e-05
runsc_kvm,65536,1.1781091e-05
runsc_kvm,65536,1.114809e-05
runsc_kvm,65536,1.3978815e-05
runsc_kvm,65536,1.3162187e-05
runsc_kvm,65536,1.2394781e-05
runsc_kvm,65536,1.3299241e-05
runsc_kvm,65536,1.1629877e-05
runsc_kvm,65536,1.1507995e-05
runsc_kvm,65536,1.1494168e-05
runsc_kvm,65536,1.1632865e-05
runsc_kvm,65536,1.1720177e-05
runsc_kvm,65536,1.3851471e-05
runsc_kvm,65536,1.4967099e-05
runsc_kvm,65536,1.2078044e-05
runsc_kvm,65536,1.4351661e-05
runsc_kvm,65536,1.2372335e-05
runsc_kvm,65536,1.4597542e-05
runsc_kvm,65536,1.1906596e-05
runsc_kvm,65536,1.3162056e-05
runsc_kvm,65536,1.3570273e-05
runsc_kvm,65536,1.3452595e-05
runsc_kvm,65536,1.2229112e-05
runsc_kvm,65536,1.1573748e-05
runsc_kvm,65536,1.1010861e-05
runsc_kvm,65536,1.1416841e-05
runsc_kvm,65536,1.1749557e-05
runsc_kvm,65536,1.1966597e-05
runsc_kvm,65536,1.4226284e-05
runsc_kvm,65536,1.140283e-05
runsc_kvm,65536,1.4336226e-05
runsc_kvm,65536,1.2261042e-05
runsc_kvm,65536,1.1299114e-05
runsc_kvm,65536,1.255246e-05
runsc_kvm,65536,1.1556851e-05
runsc_kvm,65536,1.1614557e-05
runsc_kvm,65536,1.4494242e-05
runsc_kvm,65536,1.1667297e-05
runsc_kvm,65536,1.3737855e-05
runsc_kvm,65536,1.2274855e-05
runsc_kvm,65536,1.3632951e-05
runsc_kvm,65536,1.3060546e-05
runsc_kvm,65536,1.4343274e-05
runsc_kvm,65536,1.2234747e-05
runsc_kvm,65536,1.2653507e-05
runsc_kvm,65536,1.1812177e-05
runsc_kvm,65536,1.1581253e-05
runsc_kvm,65536,1.3706881e-05
runsc_kvm,65536,1.3239164e-05
runsc_kvm,65536,1.230835e-05
runsc_kvm,65536,1.4382666e-05
runsc_kvm,65536,1.1519534e-05
runsc_kvm,65536,1.2101604e-05
runsc_kvm,65536,1.3125058e-05
runsc_kvm,65536,1.1497767e-05
runsc_kvm,65536,1.4400487e-05
runsc_kvm,65536,1.1638394e-05
runsc_kvm,65536,1.1703482e-05
runsc_kvm,65536,1.4209409e-05
runsc_kvm,65536,1.4518382e-05
runsc_kvm,65536,1.2108287e-05
runsc_kvm,65536,1.2127814e-05
runsc_kvm,65536,1.3873464e-05
runsc_kvm,65536,1.3634624e-05
runsc_kvm,65536,1.2939741e-05
runsc_kvm,65536,1.1768909e-05
runsc_kvm,65536,1.1365802e-05
runsc_kvm,65536,1.1988756e-05
runsc_kvm,65536,1.5582733e-05
runsc_kvm,65536,1.2690039e-05
runsc_kvm,65536,1.3806815e-05
runsc_kvm,65536,1.2898693e-05
runsc_kvm,65536,1.1904335e-05
runsc_kvm,65536,1.1489284e-05
runsc_kvm,262144,4.4276265e-05
runsc_kvm,262144,4.5705954e-05
runsc_kvm,262144,4.4314354e-05
runsc_kvm,262144,3.9678838e-05
runsc_kvm,262144,4.0240564e-05
runsc_kvm,262144,4.028645e-05
runsc_kvm,262144,3.9394345e-05
runsc_kvm,262144,3.9681403e-05
runsc_kvm,262144,4.1806979e-05
runsc_kvm,262144,3.9291997e-05
runsc_kvm,262144,3.8797189e-05
runsc_kvm,262144,4.3483349e-05
runsc_kvm,262144,4.0883548e-05
runsc_kvm,262144,3.8897972e-05
runsc_kvm,262144,3.952569e-05
runsc_kvm,262144,3.9821607e-05
runsc_kvm,262144,4.1654745e-05
runsc_kvm,262144,3.9133156e-05
runsc_kvm,262144,3.8360136e-05
runsc_kvm,262144,4.0026527e-05
runsc_kvm,262144,4.1702784e-05
runsc_kvm,262144,3.8674458e-05
runsc_kvm,262144,4.1072635e-05
runsc_kvm,262144,3.8934824e-05
runsc_kvm,262144,4.3979129e-05
runsc_kvm,262144,4.0803861e-05
runsc_kvm,262144,4.4399785e-05
runsc_kvm,262144,4.173597e-05
runsc_kvm,262144,3.9886098e-05
runsc_kvm,262144,4.0954539e-05
runsc_kvm,262144,4.1499025e-05
runsc_kvm,262144,3.7155874e-05
runsc_kvm,262144,4.3933789e-05
runsc_kvm,262144,4.7442536e-05
runsc_kvm,262144,3.8360318e-05
runsc_kvm,262144,3.7754598e-05
runsc_kvm,262144,3.9801336e-05
runsc_kvm,262144,4.4773202e-05
runsc_kvm,262144,4.6777754e-05
runsc_kvm,262144,4.5665554e-05
runsc_kvm,262144,3.7553098e-05
runsc_kvm,262144,3.9024661e-05
runsc_kvm,262144,3.9354363e-05
runsc_kvm,262144,4.6987545e-05
runsc_kvm,262144,4.5199125e-05
runsc_kvm,262144,4.1215419e-05
runsc_kvm,262144,4.2354637e-05
runsc_kvm,262144,5.2771087e-05
runsc_kvm,262144,3.7127189e-05
runsc_kvm,262144,4.4533044e-05
runsc_kvm,262144,4.0719406e-05
runsc_kvm,262144,3.9743711e-05
runsc_kvm,262144,3.8478498e-05
runsc_kvm,262144,4.108555e-05
runsc_kvm,262144,3.9593586e-05
runsc_kvm,262144,3.7505182e-05
runsc_kvm,262144,4.8700458e-05
runsc_kvm,262144,3.9955528e-05
runsc_kvm,262144,4.1814834e-05
runsc_kvm,262144,4.5768189e-05
runsc_kvm,262144,4.9921986e-05
runsc_kvm,262144,4.1469131e-05
runsc_kvm,262144,4.0883817e-05
runsc_kvm,262144,3.9874936e-05
runsc_kvm,262144,4.3664066e-05
runsc_kvm,262144,4.5950499e-05
runsc_kvm,262144,3.9439197e-05
runsc_kvm,262144,4.1392956e-05
runsc_kvm,262144,4.1217805e-05
runsc_kvm,262144,3.9585553e-05
runsc_kvm,262144,3.9465551e-05
runsc_kvm,262144,3.715399e-05
runsc_kvm,262144,4.0493898e-05
runsc_kvm,262144,3.7976017e-05
runsc_kvm,262144,3.9256145e-05
runsc_kvm,262144,3.8909606e-05
runsc_kvm,262144,4.0525018e-05
runsc_kvm,262144,3.7304966e-05
runsc_kvm,262144,4.2036005e-05
runsc_kvm,262144,3.8660004e-05
runsc_kvm,262144,3.8838851e-05
runsc_kvm,262144,4.4384371e-05
runsc_kvm,262144,3.9372917e-05
runsc_kvm,262144,4.6992671e-05
runsc_kvm,262144,4.1444171e-05
runsc_kvm,262144,3.9716491e-05
runsc_kvm,262144,3.8865179e-05
runsc_kvm,262144,4.2043557e-05
runsc_kvm,262144,3.9118477e-05
runsc_kvm,262144,4.4176544e-05
runsc_kvm,262144,4.6224195e-05
runsc_kvm,262144,4.72256e-05
runsc_kvm,262144,3.9422237e-05
runsc_kvm,262144,3.8891882e-05
runsc_kvm,262144,4.1339699e-05
runsc_kvm,262144,4.1787211e-05
runsc_kvm,262144,3.7050377e-05
runsc_kvm,262144,4.4365403e-05
runsc_kvm,262144,3.8097591e-05
runsc_kvm,262144,3.9072336e-05
bare,65536,1e-05
bare,65536,1e-05
bare,65536,1e-05
bare,65536,1e-05
bare,65536,1e-05
bare,65536,1e-05
bare,65536,1e-05
bare,65536,1e-05
bare,65536,1e-05
bare,65536,1e-05
bare,65536,1e-05
bare,65536,1e-05
bare,65536,1e-05
bare,65536,1e-05
bare,65536,1e-05
bare,65536,1e-05
bare,65536,1e-05
bare,65536,1e-05
bare,65536,1e-05
bare,65536,1e-05
bare,65536,1e-05
bare,65536,1e-05
bare,65536,1e-05
bare,65536,1e-05
bare,65536,1e-05
bare,65536,1e-05
bare,65536,1e-05
bare,65536,1e-05
bare,65536,1e-05
bare,65536,1e-05
bare,65536,1e-05
bare,65536,1e-05
bare,65536,1e-05
bare,65536,1e-05
bare,65536,1e-05
bare,65536,1e-05
bare,65536,1e-05
bare,65536,1e-05
bare,65536,1e-05
bare,65536,1e-05
bare,65536,1e-05
bare,65536,1e-05
bare,65536,1e-05
bare,65536,1e-05
bare,65536,1e-05
bare,65536,1e-05
bare,65536,1e-05
bare,65536,1e-05
bare,65536,1e-05
bare,65536,1e-05
bare,65536,1e-05
bare,65536,1e-05
bare,65536,1e-05
bare,65536,1e-05
bare,65536,1e-05
bare,65536,1e-05
bare,65536,1e-05
bare,65536,1e-05
bare,65536,1e-05
bare,65536,1e-05
bare,65536,1e-05
bare,65536,1e-05
bare,65536,1e-05
bare,65536,1e-05
bare,65536,1e-05
bare,65536,1e-05
bare,65536,1e-05
bare,65536,1e-05
bare,65536,1e-05
bare,65536,1e-05
bare,65536,1e-05
bare,65536,1e-05
bare,65536,1e-05
bare,65536,1e-05
bare,65536,1e-05
bare,65536,1e-05
bare,65536,1e-05
bare,65536,1e-05
bare,65536,1e-05
bare,65536,1e-05
bare,65536,1e-05
bare,65536,1e-05
bare,65536,1e-05
bare,65536,1e-05
bare,65536,1e-05
bare,65536,1e-05
bare,65536,1e-05
bare,65536,1e-05
bare,65536,1e-05
bare,65536,1e-05
bare,65536,1e-05
bare,65536,1e-05
bare,65536,1e-05
bare,65536,1e-05
bare,65536,1e-05
bare,65536,1e-05
bare,65536,1e-05
bare,65536,1e-05
bare,65536,1e-05
bare,65536,1e-05
runsc_ptrace,1048576,0.000166198937
runsc_ptrace,1048576,0.000166741083
runsc_ptrace,1048576,0.00018259151
runsc_ptrace,1048576,0.000173088018
runsc_ptrace,1048576,0.000208425176
runsc_ptrace,1048576,0.000202554118
runsc_ptrace,1048576,0.000160334705
runsc_ptrace,1048576,0.000205443168
runsc_ptrace,1048576,0.000173788838
runsc_ptrace,1048576,0.000208127836
runsc_ptrace,1048576,0.000194649081
runsc_ptrace,1048576,0.000172320448
runsc_ptrace,1048576,0.00018312622
runsc_ptrace,1048576,0.000209337348
runsc_ptrace,1048576,0.000171967637
runsc_ptrace,1048576,0.000201780305
runsc_ptrace,1048576,0.000210709215
runsc_ptrace,1048576,0.000168878047
runsc_ptrace,1048576,0.000205636898
runsc_ptrace,1048576,0.00017356858
runsc_ptrace,1048576,0.000174522764
runsc_ptrace,1048576,0.00018702801
runsc_ptrace,1048576,0.000185156838
runsc_ptrace,1048576,0.000205236633
runsc_ptrace,1048576,0.000167363469
runsc_ptrace,1048576,0.000168381055
runsc_ptrace,1048576,0.000192837702
runsc_ptrace,1048576,0.000172863336
runsc_ptrace,1048576,0.000180936971
runsc_ptrace,1048576,0.000170718209
runsc_ptrace,1048576,0.000191800849
runsc_ptrace,1048576,0.000199902803
runsc_ptrace,1048576,0.000206817014
runsc_ptrace,1048576,0.00019509648
runsc_ptrace,1048576,0.000205872726
runsc_ptrace,1048576,0.000180116374
runsc_ptrace,1048576,0.000177105117
runsc_ptrace,1048576,0.000170572268
runsc_ptrace,1048576,0.000202138137
runsc_ptrace,1048576,0.00018428867
runsc_ptrace,1048576,0.000170444851
runsc_ptrace,1048576,0.000203272546
runsc_ptrace,1048576,0.000190961116
runsc_ptrace,1048576,0.00020317547
runsc_ptrace,1048576,0.000172519285
runsc_ptrace,1048576,0.000169944746
runsc_ptrace,1048576,0.000171003092
runsc_ptrace,1048576,0.000199611517
runsc_ptrace,1048576,0.000177720285
runsc_ptrace,1048576,0.000172823042
runsc_ptrace,1048576,0.000185187688
runsc_ptrace,1048576,0.000175709938
runsc_ptrace,1048576,0.000176481975
runsc_ptrace,1048576,0.000183169206
runsc_ptrace,1048576,0.000158364128
runsc_ptrace,1048576,0.000179044204
runsc_ptrace,1048576,0.00017079353
runsc_ptrace,1048576,0.000165739693
runsc_ptrace,1048576,0.000172738044
runsc_ptrace,1048576,0.000178441929
runsc_ptrace,1048576,0.000167487393
runsc_ptrace,1048576,0.000173715089
runsc_ptrace,1048576,0.000172884465
runsc_ptrace,1048576,0.000185795099
runsc_ptrace,1048576,0.000164654222
runsc_ptrace,1048576,0.000173699213
runsc_ptrace,1048576,0.000183592856
runsc_ptrace,1048576,0.000165957172
runsc_ptrace,1048576,0.000160321099
runsc_ptrace,1048576,0.000166856029
runsc_ptrace,1048576,0.000179758936
runsc_ptrace,1048576,0.000171427673
runsc_ptrace,1048576,0.000178720889
runsc_ptrace,1048576,0.000170530664
runsc_ptrace,1048576,0.000212937724
runsc_ptrace,1048576,0.000170488333
runsc_ptrace,1048576,0.000186727964
runsc_ptrace,1048576,0.000212004044
runsc_ptrace,1048576,0.000174111992
runsc_ptrace,1048576,0.000201794755
runsc_ptrace,1048576,0.000175162713
runsc_ptrace,1048576,0.000174905828
runsc_ptrace,1048576,0.000212094543
runsc_ptrace,1048576,0.000171049294
runsc_ptrace,1048576,0.000187519108
runsc_ptrace,1048576,0.000177997994
runsc_ptrace,1048576,0.000178156697
runsc_ptrace,1048576,0.000187678801
runsc_ptrace,1048576,0.000194538181
runsc_ptrace,1048576,0.000176035232
runsc_ptrace,1048576,0.000175636917
runsc_ptrace,1048576,0.000174738234
runsc_ptrace,1048576,0.000193134416
runsc_ptrace,1048576,0.000191016356
runsc_ptrace,1048576,0.000207319055
runsc_ptrace,1048576,0.000163698845
runsc_ptrace,1048576,0.000161963821
runsc_ptrace,1048576,0.000178128335
runsc_ptrace,1048576,0.00016852947
runsc_ptrace,1048576,0.000203585994
runsc_kvm,4096,7.20882e-06
runsc_kvm,4096,7.388534e-06
runsc_kvm,4096,7.112768e-06
runsc_kvm,4096,6.929637e-06
runsc_kvm,4096,7.250031e-06
runsc_kvm,4096,6.680083e-06
runsc_kvm,4096,7.135667e-06
runsc_kvm,4096,7.523369e-06
runsc_kvm,4096,6.980443e-06
runsc_kvm,4096,7.299968e-06
runsc_kvm,4096,6.590035e-06
runsc_kvm,4096,6.647484e-06
runsc_kvm,4096,7.074419e-06
runsc_kvm,4096,7.414141e-06
runsc_kvm,4096,7.325942e-06
runsc_kvm,4096,6.841396e-06
runsc_kvm,4096,6.599634e-06
runsc_kvm,4096,6.867949e-06
runsc_kvm,4096,6.728436e-06
runsc_kvm,4096,7.471415e-06
runsc_kvm,4096,6.473649e-06
runsc_kvm,4096,7.37505e-06
runsc_kvm,4096,7.311872e-06
runsc_kvm,4096,6.714141e-06
runsc_kvm,4096,7.112509e-06
runsc_kvm,4096,6.396868e-06
runsc_kvm,4096,7.310405e-06
runsc_kvm,4096,7.120881e-06
runsc_kvm,4096,7.23157e-06
runsc_kvm,4096,6.80369e-06
runsc_kvm,4096,6.645315e-06
runsc_kvm,4096,7.080454e-06
runsc_kvm,4096,6.665271e-06
runsc_kvm,4096,6.613004e-06
runsc_kvm,4096,6.819426e-06
runsc_kvm,4096,6.57874e-06
runsc_kvm,4096,7.286726e-06
runsc_kvm,4096,7.286096e-06
runsc_kvm,4096,7.182077e-06
runsc_kvm,4096,7.046282e-06
runsc_kvm,4096,7.394703e-06
runsc_kvm,4096,6.300412e-06
runsc_kvm,4096,7.140073e-06
runsc_kvm,4096,7.077069e-06
runsc_kvm,4096,6.613201e-06
runsc_kvm,4096,6.852145e-06
runsc_kvm,4096,7.847764e-06
runsc_kvm,4096,6.954082e-06
runsc_kvm,4096,6.571024e-06
runsc_kvm,4096,7.048711e-06
runsc_kvm,4096,7.114533e-06
runsc_kvm,4096,7.049546e-06
runsc_kvm,4096,7.100908e-06
runsc_kvm,4096,7.151428e-06
runsc_kvm,4096,7.36873e-06
runsc_kvm,4096,7.668858e-06
runsc_kvm,4096,6.722322e-06
runsc_kvm,4096,6.419664e-06
runsc_kvm,4096,6.649549e-06
runsc_kvm,4096,7.326258e-06
runsc_kvm,4096,7.247642e-06
runsc_kvm,4096,7.207544e-06
runsc_kvm,4096,7.190517e-06
runsc_kvm,4096,7.13383e-06
runsc_kvm,4096,7.247642e-06
runsc_kvm,4096,6.904575e-06
runsc_kvm,4096,6.968171e-06
runsc_kvm,4096,6.792506e-06
runsc_kvm,4096,6.425012e-06
runsc_kvm,4096,7.029649e-06
runsc_kvm,4096,6.960609e-06
runsc_kvm,4096,6.959771e-06
runsc_kvm,4096,6.441411e-06
runsc_kvm,4096,7.230355e-06
runsc_kvm,4096,7.152458e-06
runsc_kvm,4096,7.261599e-06
runsc_kvm,4096,7.059215e-06
runsc_kvm,4096,7.297387e-06
runsc_kvm,4096,7.042431e-06
runsc_kvm,4096,7.248089e-06
runsc_kvm,4096,7.372309e-06
runsc_kvm,4096,6.656833e-06
runsc_kvm,4096,7.064061e-06
runsc_kvm,4096,6.690324e-06
runsc_kvm,4096,7.211607e-06
runsc_kvm,4096,7.079883e-06
runsc_kvm,4096,6.658106e-06
runsc_kvm,4096,7.292467e-06
runsc_kvm,4096,7.135761e-06
runsc_kvm,4096,6.637831e-06
runsc_kvm,4096,7.129129e-06
runsc_kvm,4096,7.190608e-06
runsc_kvm,4096,6.956738e-06
runsc_kvm,4096,6.173465e-06
runsc_kvm,4096,7.269611e-06
runsc_kvm,4096,6.451151e-06
runsc_kvm,4096,7.103658e-06
runsc_kvm,4096,6.899345e-06
runsc_kvm,4096,7.156395e-06
runsc_kvm,4096,7.339649e-06
runsc_ptrace,16384,1.3961484e-05
runsc_ptrace,16384,1.493526e-05
runsc_ptrace,16384,1.343838e-05
runsc_ptrace,16384,1.4773193e-05
runsc_ptrace,16384,1.3804864e-05
runsc_ptrace,16384,1.3364414e-05
runsc_ptrace,16384,1.4815645e-05
runsc_ptrace,16384,1.4660933e-05
runsc_ptrace,16384,1.3402303e-05
runsc_ptrace,16384,1.4738799e-05
runsc_ptrace,16384,1.2496349e-05
runsc_ptrace,16384,1.547685e-05
runsc_ptrace,16384,1.4720372e-05
runsc_ptrace,16384,1.4814113e-05
runsc_ptrace,16384,1.5021802e-05
runsc_ptrace,16384,1.3652041e-05
runsc_ptrace,16384,1.5088483e-05
runsc_ptrace,16384,1.5388636e-05
runsc_ptrace,16384,1.5032069e-05
runsc_ptrace,16384,1.4782804e-05
runsc_ptrace,16384,1.4518335e-05
runsc_ptrace,16384,1.44341e-05
runsc_ptrace,16384,1.4209922e-05
runsc_ptrace,16384,1.3698797e-05
runsc_ptrace,16384,1.3470807e-05
runsc_ptrace,16384,1.346859e-05
runsc_ptrace,16384,1.4720924e-05
runsc_ptrace,16384,1.332646e-05
runsc_ptrace,16384,1.4358183e-05
runsc_ptrace,16384,1.4002761e-05
runsc_ptrace,16384,1.414808e-05
runsc_ptrace,16384,1.7352768e-05
runsc_ptrace,16384,1.6038777e-05
runsc_ptrace,16384,1.3130217e-05
runsc_ptrace,16384,1.5049924e-05
runsc_ptrace,16384,1.4462372e-05
runsc_ptrace,16384,1.5064186e-05
runsc_ptrace,16384,1.3801253e-05
runsc_ptrace,16384,1.4929046e-05
runsc_ptrace,16384,1.4415995e-05
runsc_ptrace,16384,1.3406298e-05
runsc_ptrace,16384,1.3262347e-05
runsc_ptrace,16384,1.3650497e-05
runsc_ptrace,16384,1.5546459e-05
runsc_ptrace,16384,1.4663354e-05
runsc_ptrace,16384,1.3772827e-05
runsc_ptrace,16384,1.4512239e-05
runsc_ptrace,16384,1.2107835e-05
runsc_ptrace,16384,1.3837554e-05
runsc_ptrace,16384,1.544382e-05
runsc_ptrace,16384,1.4078348e-05
runsc_ptrace,16384,1.505759e-05
runsc_ptrace,16384,1.5779906e-05
runsc_ptrace,16384,1.5183345e-05
runsc_ptrace,16384,1.3691263e-05
runsc_ptrace,16384,1.449868e-05
runsc_ptrace,16384,1.5577429e-05
runsc_ptrace,16384,1.4468735e-05
runsc_ptrace,16384,1.4636294e-05
runsc_ptrace,16384,1.6480721e-05
runsc_ptrace,16384,1.4528818e-05
runsc_ptrace,16384,1.4126273e-05
runsc_ptrace,16384,1.4661246e-05
runsc_ptrace,16384,1.4312616e-05
runsc_ptrace,16384,1.4643669e-05
runsc_ptrace,16384,1.6071568e-05
runsc_ptrace,16384,1.5037177e-05
runsc_ptrace,16384,1.4904609e-05
runsc_ptrace,16384,1.5035921e-05
runsc_ptrace,16384,1.4864617e-05
runsc_ptrace,16384,1.3439719e-05
runsc_ptrace,16384,1.5359099e-05
runsc_ptrace,16384,1.4307222e-05
runsc_ptrace,16384,1.4531858e-05
runsc_ptrace,16384,1.5380652e-05
runsc_ptrace,16384,1.578617e-05
runsc_ptrace,16384,1.3370123e-05
runsc_ptrace,16384,1.5852624e-05
runsc_ptrace,16384,1.3100422e-05
runsc_ptrace,16384,1.3816414e-05
runsc_ptrace,16384,1.437985e-05
runsc_ptrace,16384,1.4862144e-05
runsc_ptrace,16384,1.3121581e-05
runsc_ptrace,16384,1.5273168e-05
runsc_ptrace,16384,1.459847e-05
runsc_ptrace,16384,1.4624136e-05
runsc_ptrace,16384,1.3997636e-05
runsc_ptrace,16384,1.2563221e-05
runsc_ptrace,16384,1.3396459e-05
runsc_ptrace,16384,1.5144829e-05
runsc_ptrace,16384,1.3944909e-05
runsc_ptrace,16384,1.2490626e-05
runsc_ptrace,16384,1.33343e-05
runsc_ptrace,16384,1.4434564e-05
runsc_ptrace,16384,1.5089621e-05
runsc_ptrace,16384,1.4257653e-05
runsc_ptrace,16384,1.5829712e-05
runsc_ptrace,16384,1.4114637e-05
runsc_ptrace,16384,1.4415054e-05
runsc_ptrace,16384,1.4577817e-05
runsc_ptrace,65536,2.607416e-05
runsc_ptrace,65536,2.4547086e-05
runsc_ptrace,65536,2.9899351e-05
runsc_ptrace,65536,2.47752e-05
runsc_ptrace,65536,2.5978637e-05
runsc_ptrace,65536,2.3454177e-05
runsc_ptrace,65536,2.2735714e-05
runsc_ptrace,65536,2.9256993e-05
runsc_ptrace,65536,2.358078e-05
runsc_ptrace,65536,2.8418157e-05
runsc_ptrace,65536,2.7256681e-05
runsc_ptrace,65536,3.0093479e-05
runsc_ptrace,65536,3.1132389e-05
runsc_ptrace,65536,3.1151932e-05
runsc_ptrace,65536,2.3548751e-05
runsc_ptrace,65536,2.5925257e-05
runsc_ptrace,65536,2.3887311e-05
runsc_ptrace,65536,2.8274293e-05
runsc_ptrace,65536,2.631086e-05
runsc_ptrace,65536,2.1670157e-05
runsc_ptrace,65536,2.7793852e-05
runsc_ptrace,65536,2.4911065e-05
runsc_ptrace,65536,2.6427433e-05
runsc_ptrace,65536,2.6001644e-05
runsc_ptrace,65536,2.8184724e-05
runsc_ptrace,65536,2.8579596e-05
runsc_ptrace,65536,2.8170973e-05
runsc_ptrace,65536,2.6962185e-05
runsc_ptrace,65536,3.0977357e-05
runsc_ptrace,65536,2.6352649e-05
runsc_ptrace,65536,2.6270171e-05
runsc_ptrace,65536,2.9882898e-05
runsc_ptrace,65536,2.9799117e-05
runsc_ptrace,65536,2.846837e-05
runsc_ptrace,65536,2.7797343e-05
runsc_ptrace,65536,2.829294e-05
runsc_ptrace,65536,3.3356398e-05
runsc_ptrace,65536,3.0238636e-05
runsc_ptrace,65536,2.2468719e-05
runsc_ptrace,65536,2.8034518e-05
runsc_ptrace,65536,2.9734863e-05
runsc_ptrace,65536,2.701248e-05
runsc_ptrace,65536,2.4584129e-05
runsc_ptrace,65536,3.212412e-05
runsc_ptrace,65536,2.5053012e-05
runsc_ptrace,65536,2.6419944e-05
runsc_ptrace,65536,2.3198521e-05
runsc_ptrace,65536,2.2462757e-05
runsc_ptrace,65536,2.4271014e-05
runsc_ptrace,65536,2.4117267e-05
runsc_ptrace,65536,2.9593937e-05
runsc_ptrace,65536,3.1766507e-05
runsc_ptrace,65536,2.385597e-05
runsc_ptrace,65536,2.9693823e-05
runsc_ptrace,65536,3.2267995e-05
runsc_ptrace,65536,2.272038e-05
runsc_ptrace,65536,2.6035766e-05
runsc_ptrace,65536,2.6250174e-05
runsc_ptrace,65536,2.4726573e-05
runsc_ptrace,65536,2.4381352e-05
runsc_ptrace,65536,3.4290555e-05
runsc_ptrace,65536,2.5101139e-05
runsc_ptrace,65536,2.6759253e-05
runsc_ptrace,65536,2.9520053e-05
runsc_ptrace,65536,2.4083063e-05
runsc_ptrace,65536,2.6859305e-05
runsc_ptrace,65536,2.7213482e-05
runsc_ptrace,65536,2.2756769e-05
runsc_ptrace,65536,2.4867217e-05
runsc_ptrace,65536,2.5070753e-05
runsc_ptrace,65536,2.4553525e-05
runsc_ptrace,65536,2.6755342e-05
runsc_ptrace,65536,2.6606098e-05
runsc_ptrace,65536,2.5894005e-05
runsc_ptrace,65536,2.9051627e-05
runsc_ptrace,65536,3.1142499e-05
runsc_ptrace,65536,3.1975895e-05
runsc_ptrace,65536,2.5831998e-05
runsc_ptrace,65536,2.4756608e-05
runsc_ptrace,65536,2.7481596e-05
runsc_ptrace,65536,2.5920306e-05
runsc_ptrace,65536,2.7194948e-05
runsc_ptrace,65536,2.6794687e-05
runsc_ptrace,65536,3.2681444e-05
runsc_ptrace,65536,2.6048903e-05
runsc_ptrace,65536,3.1660689e-05
runsc_ptrace,65536,3.0274572e-05
runsc_ptrace,65536,2.4627536e-05
runsc_ptrace,65536,2.5944808e-05
runsc_ptrace,65536,3.0840045e-05
runsc_ptrace,65536,2.9631043e-05
runsc_ptrace,65536,3.0994681e-05
runsc_ptrace,65536,2.4075409e-05
runsc_ptrace,65536,2.52141e-05
runsc_ptrace,65536,2.779223e-05
runsc_ptrace,65536,2.5432901e-05
runsc_ptrace,65536,2.9702225e-05
runsc_ptrace,65536,2.7891792e-05
runsc_ptrace,65536,2.4607602e-05
runsc_ptrace,65536,2.3830384e-05
runsc_kvm,1048576,0.000158843817
runsc_kvm,1048576,0.000146450373
runsc_kvm,1048576,0.000144933205
runsc_kvm,1048576,0.000164397672
runsc_kvm,1048576,0.000149887434
runsc_kvm,1048576,0.000161281016
runsc_kvm,1048576,0.000146205639
runsc_kvm,1048576,0.000146130842
runsc_kvm,1048576,0.00014359405
runsc_kvm,1048576,0.000159763775
runsc_kvm,1048576,0.000162549884
runsc_kvm,1048576,0.00015288961
runsc_kvm,1048576,0.000145331796
runsc_kvm,1048576,0.000171776555
runsc_kvm,1048576,0.000159162373
runsc_kvm,1048576,0.000181123891
runsc_kvm,1048576,0.000158916315
runsc_kvm,1048576,0.000144818521
runsc_kvm,1048576,0.000162008146
runsc_kvm,1048576,0.00015790324
runsc_kvm,1048576,0.000165910955
runsc_kvm,1048576,0.00015955446
runsc_kvm,1048576,0.000159477087
runsc_kvm,1048576,0.00018085503
runsc_kvm,1048576,0.000146932347
runsc_kvm,1048576,0.000157875271
runsc_kvm,1048576,0.00014360185
runsc_kvm,1048576,0.000149065294
runsc_kvm,1048576,0.000162218814
runsc_kvm,1048576,0.000172279761
runsc_kvm,1048576,0.000162025332
runsc_kvm,1048576,0.000178127535
runsc_kvm,1048576,0.000153460423
runsc_kvm,1048576,0.000138989722
runsc_kvm,1048576,0.000144999998
runsc_kvm,1048576,0.000177533002
runsc_kvm,1048576,0.000162438999
runsc_kvm,1048576,0.000160703901
runsc_kvm,1048576,0.000150256703
runsc_kvm,1048576,0.00016114155
runsc_kvm,1048576,0.000160225085
runsc_kvm,1048576,0.00015841081
runsc_kvm,1048576,0.000145240265
runsc_kvm,1048576,0.000163465316
runsc_kvm,1048576,0.000159317395
runsc_kvm,1048576,0.000145720172
runsc_kvm,1048576,0.000176506554
runsc_kvm,1048576,0.000159564472
runsc_kvm,1048576,0.000184135861
runsc_kvm,1048576,0.000144950594
runsc_kvm,1048576,0.000164403173
runsc_kvm,1048576,0.000175695997
runsc_kvm,1048576,0.000163025165
runsc_kvm,1048576,0.000165792066
runsc_kvm,1048576,0.000155426271
runsc_kvm,1048576,0.000171130712
runsc_kvm,1048576,0.000159608491
runsc_kvm,1048576,0.000163524193
runsc_kvm,1048576,0.000161003001
runsc_kvm,1048576,0.000180085655
runsc_kvm,1048576,0.000153171117
runsc_kvm,1048576,0.000161697375
runsc_kvm,1048576,0.000143110214
runsc_kvm,1048576,0.00016204908
runsc_kvm,1048576,0.000154060835
runsc_kvm,1048576,0.000153175235
runsc_kvm,1048576,0.000164444733
runsc_kvm,1048576,0.000157117422
runsc_kvm,1048576,0.00014602163
runsc_kvm,1048576,0.000160423922
runsc_kvm,1048576,0.000171496198
runsc_kvm,1048576,0.000144472768
runsc_kvm,1048576,0.00015896566
runsc_kvm,1048576,0.000160384123
runsc_kvm,1048576,0.000148255931
runsc_kvm,1048576,0.000175496476
runsc_kvm,1048576,0.000160315889
runsc_kvm,1048576,0.000146774488
runsc_kvm,1048576,0.000180645962
runsc_kvm,1048576,0.000151733155
runsc_kvm,1048576,0.000158703973
runsc_kvm,1048576,0.000142044009
runsc_kvm,1048576,0.000160644224
runsc_kvm,1048576,0.000148471823
runsc_kvm,1048576,0.000151944929
runsc_kvm,1048576,0.000166413403
runsc_kvm,1048576,0.00015869904
runsc_kvm,1048576,0.000177442154
runsc_kvm,1048576,0.000161017233
runsc_kvm,1048576,0.000144398742
runsc_kvm,1048576,0.000157125018
runsc_kvm,1048576,0.000167695849
runsc_kvm,1048576,0.000145503378
runsc_kvm,1048576,0.000167794322
runsc_kvm,1048576,0.00016401874
runsc_kvm,1048576,0.000165228004
runsc_kvm,1048576,0.000156320719
runsc_kvm,1048576,0.000166889746
runsc_kvm,1048576,0.000158660201
runsc_kvm,1048576,0.000161640492
runsc_kvm,16384,7.584773e-06
runsc_kvm,16384,7.047276e-06
runsc_kvm,16384,7.645987e-06
runsc_kvm,16384,7.464994e-06
runsc_kvm,16384,7.626926e-06
runsc_kvm,16384,7.519633e-06
runsc_kvm,16384,7.574431e-06
runsc_kvm,16384,7.646138e-06
runsc_kvm,16384,7.34445e-06
runsc_kvm,16384,7.498531e-06
runsc_kvm,16384,7.49125e-06
runsc_kvm,16384,7.662291e-06
runsc_kvm,16384,7.599343e-06
runsc_kvm,16384,7.635752e-06
runsc_kvm,16384,7.386201e-06
runsc_kvm,16384,7.401216e-06
runsc_kvm,16384,7.578109e-06
runsc_kvm,16384,7.347947e-06
runsc_kvm,16384,7.532301e-06
runsc_kvm,16384,7.253027e-06
runsc_kvm,16384,7.868376e-06
runsc_kvm,16384,7.481555e-06
runsc_kvm,16384,7.526782e-06
runsc_kvm,16384,7.912943e-06
runsc_kvm,16384,7.31207e-06
runsc_kvm,16384,6.890772e-06
runsc_kvm,16384,7.327999e-06
runsc_kvm,16384,7.7861e-06
runsc_kvm,16384,7.465088e-06
runsc_kvm,16384,7.004845e-06
runsc_kvm,16384,7.521142e-06
runsc_kvm,16384,7.375432e-06
runsc_kvm,16384,7.095346e-06
runsc_kvm,16384,7.683489e-06
runsc_kvm,16384,7.662263e-06
runsc_kvm,16384,7.214234e-06
runsc_kvm,16384,7.260094e-06
runsc_kvm,16384,6.933726e-06
runsc_kvm,16384,7.401408e-06
runsc_kvm,16384,6.630111e-06
runsc_kvm,16384,7.746161e-06
runsc_kvm,16384,7.687892e-06
runsc_kvm,16384,6.847276e-06
runsc_kvm,16384,7.100821e-06
runsc_kvm,16384,6.92102e-06
runsc_kvm,16384,7.673592e-06
runsc_kvm,16384,7.197496e-06
runsc_kvm,16384,7.677572e-06
runsc_kvm,16384,7.380012e-06
runsc_kvm,16384,7.578587e-06
runsc_kvm,16384,7.46401e-06
runsc_kvm,16384,7.11391e-06
runsc_kvm,16384,7.757162e-06
runsc_kvm,16384,7.106411e-06
runsc_kvm,16384,7.098419e-06
runsc_kvm,16384,7.144092e-06
runsc_kvm,16384,6.835417e-06
runsc_kvm,16384,7.314001e-06
runsc_kvm,16384,7.457306e-06
runsc_kvm,16384,7.797191e-06
runsc_kvm,16384,7.591708e-06
runsc_kvm,16384,7.949422e-06
runsc_kvm,16384,7.575196e-06
runsc_kvm,16384,7.846865e-06
runsc_kvm,16384,6.656929e-06
runsc_kvm,16384,7.039524e-06
runsc_kvm,16384,7.688749e-06
runsc_kvm,16384,8.003457e-06
runsc_kvm,16384,7.359024e-06
runsc_kvm,16384,7.46158e-06
runsc_kvm,16384,6.684542e-06
runsc_kvm,16384,7.618422e-06
runsc_kvm,16384,7.325189e-06
runsc_kvm,16384,6.971916e-06
runsc_kvm,16384,7.426895e-06
runsc_kvm,16384,7.432712e-06
runsc_kvm,16384,7.312355e-06
runsc_kvm,16384,7.838828e-06
runsc_kvm,16384,7.840262e-06
runsc_kvm,16384,7.535888e-06
runsc_kvm,16384,7.045944e-06
runsc_kvm,16384,7.74971e-06
runsc_kvm,16384,7.533563e-06
runsc_kvm,16384,7.406998e-06
runsc_kvm,16384,7.302188e-06
runsc_kvm,16384,7.198913e-06
runsc_kvm,16384,7.734372e-06
runsc_kvm,16384,7.277721e-06
runsc_kvm,16384,7.386932e-06
runsc_kvm,16384,6.630483e-06
runsc_kvm,16384,6.594413e-06
runsc_kvm,16384,7.120385e-06
runsc_kvm,16384,6.869332e-06
runsc_kvm,16384,6.842908e-06
runsc_kvm,16384,7.240332e-06
runsc_kvm,16384,7.662546e-06
runsc_kvm,16384,7.302596e-06
runsc_kvm,16384,7.432764e-06
runsc_kvm,16384,7.548261e-06
runsc_kvm,16384,7.185877e-06
runc,1048576,0.000153097164
runc,1048576,0.000154937166
runc,1048576,0.000153581655
runc,1048576,0.000148674721
runc,1048576,0.000152851382
runc,1048576,0.000159855161
runc,1048576,0.000150319262
runc,1048576,0.000153967674
runc,1048576,0.000154024034
runc,1048576,0.000151698317
runc,1048576,0.000152760331
runc,1048576,0.000154329275
runc,1048576,0.000152860754
runc,1048576,0.000152841152
runc,1048576,0.000154532943
runc,1048576,0.000153443005
runc,1048576,0.000154667054
runc,1048576,0.000148291161
runc,1048576,0.000155441667
runc,1048576,0.000150964566
runc,1048576,0.00015245346
runc,1048576,0.000153029236
runc,1048576,0.000150434949
runc,1048576,0.000149883228
runc,1048576,0.000155258065
runc,1048576,0.00015502522
runc,1048576,0.000153914356
runc,1048576,0.000150913664
runc,1048576,0.00015444048
runc,1048576,0.000148955063
runc,1048576,0.000152257518
runc,1048576,0.0001527032
runc,1048576,0.000155247792
runc,1048576,0.000148943509
runc,1048576,0.000149702784
runc,1048576,0.000155124202
runc,1048576,0.000152225679
runc,1048576,0.000154480775
runc,1048576,0.000148579391
runc,1048576,0.000157724833
runc,1048576,0.000152447275
runc,1048576,0.000149731757
runc,1048576,0.000149484738
runc,1048576,0.000150784137
runc,1048576,0.000152051929
runc,1048576,0.000149662897
runc,1048576,0.000154694178
runc,1048576,0.000157949078
runc,1048576,0.00015717608
runc,1048576,0.000152892841
runc,1048576,0.000153395449
runc,1048576,0.000152009976
runc,1048576,0.000151169064
runc,1048576,0.000154157024
runc,1048576,0.000150871434
runc,1048576,0.00015222613
runc,1048576,0.00015481688
runc,1048576,0.000154079375
runc,1048576,0.000150496737
runc,1048576,0.000151874163
runc,1048576,0.0001563736
runc,1048576,0.000146640101
runc,1048576,0.000148234933
runc,1048576,0.000150989537
runc,1048576,0.000156192473
runc,1048576,0.000157431758
runc,1048576,0.000149029322
runc,1048576,0.000149415515
runc,1048576,0.000152164008
runc,1048576,0.000151062763
runc,1048576,0.000150572596
runc,1048576,0.000154210429
runc,1048576,0.000154880661
runc,1048576,0.000156921931
runc,1048576,0.000154260459
runc,1048576,0.00015759973
runc,1048576,0.000150199747
runc,1048576,0.000149654021
runc,1048576,0.000149486383
runc,1048576,0.000147359882
runc,1048576,0.000155532951
runc,1048576,0.000154615467
runc,1048576,0.000148748906
runc,1048576,0.000154280671
runc,1048576,0.000155665417
runc,1048576,0.000151696018
runc,1048576,0.000154428199
runc,1048576,0.000152978246
runc,1048576,0.0001500043
runc,1048576,0.000155736692
runc,1048576,0.000155647867
runc,1048576,0.00015485764
runc,1048576,0.000152588953
runc,1048576,0.000152451903
runc,1048576,0.00016741539
runc,1048576,0.000156538867
runc,1048576,0.000151566172
runc,1048576,0.000152678913
runc,1048576,0.000155706395
runc,1048576,0.000155339483
bare,1048576,1e-05
bare,1048576,1e-05
bare,1048576,1e-05
bare,1048576,1e-05
bare,1048576,1e-05
bare,1048576,1e-05
bare,1048576,1e-05
bare,1048576,1e-05
bare,1048576,1e-05
bare,1048576,1e-05
bare,1048576,1e-05
bare,1048576,1e-05
bare,1048576,1e-05
bare,1048576,1e-05
bare,1048576,1e-05
bare,1048576,1e-05
bare,1048576,1e-05
bare,1048576,1e-05
bare,1048576,1e-05
bare,1048576,1e-05
bare,1048576,1e-05
bare,1048576,1e-05
bare,1048576,1e-05
bare,1048576,1e-05
bare,1048576,1e-05
bare,1048576,1e-05
bare,1048576,1e-05
bare,1048576,1e-05
bare,1048576,1e-05
bare,1048576,1e-05
bare,1048576,1e-05
bare,1048576,1e-05
bare,1048576,1e-05
bare,1048576,1e-05
bare,1048576,1e-05
bare,1048576,1e-05
bare,1048576,1e-05
bare,1048576,1e-05
bare,1048576,1e-05
bare,1048576,1e-05
bare,1048576,1e-05
bare,1048576,1e-05
bare,1048576,1e-05
bare,1048576,1e-05
bare,1048576,1e-05
bare,1048576,1e-05
bare,1048576,1e-05
bare,1048576,1e-05
bare,1048576,1e-05
bare,1048576,1e-05
bare,1048576,1e-05
bare,1048576,1e-05
bare,1048576,1e-05
bare,1048576,1e-05
bare,1048576,1e-05
bare,1048576,1e-05
bare,1048576,1e-05
bare,1048576,1e-05
bare,1048576,1e-05
bare,1048576,1e-05
bare,1048576,1e-05
bare,1048576,1e-05
bare,1048576,1e-05
bare,1048576,1e-05
bare,1048576,1e-05
bare,1048576,1e-05
bare,1048576,1e-05
bare,1048576,1e-05
bare,1048576,1e-05
bare,1048576,1e-05
bare,1048576,1e-05
bare,1048576,1e-05
bare,1048576,1e-05
bare,1048576,1e-05
bare,1048576,1e-05
bare,1048576,1e-05
bare,1048576,1e-05
bare,1048576,1e-05
bare,1048576,1e-05
bare,1048576,1e-05
bare,1048576,1e-05
bare,1048576,1e-05
bare,1048576,1e-05
bare,1048576,1e-05
bare,1048576,1e-05
bare,1048576,1e-05
bare,1048576,1e-05
bare,1048576,1e-05
bare,1048576,1e-05
bare,1048576,1e-05
bare,1048576,1e-05
bare,1048576,1e-05
bare,1048576,1e-05
bare,1048576,1e-05
bare,1048576,1e-05
bare,1048576,1e-05
bare,1048576,1e-05
bare,1048576,1e-05
bare,1048576,1e-05
bare,1048576,1e-05
runc,65536,1.1246315e-05
runc,65536,1.0295445e-05
runc,65536,1.2234223e-05
runc,65536,1.1764772e-05
runc,65536,1.2127223e-05
runc,65536,1.1605101e-05
runc,65536,1.0385084e-05
runc,65536,1.0584424e-05
runc,65536,1.0338092e-05
runc,65536,1.1934249e-05
runc,65536,1.0414702e-05
runc,65536,1.1970913e-05
runc,65536,1.1412229e-05
runc,65536,1.1964866e-05
runc,65536,1.0398432e-05
runc,65536,1.0397342e-05
runc,65536,1.1992403e-05
runc,65536,9.750298e-06
runc,65536,1.1625265e-05
runc,65536,1.1169554e-05
runc,65536,1.0188936e-05
runc,65536,1.0411802e-05
runc,65536,1.0265102e-05
runc,65536,1.1699543e-05
runc,65536,1.0882175e-05
runc,65536,1.2074604e-05
runc,65536,1.214069e-05
runc,65536,1.0289746e-05
runc,65536,1.0544692e-05
runc,65536,1.0741763e-05
runc,65536,1.0472112e-05
runc,65536,1.2284443e-05
runc,65536,1.0389434e-05
runc,65536,1.0371145e-05
runc,65536,8.775935e-06
runc,65536,1.2121896e-05
runc,65536,1.1862166e-05
runc,65536,1.0615219e-05
runc,65536,1.1982816e-05
runc,65536,1.197074e-05
runc,65536,1.0470547e-05
runc,65536,1.1211011e-05
runc,65536,1.1805054e-05
runc,65536,1.0697742e-05
runc,65536,1.0376329e-05
runc,65536,1.15852e-05
runc,65536,1.1723028e-05
runc,65536,1.0364599e-05
runc,65536,1.2019575e-05
runc,65536,1.212089e-05
runc,65536,1.2003495e-05
runc,65536,1.1827769e-05
runc,65536,1.0551798e-05
runc,65536,1.181601e-05
runc,65536,1.0390894e-05
runc,65536,1.0355637e-05
runc,65536,1.2063906e-05
runc,65536,1.050131e-05
runc,65536,1.0448468e-05
runc,65536,1.205957e-05
runc,65536,1.1698045e-05
runc,65536,1.1831913e-05
runc,65536,1.1798117e-05
runc,65536,1.1827059e-05
runc,65536,1.0144345e-05
runc,65536,1.2096209e-05
runc,65536,1.1769644e-05
runc,65536,1.1219707e-05
runc,65536,1.0459879e-05
runc,65536,9.748828e-06
runc,65536,1.0484437e-05
runc,65536,1.0380538e-05
runc,65536,1.0672685e-05
runc,65536,1.2294694e-05
runc,65536,1.0297304e-05
runc,65536,1.0252471e-05
runc,65536,1.1404282e-05
runc,65536,9.959243e-06
runc,65536,1.2162421e-05
runc,65536,1.1085859e-05
runc,65536,1.1808115e-05
runc,65536,1.2003055e-05
runc,65536,1.1935188e-05
runc,65536,1.1135898e-05
runc,65536,1.1850363e-05
runc,65536,1.2121572e-05
runc,65536,1.0632561e-05
runc,65536,1.0357841e-05
runc,65536,1.0816903e-05
runc,65536,1.0567175e-05
runc,65536,1.2202909e-05
runc,65536,1.1857293e-05
runc,65536,1.2032408e-05
runc,65536,1.1169474e-05
runc,65536,1.1928507e-05
runc,65536,1.0495562e-05
runc,65536,1.1676924e-05
runc,65536,1.201202e-05
runc,65536,1.2176352e-05
runc,65536,1.2140409e-05
bare,16384,1e-05
bare,16384,1e-05
bare,16384,1e-05
bare,16384,1e-05
bare,16384,1e-05
bare,16384,1e-05
bare,16384,1e-05
bare,16384,1e-05
bare,16384,1e-05
bare,16384,1e-05
bare,16384,1e-05
bare,16384,1e-05
bare,16384,1e-05
bare,16384,1e-05
bare,16384,1e-05
bare,16384,1e-05
bare,16384,1e-05
bare,16384,1e-05
bare,16384,1e-05
bare,16384,1e-05
bare,16384,1e-05
bare,16384,1e-05
bare,16384,1e-05
bare,16384,1e-05
bare,16384,1e-05
bare,16384,1e-05
bare,16384,1e-05
bare,16384,1e-05
bare,16384,1e-05
bare,16384,1e-05
bare,16384,1e-05
bare,16384,1e-05
bare,16384,1e-05
bare,16384,1e-05
bare,16384,1e-05
bare,16384,1e-05
bare,16384,1e-05
bare,16384,1e-05
bare,16384,1e-05
bare,16384,1e-05
bare,16384,1e-05
bare,16384,1e-05
bare,16384,1e-05
bare,16384,1e-05
bare,16384,1e-05
bare,16384,1e-05
bare,16384,1e-05
bare,16384,1e-05
bare,16384,1e-05
bare,16384,1e-05
bare,16384,1e-05
bare,16384,1e-05
bare,16384,1e-05
bare,16384,1e-05
bare,16384,1e-05
bare,16384,1e-05
bare,16384,1e-05
bare,16384,1e-05
bare,16384,1e-05
bare,16384,1e-05
bare,16384,1e-05
bare,16384,1e-05
bare,16384,1e-05
bare,16384,1e-05
bare,16384,1e-05
bare,16384,1e-05
bare,16384,1e-05
bare,16384,1e-05
bare,16384,1e-05
bare,16384,1e-05
bare,16384,1e-05
bare,16384,1e-05
bare,16384,1e-05
bare,16384,1e-05
bare,16384,1e-05
bare,16384,1e-05
bare,16384,1e-05
bare,16384,1e-05
bare,16384,1e-05
bare,16384,1e-05
bare,16384,1e-05
bare,16384,1e-05
bare,16384,1e-05
bare,16384,1e-05
bare,16384,1e-05
bare,16384,1e-05
bare,16384,1e-05
bare,16384,1e-05
bare,16384,1e-05
bare,16384,1e-05
bare,16384,1e-05
bare,16384,1e-05
bare,16384,1e-05
bare,16384,1e-05
bare,16384,1e-05
bare,16384,1e-05
bare,16384,1e-05
bare,16384,1e-05
bare,16384,1e-05
bare,16384,1e-05
runc,262144,3.929947e-05
runc,262144,4.1395055e-05
runc,262144,4.4407159e-05
runc,262144,3.8681283e-05
runc,262144,4.3565869e-05
runc,262144,4.3373489e-05
runc,262144,4.3611497e-05
runc,262144,3.9618932e-05
runc,262144,4.3797372e-05
runc,262144,3.8085003e-05
runc,262144,3.8875012e-05
runc,262144,4.0045608e-05
runc,262144,4.0720788e-05
runc,262144,4.1111125e-05
runc,262144,3.9217743e-05
runc,262144,3.8849266e-05
runc,262144,4.3652039e-05
runc,262144,4.3866501e-05
runc,262144,3.8487484e-05
runc,262144,4.35765e-05
runc,262144,3.9392373e-05
runc,262144,3.902266e-05
runc,262144,3.9449165e-05
runc,262144,3.9536942e-05
runc,262144,3.990953e-05
runc,262144,4.0140454e-05
runc,262144,4.4201402e-05
runc,262144,4.5479792e-05
runc,262144,4.3340791e-05
runc,262144,3.9724993e-05
runc,262144,4.3058444e-05
runc,262144,3.8727132e-05
runc,262144,4.0141273e-05
runc,262144,3.8881877e-05
runc,262144,4.4258766e-05
runc,262144,3.8799721e-05
runc,262144,3.7748734e-05
runc,262144,4.3858134e-05
runc,262144,4.3594664e-05
runc,262144,4.5104876e-05
runc,262144,4.4069813e-05
runc,262144,4.3114651e-05
runc,262144,4.0071936e-05
runc,262144,3.9044728e-05
runc,262144,4.0085724e-05
runc,262144,4.0391966e-05
runc,262144,4.3694137e-05
runc,262144,3.8949722e-05
runc,262144,4.4342254e-05
runc,262144,4.0366125e-05
runc,262144,3.9093829e-05
runc,262144,3.97326e-05
runc,262144,4.4047003e-05
runc,262144,4.0326871e-05
runc,262144,4.4688608e-05
runc,262144,4.7561309e-05
runc,262144,4.380662e-05
runc,262144,4.3907705e-05
runc,262144,3.9845501e-05
runc,262144,3.8703944e-05
runc,262144,4.4397046e-05
runc,262144,3.8843282e-05
runc,262144,3.9281498e-05
runc,262144,3.9101324e-05
runc,262144,3.8397229e-05
runc,262144,3.9837385e-05
runc,262144,4.0005285e-05
runc,262144,4.4216842e-05
runc,262144,4.506392e-05
runc,262144,3.9510302e-05
runc,262144,4.4514323e-05
runc,262144,4.0216335e-05
runc,262144,3.9688563e-05
runc,262144,4.046172e-05
runc,262144,4.3636432e-05
runc,262144,3.8915761e-05
runc,262144,4.4445187e-05
runc,262144,3.8330523e-05
runc,262144,3.9154591e-05
runc,262144,4.0426865e-05
runc,262144,3.9923394e-05
runc,262144,4.4658638e-05
runc,262144,3.9843806e-05
runc,262144,3.9073719e-05
runc,262144,3.9486775e-05
runc,262144,4.4537344e-05
runc,262144,4.005526e-05
runc,262144,3.8853716e-05
runc,262144,4.5751185e-05
runc,262144,4.4580785e-05
runc,262144,4.5964327e-05
runc,262144,4.4270932e-05
runc,262144,3.996255e-05
runc,262144,4.4776567e-05
runc,262144,3.8965834e-05
runc,262144,4.1209856e-05
runc,262144,4.4727174e-05
runc,262144,4.4882836e-05
runc,262144,4.3655014e-05
runc,262144,3.8633065e-05
