mod_kvm,262144,3.065875e-05
mod_kvm,262144,2.5747597e-05
mod_kvm,262144,2.4355508e-05
mod_kvm,262144,2.434935e-05
mod_kvm,262144,2.5168976e-05
mod_kvm,262144,2.5171023e-05
mod_kvm,262144,2.4811963e-05
mod_kvm,262144,2.5172256e-05
mod_kvm,262144,2.5106958e-05
mod_kvm,262144,2.4761701e-05
mod_kvm,262144,2.4411971e-05
mod_kvm,262144,2.5101373e-05
mod_kvm,262144,2.4456143e-05
mod_kvm,262144,2.445579e-05
mod_kvm,262144,2.4800142e-05
mod_kvm,262144,2.5441737e-05
mod_kvm,262144,2.5300129e-05
mod_kvm,262144,2.4464762e-05
mod_kvm,262144,2.4494837e-05
mod_kvm,262144,2.9792795e-05
mod_kvm,262144,2.444458e-05
mod_kvm,262144,2.4374571e-05
mod_kvm,262144,2.4809262e-05
mod_kvm,262144,2.4440877e-05
mod_kvm,262144,2.4546995e-05
mod_kvm,262144,2.5720554e-05
mod_kvm,262144,2.4520119e-05
mod_kvm,262144,2.4731056e-05
mod_kvm,262144,2.4561132e-05
mod_kvm,262144,2.4808187e-05
mod_kvm,262144,2.5233956e-05
mod_kvm,262144,2.5305726e-05
mod_kvm,262144,2.4783074e-05
mod_kvm,262144,2.4482786e-05
mod_kvm,262144,2.4793859e-05
mod_kvm,262144,2.4532872e-05
mod_kvm,262144,2.4543226e-05
mod_kvm,262144,2.4424431e-05
mod_kvm,262144,2.5505276e-05
mod_kvm,262144,2.4421883e-05
mod_kvm,262144,2.5769939e-05
mod_kvm,262144,2.3114088e-05
mod_kvm,262144,2.4524013e-05
mod_kvm,262144,2.5667248e-05
mod_kvm,262144,2.5069667e-05
mod_kvm,262144,2.5694519e-05
mod_kvm,262144,2.2956689e-05
mod_kvm,262144,2.309736e-05
mod_kvm,262144,2.444914e-05
mod_kvm,262144,2.2980439e-05
mod_kvm,262144,2.4325383e-05
mod_kvm,262144,2.448076e-05
mod_kvm,262144,2.4392595e-05
mod_kvm,262144,2.3721819e-05
mod_kvm,262144,2.4838204e-05
mod_kvm,262144,2.5119138e-05
mod_kvm,262144,2.5178022e-05
mod_kvm,262144,2.4356916e-05
mod_kvm,262144,2.3104605e-05
mod_kvm,262144,2.4672016e-05
mod_kvm,262144,3.3926211e-05
mod_kvm,262144,2.4445795e-05
mod_kvm,262144,2.480552e-05
mod_kvm,262144,2.4482522e-05
mod_kvm,262144,2.5155672e-05
mod_kvm,262144,2.5131412e-05
mod_kvm,262144,2.4431105e-05
mod_kvm,262144,2.4467612e-05
mod_kvm,262144,2.5972447e-05
mod_kvm,262144,2.4460036e-05
mod_kvm,262144,2.3355455e-05
mod_kvm,262144,2.6034728e-05
mod_kvm,262144,2.2977007e-05
mod_kvm,262144,2.4809289e-05
mod_kvm,262144,2.4826326e-05
mod_kvm,262144,2.4493371e-05
mod_kvm,262144,2.3358283e-05
mod_kvm,262144,2.5051539e-05
mod_kvm,262144,2.4384743e-05
mod_kvm,262144,2.5658625e-05
mod_kvm,262144,3.797661e-05
mod_kvm,262144,3.583225e-05
mod_kvm,262144,2.5512187e-05
mod_kvm,262144,2.3074675e-05
mod_kvm,262144,2.5627536e-05
mod_kvm,262144,2.4792418e-05
mod_kvm,262144,2.3703795e-05
mod_kvm,262144,2.3034367e-05
mod_kvm,262144,2.4800445e-05
mod_kvm,262144,2.4767134e-05
mod_kvm,262144,2.4475903e-05
mod_kvm,262144,2.3682074e-05
mod_kvm,262144,2.4782918e-05
mod_kvm,262144,2.4364977e-05
mod_kvm,262144,2.3078943e-05
mod_kvm,262144,2.439034e-05
mod_kvm,262144,2.6034029e-05
mod_kvm,262144,2.4431753e-05
mod_kvm,262144,2.4434412e-05
mod_kvm,262144,2.4791556e-05
mod_kvm,4096,1.219876e-06
mod_kvm,4096,1.208406e-06
mod_kvm,4096,1.332763e-06
mod_kvm,4096,1.262187e-06
mod_kvm,4096,1.218648e-06
mod_kvm,4096,1.333205e-06
mod_kvm,4096,1.247868e-06
mod_kvm,4096,1.250646e-06
mod_kvm,4096,1.286977e-06
mod_kvm,4096,1.247767e-06
mod_kvm,4096,1.244172e-06
mod_kvm,4096,1.229026e-06
mod_kvm,4096,1.226283e-06
mod_kvm,4096,1.209486e-06
mod_kvm,4096,1.242014e-06
mod_kvm,4096,1.241344e-06
mod_kvm,4096,1.349699e-06
mod_kvm,4096,1.279512e-06
mod_kvm,4096,1.233733e-06
mod_kvm,4096,1.210561e-06
mod_kvm,4096,1.27064e-06
mod_kvm,4096,1.302845e-06
mod_kvm,4096,1.253146e-06
mod_kvm,4096,1.342501e-06
mod_kvm,4096,1.435019e-06
mod_kvm,4096,1.207004e-06
mod_kvm,4096,1.215442e-06
mod_kvm,4096,1.358005e-06
mod_kvm,4096,1.335953e-06
mod_kvm,4096,1.216619e-06
mod_kvm,4096,1.336696e-06
mod_kvm,4096,1.247337e-06
mod_kvm,4096,1.221599e-06
mod_kvm,4096,1.219822e-06
mod_kvm,4096,1.251054e-06
mod_kvm,4096,1.233102e-06
mod_kvm,4096,1.220314e-06
mod_kvm,4096,1.226399e-06
mod_kvm,4096,1.220399e-06
mod_kvm,4096,1.216702e-06
mod_kvm,4096,1.213081e-06
mod_kvm,4096,1.420504e-06
mod_kvm,4096,1.20232e-06
mod_kvm,4096,1.21931e-06
mod_kvm,4096,1.226997e-06
mod_kvm,4096,1.245006e-06
mod_kvm,4096,1.217036e-06
mod_kvm,4096,1.229955e-06
mod_kvm,4096,1.216209e-06
mod_kvm,4096,1.224282e-06
mod_kvm,4096,1.218796e-06
mod_kvm,4096,1.222222e-06
mod_kvm,4096,1.354349e-06
mod_kvm,4096,1.230432e-06
mod_kvm,4096,1.239902e-06
mod_kvm,4096,1.208229e-06
mod_kvm,4096,1.355752e-06
mod_kvm,4096,1.250633e-06
mod_kvm,4096,1.318621e-06
mod_kvm,4096,1.366846e-06
mod_kvm,4096,1.219987e-06
mod_kvm,4096,1.364592e-06
mod_kvm,4096,1.250699e-06
mod_kvm,4096,1.431306e-06
mod_kvm,4096,1.229072e-06
mod_kvm,4096,1.203057e-06
mod_kvm,4096,1.296786e-06
mod_kvm,4096,1.229139e-06
mod_kvm,4096,1.247979e-06
mod_kvm,4096,1.425023e-06
mod_kvm,4096,1.214994e-06
mod_kvm,4096,1.31822e-06
mod_kvm,4096,1.213623e-06
mod_kvm,4096,1.227012e-06
mod_kvm,4096,1.212917e-06
mod_kvm,4096,1.231536e-06
mod_kvm,4096,1.254318e-06
mod_kvm,4096,1.314038e-06
mod_kvm,4096,1.235821e-06
mod_kvm,4096,1.202493e-06
mod_kvm,4096,1.228768e-06
mod_kvm,4096,1.220466e-06
mod_kvm,4096,1.33771e-06
mod_kvm,4096,1.35688e-06
mod_kvm,4096,1.336541e-06
mod_kvm,4096,1.324878e-06
mod_kvm,4096,1.246253e-06
mod_kvm,4096,1.216053e-06
mod_kvm,4096,1.238643e-06
mod_kvm,4096,1.218501e-06
mod_kvm,4096,1.229587e-06
mod_kvm,4096,1.22034e-06
mod_kvm,4096,1.279655e-06
mod_kvm,4096,1.248268e-06
mod_kvm,4096,1.229542e-06
mod_kvm,4096,1.221399e-06
mod_kvm,4096,1.239015e-06
mod_kvm,4096,1.24078e-06
mod_kvm,4096,1.210174e-06
mod_kvm,4096,1.220427e-06
mod_ptrace,4096,1.2964441e-05
mod_ptrace,4096,1.1440473e-05
mod_ptrace,4096,1.1353331e-05
mod_ptrace,4096,1.130839e-05
mod_ptrace,4096,1.1338449e-05
mod_ptrace,4096,1.1291273e-05
mod_ptrace,4096,1.1224395e-05
mod_ptrace,4096,1.1464329e-05
mod_ptrace,4096,1.1297926e-05
mod_ptrace,4096,1.1369616e-05
mod_ptrace,4096,1.1735824e-05
mod_ptrace,4096,1.146184e-05
mod_ptrace,4096,1.1182739e-05
mod_ptrace,4096,1.3033156e-05
mod_ptrace,4096,1.143434e-05
mod_ptrace,4096,1.1513886e-05
mod_ptrace,4096,1.1440578e-05
mod_ptrace,4096,1.1332038e-05
mod_ptrace,4096,1.1392832e-05
mod_ptrace,4096,1.1387913e-05
mod_ptrace,4096,1.1330516e-05
mod_ptrace,4096,1.1418868e-05
mod_ptrace,4096,1.1436264e-05
mod_ptrace,4096,1.140743e-05
mod_ptrace,4096,1.1615815e-05
mod_ptrace,4096,1.138951e-05
mod_ptrace,4096,1.1785455e-05
mod_ptrace,4096,1.1640033e-05
mod_ptrace,4096,1.1591539e-05
mod_ptrace,4096,1.1593248e-05
mod_ptrace,4096,1.135058e-05
mod_ptrace,4096,1.145308e-05
mod_ptrace,4096,1.1427672e-05
mod_ptrace,4096,1.1638504e-05
mod_ptrace,4096,1.1545652e-05
mod_ptrace,4096,1.143088e-05
mod_ptrace,4096,1.153741e-05
mod_ptrace,4096,1.1572312e-05
mod_ptrace,4096,1.145582e-05
mod_ptrace,4096,1.1356675e-05
mod_ptrace,4096,1.1313656e-05
mod_ptrace,4096,1.1503086e-05
mod_ptrace,4096,1.2520914e-05
mod_ptrace,4096,1.1363916e-05
mod_ptrace,4096,1.1621773e-05
mod_ptrace,4096,1.2424191e-05
mod_ptrace,4096,1.1380906e-05
mod_ptrace,4096,1.1331696e-05
mod_ptrace,4096,1.172612e-05
mod_ptrace,4096,1.1456438e-05
mod_ptrace,4096,1.1319086e-05
mod_ptrace,4096,1.138995e-05
mod_ptrace,4096,1.1499837e-05
mod_ptrace,4096,1.1349582e-05
mod_ptrace,4096,1.1398113e-05
mod_ptrace,4096,1.164037e-05
mod_ptrace,4096,1.1437709e-05
mod_ptrace,4096,1.1535433e-05
mod_ptrace,4096,1.1639871e-05
mod_ptrace,4096,1.1389218e-05
mod_ptrace,4096,1.2341846e-05
mod_ptrace,4096,1.1532809e-05
mod_ptrace,4096,1.1337588e-05
mod_ptrace,4096,1.1295749e-05
mod_ptrace,4096,1.1485759e-05
mod_ptrace,4096,1.1292556e-05
mod_ptrace,4096,1.1419868e-05
mod_ptrace,4096,1.1339092e-05
mod_ptrace,4096,1.2746556e-05
mod_ptrace,4096,1.1487225e-05
mod_ptrace,4096,1.1560075e-05
mod_ptrace,4096,1.1399761e-05
mod_ptrace,4096,1.1596138e-05
mod_ptrace,4096,1.2156325e-05
mod_ptrace,4096,1.1589113e-05
mod_ptrace,4096,1.1290818e-05
mod_ptrace,4096,1.1471282e-05
mod_ptrace,4096,1.1349643e-05
mod_ptrace,4096,1.1555928e-05
mod_ptrace,4096,1.1206292e-05
mod_ptrace,4096,1.1616068e-05
mod_ptrace,4096,1.1464956e-05
mod_ptrace,4096,1.1332384e-05
mod_ptrace,4096,1.1378223e-05
mod_ptrace,4096,1.1791471e-05
mod_ptrace,4096,1.2730461e-05
mod_ptrace,4096,1.1493491e-05
mod_ptrace,4096,1.1597741e-05
mod_ptrace,4096,1.1674561e-05
mod_ptrace,4096,1.1595098e-05
mod_ptrace,4096,1.1257356e-05
mod_ptrace,4096,1.141531e-05
mod_ptrace,4096,1.1313798e-05
mod_ptrace,4096,1.143257e-05
mod_ptrace,4096,1.1390617e-05
mod_ptrace,4096,1.1402282e-05
mod_ptrace,4096,1.1967821e-05
mod_ptrace,4096,1.1345767e-05
mod_ptrace,4096,1.1681585e-05
mod_ptrace,4096,1.1491088e-05
mod_kvm,1048576,0.000120300989
mod_kvm,1048576,0.000148376348
mod_kvm,1048576,0.000124975384
mod_kvm,1048576,0.000132168076
mod_kvm,1048576,0.0001226233
mod_kvm,1048576,0.000124114085
mod_kvm,1048576,0.000135128517
mod_kvm,1048576,0.000137785959
mod_kvm,1048576,0.000129450258
mod_kvm,1048576,0.000118486707
mod_kvm,1048576,0.000122235768
mod_kvm,1048576,0.000126576313
mod_kvm,1048576,0.00012403194
mod_kvm,1048576,0.000127908454
mod_kvm,1048576,0.000164738522
mod_kvm,1048576,0.000122564568
mod_kvm,1048576,0.000155343616
mod_kvm,1048576,0.000123498132
mod_kvm,1048576,0.000125228107
mod_kvm,1048576,0.000117911513
mod_kvm,1048576,0.00012316888
mod_kvm,1048576,0.000152926717
mod_kvm,1048576,0.000123973485
mod_kvm,1048576,0.000124193277
mod_kvm,1048576,0.00012407529
mod_kvm,1048576,0.000129441847
mod_kvm,1048576,0.000124886981
mod_kvm,1048576,0.000131875669
mod_kvm,1048576,0.000124540398
mod_kvm,1048576,0.000124044338
mod_kvm,1048576,0.000166923041
mod_kvm,1048576,0.000124393802
mod_kvm,1048576,0.000122394777
mod_kvm,1048576,0.000123924328
mod_kvm,1048576,0.000123898382
mod_kvm,1048576,0.000126791405
mod_kvm,1048576,0.000124786209
mod_kvm,1048576,0.000126838364
mod_kvm,1048576,0.000125309525
mod_kvm,1048576,0.00012008351
mod_kvm,1048576,0.000121771911
mod_kvm,1048576,0.00012396276
mod_kvm,1048576,0.000127533858
mod_kvm,1048576,0.00012985681
mod_kvm,1048576,0.000129380132
mod_kvm,1048576,0.000141830955
mod_kvm,1048576,0.000125574385
mod_kvm,1048576,0.000131586654
mod_kvm,1048576,0.000121764737
mod_kvm,1048576,0.000128536922
mod_kvm,1048576,0.000121787831
mod_kvm,1048576,0.000130905479
mod_kvm,1048576,0.000124012382
mod_kvm,1048576,0.000132361369
mod_kvm,1048576,0.00012167442
mod_kvm,1048576,0.000131606226
mod_kvm,1048576,0.000122082725
mod_kvm,1048576,0.000158210605
mod_kvm,1048576,0.000125364721
mod_kvm,1048576,0.00012805716
mod_kvm,1048576,0.000129403998
mod_kvm,1048576,0.000118381919
mod_kvm,1048576,0.000124971368
mod_kvm,1048576,0.000118536351
mod_kvm,1048576,0.000124449434
mod_kvm,1048576,0.000123083882
mod_kvm,1048576,0.000124633923
mod_kvm,1048576,0.000123680366
mod_kvm,1048576,0.000129468288
mod_kvm,1048576,0.000125661187
mod_kvm,1048576,0.000124799379
mod_kvm,1048576,0.000124926999
mod_kvm,1048576,0.000122512793
mod_kvm,1048576,0.000123660109
mod_kvm,1048576,0.000121332676
mod_kvm,1048576,0.000121442354
mod_kvm,1048576,0.000125304985
mod_kvm,1048576,0.000124257946
mod_kvm,1048576,0.000125557417
mod_kvm,1048576,0.00012397315
mod_kvm,1048576,0.000129700667
mod_kvm,1048576,0.000133478912
mod_kvm,1048576,0.00013081888
mod_kvm,1048576,0.000131797744
mod_kvm,1048576,0.000124086873
mod_kvm,1048576,0.000120033932
mod_kvm,1048576,0.000124246115
mod_kvm,1048576,0.000122843398
mod_kvm,1048576,0.000123472055
mod_kvm,1048576,0.000129282664
mod_kvm,1048576,0.000131134628
mod_kvm,1048576,0.000126845393
mod_kvm,1048576,0.000120849465
mod_kvm,1048576,0.000131845794
mod_kvm,1048576,0.000123739257
mod_kvm,1048576,0.000123379621
mod_kvm,1048576,0.000126965155
mod_kvm,1048576,0.000126969564
mod_kvm,1048576,0.000121227982
mod_kvm,1048576,0.000124037848
mod_ptrace,16384,1.3364569e-05
mod_ptrace,16384,1.239691e-05
mod_ptrace,16384,1.3211629e-05
mod_ptrace,16384,1.3479228e-05
mod_ptrace,16384,1.2792478e-05
mod_ptrace,16384,1.2726035e-05
mod_ptrace,16384,1.2852865e-05
mod_ptrace,16384,1.2324182e-05
mod_ptrace,16384,1.3050256e-05
mod_ptrace,16384,1.3169274e-05
mod_ptrace,16384,1.3406854e-05
mod_ptrace,16384,1.3390607e-05
mod_ptrace,16384,1.2878117e-05
mod_ptrace,16384,1.2652152e-05
mod_ptrace,16384,1.2503334e-05
mod_ptrace,16384,1.2480667e-05
mod_ptrace,16384,1.2971987e-05
mod_ptrace,16384,1.3091841e-05
mod_ptrace,16384,1.270236e-05
mod_ptrace,16384,1.2886927e-05
mod_ptrace,16384,1.2274293e-05
mod_ptrace,16384,1.3342148e-05
mod_ptrace,16384,1.2409735e-05
mod_ptrace,16384,1.3097932e-05
mod_ptrace,16384,1.2367585e-05
mod_ptrace,16384,1.235407e-05
mod_ptrace,16384,1.3267569e-05
mod_ptrace,16384,1.2476623e-05
mod_ptrace,16384,1.406843e-05
mod_ptrace,16384,1.2719533e-05
mod_ptrace,16384,1.3111122e-05
mod_ptrace,16384,1.2763708e-05
mod_ptrace,16384,1.2692156e-05
mod_ptrace,16384,1.3028404e-05
mod_ptrace,16384,1.2411428e-05
mod_ptrace,16384,1.3955665e-05
mod_ptrace,16384,1.2480555e-05
mod_ptrace,16384,1.2407932e-05
mod_ptrace,16384,1.2896473e-05
mod_ptrace,16384,1.3347913e-05
mod_ptrace,16384,1.2609582e-05
mod_ptrace,16384,1.4339656e-05
mod_ptrace,16384,1.2798525e-05
mod_ptrace,16384,1.2781079e-05
mod_ptrace,16384,1.281836e-05
mod_ptrace,16384,1.2534631e-05
mod_ptrace,16384,1.3268828e-05
mod_ptrace,16384,1.3050854e-05
mod_ptrace,16384,1.3152936e-05
mod_ptrace,16384,1.3179073e-05
mod_ptrace,16384,1.289021e-05
mod_ptrace,16384,1.2360736e-05
mod_ptrace,16384,1.2406184e-05
mod_ptrace,16384,1.3082733e-05
mod_ptrace,16384,1.2498429e-05
mod_ptrace,16384,1.2792264e-05
mod_ptrace,16384,1.3552679e-05
mod_ptrace,16384,1.3278679e-05
mod_ptrace,16384,1.4717592e-05
mod_ptrace,16384,1.4361895e-05
mod_ptrace,16384,1.3051092e-05
mod_ptrace,16384,1.3217717e-05
mod_ptrace,16384,1.3040301e-05
mod_ptrace,16384,1.3390429e-05
mod_ptrace,16384,1.2294432e-05
mod_ptrace,16384,1.3542265e-05
mod_ptrace,16384,1.2910344e-05
mod_ptrace,16384,1.2709624e-05
mod_ptrace,16384,1.3059315e-05
mod_ptrace,16384,1.2812374e-05
mod_ptrace,16384,1.3162384e-05
mod_ptrace,16384,1.2369158e-05
mod_ptrace,16384,1.2544767e-05
mod_ptrace,16384,1.3216912e-05
mod_ptrace,16384,1.2720135e-05
mod_ptrace,16384,1.2940978e-05
mod_ptrace,16384,1.3272415e-05
mod_ptrace,16384,1.2604034e-05
mod_ptrace,16384,1.2376013e-05
mod_ptrace,16384,1.2415505e-05
mod_ptrace,16384,1.2648469e-05
mod_ptrace,16384,1.2699773e-05
mod_ptrace,16384,1.2984041e-05
mod_ptrace,16384,1.2561384e-05
mod_ptrace,16384,1.335909e-05
mod_ptrace,16384,1.2998949e-05
mod_ptrace,16384,1.2872932e-05
mod_ptrace,16384,1.2340095e-05
mod_ptrace,16384,1.2819826e-05
mod_ptrace,16384,1.2433922e-05
mod_ptrace,16384,1.3208089e-05
mod_ptrace,16384,1.2313156e-05
mod_ptrace,16384,1.3550929e-05
mod_ptrace,16384,1.2698462e-05
mod_ptrace,16384,1.3825976e-05
mod_ptrace,16384,1.2335412e-05
mod_ptrace,16384,1.2506562e-05
mod_ptrace,16384,1.2474249e-05
mod_ptrace,16384,1.3801839e-05
mod_ptrace,16384,1.2432786e-05
mod_ptrace,65536,2.0307487e-05
mod_ptrace,65536,1.7405211e-05
mod_ptrace,65536,1.9206447e-05
mod_ptrace,65536,1.8064238e-05
mod_ptrace,65536,1.7567134e-05
mod_ptrace,65536,1.8263008e-05
mod_ptrace,65536,1.9058716e-05
mod_ptrace,65536,1.6918366e-05
mod_ptrace,65536,1.6678801e-05
mod_ptrace,65536,2.0710944e-05
mod_ptrace,65536,2.2676146e-05
mod_ptrace,65536,1.920105e-05
mod_ptrace,65536,1.6877921e-05
mod_ptrace,65536,1.9483121e-05
mod_ptrace,65536,1.7460283e-05
mod_ptrace,65536,1.7896789e-05
mod_ptrace,65536,1.8145915e-05
mod_ptrace,65536,1.9567866e-05
mod_ptrace,65536,1.9012565e-05
mod_ptrace,65536,1.7679347e-05
mod_ptrace,65536,2.0149229e-05
mod_ptrace,65536,1.7363211e-05
mod_ptrace,65536,1.7475269e-05
mod_ptrace,65536,2.0237765e-05
mod_ptrace,65536,1.7794304e-05
mod_ptrace,65536,1.7652468e-05
mod_ptrace,65536,1.923024e-05
mod_ptrace,65536,1.9740373e-05
mod_ptrace,65536,1.7449578e-05
mod_ptrace,65536,1.7886792e-05
mod_ptrace,65536,1.7567807e-05
mod_ptrace,65536,1.7531218e-05
mod_ptrace,65536,1.9351821e-05
mod_ptrace,65536,1.7791906e-05
mod_ptrace,65536,1.697319e-05
mod_ptrace,65536,1.7025335e-05
mod_ptrace,65536,1.86459e-05
mod_ptrace,65536,1.7869486e-05
mod_ptrace,65536,1.8071405e-05
mod_ptrace,65536,1.7708953e-05
mod_ptrace,65536,1.8720035e-05
mod_ptrace,65536,2.0282667e-05
mod_ptrace,65536,1.7123837e-05
mod_ptrace,65536,1.8705263e-05
mod_ptrace,65536,2.0413732e-05
mod_ptrace,65536,1.6752612e-05
mod_ptrace,65536,2.0747966e-05
mod_ptrace,65536,2.1617609e-05
mod_ptrace,65536,1.7599936e-05
mod_ptrace,65536,1.8533909e-05
mod_ptrace,65536,1.6566184e-05
mod_ptrace,65536,1.7430209e-05
mod_ptrace,65536,2.174321e-05
mod_ptrace,65536,1.9200374e-05
mod_ptrace,65536,1.8393624e-05
mod_ptrace,65536,1.9742703e-05
mod_ptrace,65536,1.8024159e-05
mod_ptrace,65536,2.1075937e-05
mod_ptrace,65536,1.8111861e-05
mod_ptrace,65536,1.7237377e-05
mod_ptrace,65536,2.0668371e-05
mod_ptrace,65536,2.090136e-05
mod_ptrace,65536,1.7613749e-05
mod_ptrace,65536,2.0981242e-05
mod_ptrace,65536,2.0084324e-05
mod_ptrace,65536,1.9349747e-05
mod_ptrace,65536,2.1490498e-05
mod_ptrace,65536,1.7388425e-05
mod_ptrace,65536,1.9675172e-05
mod_ptrace,65536,1.6899641e-05
mod_ptrace,65536,1.8432311e-05
mod_ptrace,65536,1.8541954e-05
mod_ptrace,65536,2.0562376e-05
mod_ptrace,65536,1.8390248e-05
mod_ptrace,65536,2.072592e-05
mod_ptrace,65536,1.7988348e-05
mod_ptrace,65536,1.8618292e-05
mod_ptrace,65536,2.0208501e-05
mod_ptrace,65536,1.7546932e-05
mod_ptrace,65536,1.7372096e-05
mod_ptrace,65536,2.0355825e-05
mod_ptrace,65536,2.087282e-05
mod_ptrace,65536,1.8224797e-05
mod_ptrace,65536,1.8629842e-05
mod_ptrace,65536,1.7648279e-05
mod_ptrace,65536,1.684318e-05
mod_ptrace,65536,1.7267477e-05
mod_ptrace,65536,1.7053379e-05
mod_ptrace,65536,1.8674829e-05
mod_ptrace,65536,1.7511238e-05
mod_ptrace,65536,1.8324536e-05
mod_ptrace,65536,2.0370426e-05
mod_ptrace,65536,2.1606622e-05
mod_ptrace,65536,2.0841984e-05
mod_ptrace,65536,2.0890846e-05
mod_ptrace,65536,1.6773451e-05
mod_ptrace,65536,2.0303001e-05
mod_ptrace,65536,2.0441554e-05
mod_ptrace,65536,1.6778917e-05
mod_ptrace,65536,2.1305697e-05
mod_ptrace,1048576,0.000152529741
mod_ptrace,1048576,0.000152193083
mod_ptrace,1048576,0.000144288366
mod_ptrace,1048576,0.000141492885
mod_ptrace,1048576,0.000149573825
mod_ptrace,1048576,0.000141452998
mod_ptrace,1048576,0.000153346977
mod_ptrace,1048576,0.000148266656
mod_ptrace,1048576,0.000147609055
mod_ptrace,1048576,0.000149709871
mod_ptrace,1048576,0.000149016705
mod_ptrace,1048576,0.000148797015
mod_ptrace,1048576,0.000157540111
mod_ptrace,1048576,0.000172109925
mod_ptrace,1048576,0.000159676885
mod_ptrace,1048576,0.000157689108
mod_ptrace,1048576,0.000141955534
mod_ptrace,1048576,0.000187507307
mod_ptrace,1048576,0.000145155893
mod_ptrace,1048576,0.000154779962
mod_ptrace,1048576,0.000158054958
mod_ptrace,1048576,0.000149512533
mod_ptrace,1048576,0.000150434396
mod_ptrace,1048576,0.000188392791
mod_ptrace,1048576,0.000148224863
mod_ptrace,1048576,0.000142732446
mod_ptrace,1048576,0.000139630065
mod_ptrace,1048576,0.000154612033
mod_ptrace,1048576,0.000142155492
mod_ptrace,1048576,0.000141429598
mod_ptrace,1048576,0.000146973704
mod_ptrace,1048576,0.000143924757
mod_ptrace,1048576,0.000146413091
mod_ptrace,1048576,0.000145686747
mod_ptrace,1048576,0.00014992342
mod_ptrace,1048576,0.000149101033
mod_ptrace,1048576,0.000147264684
mod_ptrace,1048576,0.000147225408
mod_ptrace,1048576,0.000170375439
mod_ptrace,1048576,0.000140146571
mod_ptrace,1048576,0.000160574287
mod_ptrace,1048576,0.000147621569
mod_ptrace,1048576,0.000141678829
mod_ptrace,1048576,0.000144856502
mod_ptrace,1048576,0.000139973097
mod_ptrace,1048576,0.000148880034
mod_ptrace,1048576,0.000140968928
mod_ptrace,1048576,0.000142668461
mod_ptrace,1048576,0.000138760122
mod_ptrace,1048576,0.000152866109
mod_ptrace,1048576,0.000160997486
mod_ptrace,1048576,0.000144125806
mod_ptrace,1048576,0.000150834414
mod_ptrace,1048576,0.000141161887
mod_ptrace,1048576,0.000138950752
mod_ptrace,1048576,0.000148936058
mod_ptrace,1048576,0.000150837819
mod_ptrace,1048576,0.00014171371
mod_ptrace,1048576,0.000179632683
mod_ptrace,1048576,0.000141440454
mod_ptrace,1048576,0.000148462568
mod_ptrace,1048576,0.000193338812
mod_ptrace,1048576,0.000142919976
mod_ptrace,1048576,0.000152213848
mod_ptrace,1048576,0.000150761814
mod_ptrace,1048576,0.000149901505
mod_ptrace,1048576,0.000151976972
mod_ptrace,1048576,0.000152663866
mod_ptrace,1048576,0.000151878281
mod_ptrace,1048576,0.000156991489
mod_ptrace,1048576,0.000148764855
mod_ptrace,1048576,0.000144989259
mod_ptrace,1048576,0.000151692671
mod_ptrace,1048576,0.00014820823
mod_ptrace,1048576,0.000160021213
mod_ptrace,1048576,0.000143730824
mod_ptrace,1048576,0.000153552799
mod_ptrace,1048576,0.000193776679
mod_ptrace,1048576,0.000163284363
mod_ptrace,1048576,0.000153624977
mod_ptrace,1048576,0.000159709525
mod_ptrace,1048576,0.000145051687
mod_ptrace,1048576,0.00014383324
mod_ptrace,1048576,0.000160118318
mod_ptrace,1048576,0.000154497728
mod_ptrace,1048576,0.000150970984
mod_ptrace,1048576,0.000149406667
mod_ptrace,1048576,0.000143660334
mod_ptrace,1048576,0.000154028443
mod_ptrace,1048576,0.000149227213
mod_ptrace,1048576,0.000150297492
mod_ptrace,1048576,0.00018671705
mod_ptrace,1048576,0.000154393478
mod_ptrace,1048576,0.000141194701
mod_ptrace,1048576,0.000191189771
mod_ptrace,1048576,0.000142785706
mod_ptrace,1048576,0.000143062847
mod_ptrace,1048576,0.000151605564
mod_ptrace,1048576,0.000151407541
mod_ptrace,1048576,0.000160505282
mod_kvm,65536,6.284248e-06
mod_kvm,65536,6.333793e-06
mod_kvm,65536,6.325383e-06
mod_kvm,65536,6.459632e-06
mod_kvm,65536,9.431985e-06
mod_kvm,65536,9.351696e-06
mod_kvm,65536,6.360578e-06
mod_kvm,65536,6.32147e-06
mod_kvm,65536,6.482049e-06
mod_kvm,65536,6.452057e-06
mod_kvm,65536,6.310816e-06
mod_kvm,65536,6.340609e-06
mod_kvm,65536,6.382672e-06
mod_kvm,65536,6.405272e-06
mod_kvm,65536,6.730457e-06
mod_kvm,65536,6.38082e-06
mod_kvm,65536,6.329142e-06
mod_kvm,65536,6.399315e-06
mod_kvm,65536,6.318475e-06
mod_kvm,65536,6.359911e-06
mod_kvm,65536,6.329602e-06
mod_kvm,65536,6.375572e-06
mod_kvm,65536,8.229522e-06
mod_kvm,65536,6.345506e-06
mod_kvm,65536,6.324453e-06
mod_kvm,65536,8.409344e-06
mod_kvm,65536,6.328891e-06
mod_kvm,65536,7.638659e-06
mod_kvm,65536,6.376576e-06
mod_kvm,65536,6.499843e-06
mod_kvm,65536,6.361601e-06
mod_kvm,65536,6.42522e-06
mod_kvm,65536,6.485664e-06
mod_kvm,65536,6.352658e-06
mod_kvm,65536,9.142097e-06
mod_kvm,65536,6.393559e-06
mod_kvm,65536,6.431704e-06
mod_kvm,65536,8.966522e-06
mod_kvm,65536,6.337997e-06
mod_kvm,65536,6.349389e-06
mod_kvm,65536,6.422482e-06
mod_kvm,65536,6.394529e-06
mod_kvm,65536,7.03909e-06
mod_kvm,65536,9.166164e-06
mod_kvm,65536,6.539751e-06
mod_kvm,65536,6.401162e-06
mod_kvm,65536,6.489985e-06
mod_kvm,65536,6.347618e-06
mod_kvm,65536,8.684128e-06
mod_kvm,65536,6.319824e-06
mod_kvm,65536,6.37457e-06
mod_kvm,65536,7.407533e-06
mod_kvm,65536,6.35074e-06
mod_kvm,65536,9.402979e-06
mod_kvm,65536,6.347827e-06
mod_kvm,65536,6.321027e-06
mod_kvm,65536,6.302146e-06
mod_kvm,65536,6.475337e-06
mod_kvm,65536,6.522925e-06
mod_kvm,65536,6.329834e-06
mod_kvm,65536,7.208546e-06
mod_kvm,65536,6.355793e-06
mod_kvm,65536,6.492711e-06
mod_kvm,65536,6.508847e-06
mod_kvm,65536,6.351014e-06
mod_kvm,65536,7.255277e-06
mod_kvm,65536,6.541321e-06
mod_kvm,65536,6.469972e-06
mod_kvm,65536,6.349719e-06
mod_kvm,65536,6.501203e-06
mod_kvm,65536,6.419742e-06
mod_kvm,65536,6.340529e-06
mod_kvm,65536,6.368065e-06
mod_kvm,65536,6.347279e-06
mod_kvm,65536,6.354854e-06
mod_kvm,65536,6.523286e-06
mod_kvm,65536,6.501718e-06
mod_kvm,65536,6.356134e-06
mod_kvm,65536,6.318081e-06
mod_kvm,65536,6.37325e-06
mod_kvm,65536,6.526891e-06
mod_kvm,65536,6.360768e-06
mod_kvm,65536,6.389671e-06
mod_kvm,65536,6.49965e-06
mod_kvm,65536,6.333055e-06
mod_kvm,65536,6.332284e-06
mod_kvm,65536,6.395432e-06
mod_kvm,65536,6.449166e-06
mod_kvm,65536,6.536735e-06
mod_kvm,65536,6.324222e-06
mod_kvm,65536,1.0331553e-05
mod_kvm,65536,6.45085e-06
mod_kvm,65536,6.514495e-06
mod_kvm,65536,6.38282e-06
mod_kvm,65536,6.453142e-06
mod_kvm,65536,6.336578e-06
mod_kvm,65536,6.346882e-06
mod_kvm,65536,6.36523e-06
mod_kvm,65536,6.470636e-06
mod_kvm,65536,6.526881e-06
mod_ptrace,262144,4.2780084e-05
mod_ptrace,262144,3.7310001e-05
mod_ptrace,262144,3.5214525e-05
mod_ptrace,262144,3.7197562e-05
mod_ptrace,262144,4.0182098e-05
mod_ptrace,262144,4.066851e-05
mod_ptrace,262144,3.9320541e-05
mod_ptrace,262144,3.5194713e-05
mod_ptrace,262144,3.5297169e-05
mod_ptrace,262144,3.6932874e-05
mod_ptrace,262144,4.0803181e-05
mod_ptrace,262144,3.5753972e-05
mod_ptrace,262144,3.6184974e-05
mod_ptrace,262144,4.1225234e-05
mod_ptrace,262144,3.4619254e-05
mod_ptrace,262144,4.1632527e-05
mod_ptrace,262144,3.6808848e-05
mod_ptrace,262144,4.7757152e-05
mod_ptrace,262144,3.6453399e-05
mod_ptrace,262144,4.1512176e-05
mod_ptrace,262144,3.9257797e-05
mod_ptrace,262144,3.5753397e-05
mod_ptrace,262144,3.9469203e-05
mod_ptrace,262144,3.9885395e-05
mod_ptrace,262144,3.9608298e-05
mod_ptrace,262144,3.5673856e-05
mod_ptrace,262144,4.0324554e-05
mod_ptrace,262144,3.6671041e-05
mod_ptrace,262144,3.585868e-05
mod_ptrace,262144,3.6257206e-05
mod_ptrace,262144,3.6612539e-05
mod_ptrace,262144,3.5262834e-05
mod_ptrace,262144,3.6045138e-05
mod_ptrace,262144,3.6218644e-05
mod_ptrace,262144,4.0386443e-05
mod_ptrace,262144,3.9536979e-05
mod_ptrace,262144,3.6639005e-05
mod_ptrace,262144,4.3613072e-05
mod_ptrace,262144,3.971532e-05
mod_ptrace,262144,4.0320792e-05
mod_ptrace,262144,3.6237096e-05
mod_ptrace,262144,3.693606e-05
mod_ptrace,262144,3.6044577e-05
mod_ptrace,262144,4.1459149e-05
mod_ptrace,262144,3.6813246e-05
mod_ptrace,262144,3.6432972e-05
mod_ptrace,262144,3.5350902e-05
mod_ptrace,262144,3.9498977e-05
mod_ptrace,262144,3.5280154e-05
mod_ptrace,262144,3.8546663e-05
mod_ptrace,262144,3.9330429e-05
mod_ptrace,262144,3.5504039e-05
mod_ptrace,262144,4.3098429e-05
mod_ptrace,262144,3.5072579e-05
mod_ptrace,262144,3.65817e-05
mod_ptrace,262144,3.794314e-05
mod_ptrace,262144,3.6908863e-05
mod_ptrace,262144,4.0821014e-05
mod_ptrace,262144,3.9095034e-05
mod_ptrace,262144,4.7270198e-05
mod_ptrace,262144,4.1383566e-05
mod_ptrace,262144,4.3021355e-05
mod_ptrace,262144,3.619889e-05
mod_ptrace,262144,4.064558e-05
mod_ptrace,262144,3.952119e-05
mod_ptrace,262144,3.7169695e-05
mod_ptrace,262144,4.0343366e-05
mod_ptrace,262144,4.3532367e-05
mod_ptrace,262144,4.0447874e-05
mod_ptrace,262144,3.737821e-05
mod_ptrace,262144,3.7077094e-05
mod_ptrace,262144,3.5914083e-05
mod_ptrace,262144,3.6746911e-05
mod_ptrace,262144,4.1895593e-05
mod_ptrace,262144,3.6407877e-05
mod_ptrace,262144,3.9768511e-05
mod_ptrace,262144,3.6167898e-05
mod_ptrace,262144,3.6603589e-05
mod_ptrace,262144,3.4446679e-05
mod_ptrace,262144,3.7899979e-05
mod_ptrace,262144,3.9769369e-05
mod_ptrace,262144,4.2427637e-05
mod_ptrace,262144,3.7234622e-05
mod_ptrace,262144,3.4223849e-05
mod_ptrace,262144,4.4064269e-05
mod_ptrace,262144,4.0782041e-05
mod_ptrace,262144,3.6741418e-05
mod_ptrace,262144,4.0445208e-05
mod_ptrace,262144,4.3510281e-05
mod_ptrace,262144,3.6946472e-05
mod_ptrace,262144,3.6775113e-05
mod_ptrace,262144,3.7832848e-05
mod_ptrace,262144,3.9762181e-05
mod_ptrace,262144,4.8570804e-05
mod_ptrace,262144,3.6343419e-05
mod_ptrace,262144,3.787821e-05
mod_ptrace,262144,3.5625559e-05
mod_ptrace,262144,4.124262e-05
mod_ptrace,262144,3.8065456e-05
mod_ptrace,262144,3.4534878e-05
mod_kvm,16384,2.380719e-06
mod_kvm,16384,2.338207e-06
mod_kvm,16384,2.18781e-06
mod_kvm,16384,2.131005e-06
mod_kvm,16384,2.104369e-06
mod_kvm,16384,2.431602e-06
mod_kvm,16384,2.114063e-06
mod_kvm,16384,2.156887e-06
mod_kvm,16384,2.165348e-06
mod_kvm,16384,2.175337e-06
mod_kvm,16384,2.171689e-06
mod_kvm,16384,2.119064e-06
mod_kvm,16384,2.143468e-06
mod_kvm,16384,2.15325e-06
mod_kvm,16384,2.776481e-06
mod_kvm,16384,2.552461e-06
mod_kvm,16384,2.137146e-06
mod_kvm,16384,2.512386e-06
mod_kvm,16384,2.1815e-06
mod_kvm,16384,2.126485e-06
mod_kvm,16384,2.513167e-06
mod_kvm,16384,2.189714e-06
mod_kvm,16384,2.428615e-06
mod_kvm,16384,2.444219e-06
mod_kvm,16384,2.156208e-06
mod_kvm,16384,2.212155e-06
mod_kvm,16384,2.12855e-06
mod_kvm,16384,2.42547e-06
mod_kvm,16384,2.501053e-06
mod_kvm,16384,2.149386e-06
mod_kvm,16384,2.164443e-06
mod_kvm,16384,2.175232e-06
mod_kvm,16384,2.178838e-06
mod_kvm,16384,2.181703e-06
mod_kvm,16384,2.398507e-06
mod_kvm,16384,2.415547e-06
mod_kvm,16384,2.163598e-06
mod_kvm,16384,2.187599e-06
mod_kvm,16384,2.119002e-06
mod_kvm,16384,2.136045e-06
mod_kvm,16384,2.13465e-06
mod_kvm,16384,2.21412e-06
mod_kvm,16384,2.136532e-06
mod_kvm,16384,2.173779e-06
mod_kvm,16384,2.128297e-06
mod_kvm,16384,2.139796e-06
mod_kvm,16384,2.115576e-06
mod_kvm,16384,2.155372e-06
mod_kvm,16384,2.168266e-06
mod_kvm,16384,2.11114e-06
mod_kvm,16384,2.150111e-06
mod_kvm,16384,2.118374e-06
mod_kvm,16384,2.563881e-06
mod_kvm,16384,2.1805e-06
mod_kvm,16384,2.182071e-06
mod_kvm,16384,2.144806e-06
mod_kvm,16384,2.147183e-06
mod_kvm,16384,2.161503e-06
mod_kvm,16384,2.182078e-06
mod_kvm,16384,2.126991e-06
mod_kvm,16384,2.367312e-06
mod_kvm,16384,2.164175e-06
mod_kvm,16384,2.130588e-06
mod_kvm,16384,2.159782e-06
mod_kvm,16384,2.455065e-06
mod_kvm,16384,2.140541e-06
mod_kvm,16384,2.109326e-06
mod_kvm,16384,2.140763e-06
mod_kvm,16384,2.10701e-06
mod_kvm,16384,2.118658e-06
mod_kvm,16384,2.121723e-06
mod_kvm,16384,2.139312e-06
mod_kvm,16384,2.120473e-06
mod_kvm,16384,2.210328e-06
mod_kvm,16384,2.211889e-06
mod_kvm,16384,2.258442e-06
mod_kvm,16384,2.186227e-06
mod_kvm,16384,2.16669e-06
mod_kvm,16384,2.178356e-06
mod_kvm,16384,2.406177e-06
mod_kvm,16384,2.113121e-06
mod_kvm,16384,2.143496e-06
mod_kvm,16384,2.419715e-06
mod_kvm,16384,2.148404e-06
mod_kvm,16384,2.186066e-06
mod_kvm,16384,2.114045e-06
mod_kvm,16384,2.150445e-06
mod_kvm,16384,2.177434e-06
mod_kvm,16384,2.180285e-06
mod_kvm,16384,2.170614e-06
mod_kvm,16384,2.463278e-06
mod_kvm,16384,2.182645e-06
mod_kvm,16384,2.136676e-06
mod_kvm,16384,2.127264e-06
mod_kvm,16384,2.165468e-06
mod_kvm,16384,2.16924e-06
mod_kvm,16384,2.176865e-06
mod_kvm,16384,2.133265e-06
mod_kvm,16384,2.433597e-06
mod_kvm,16384,2.540007e-06
runc,4096,1.330113e-06
runc,4096,1.371928e-06
runc,4096,1.153662e-06
runc,4096,1.144355e-06
runc,4096,1.13153e-06
runc,4096,1.307884e-06
runc,4096,1.375319e-06
runc,4096,1.291692e-06
runc,4096,1.312801e-06
runc,4096,1.318475e-06
runc,4096,1.310152e-06
runc,4096,1.31984e-06
runc,4096,1.362265e-06
runc,4096,1.301607e-06
runc,4096,1.318742e-06
runc,4096,1.447663e-06
runc,4096,1.29051e-06
runc,4096,1.335856e-06
runc,4096,1.375634e-06
runc,4096,1.284349e-06
runc,4096,1.370195e-06
runc,4096,1.129459e-06
runc,4096,1.22549e-06
runc,4096,1.133503e-06
runc,4096,1.126272e-06
runc,4096,1.13084e-06
runc,4096,1.139315e-06
runc,4096,1.130018e-06
runc,4096,1.149148e-06
runc,4096,1.137545e-06
runc,4096,1.155983e-06
runc,4096,1.108723e-06
runc,4096,1.179288e-06
runc,4096,1.143038e-06
runc,4096,1.298605e-06
runc,4096,1.318909e-06
runc,4096,1.363931e-06
runc,4096,1.290062e-06
runc,4096,1.391968e-06
runc,4096,1.294817e-06
runc,4096,1.378919e-06
runc,4096,1.280446e-06
runc,4096,1.466704e-06
runc,4096,1.094255e-06
runc,4096,1.304071e-06
runc,4096,1.311461e-06
runc,4096,1.394247e-06
runc,4096,1.283556e-06
runc,4096,1.374922e-06
runc,4096,1.138037e-06
runc,4096,1.135133e-06
runc,4096,1.283547e-06
runc,4096,1.285858e-06
runc,4096,1.34425e-06
runc,4096,1.130122e-06
runc,4096,1.1208e-06
runc,4096,1.292059e-06
runc,4096,1.386044e-06
runc,4096,1.297887e-06
runc,4096,1.31731e-06
runc,4096,1.380583e-06
runc,4096,1.261798e-06
runc,4096,1.366143e-06
runc,4096,1.282118e-06
runc,4096,1.290984e-06
runc,4096,1.453141e-06
runc,4096,1.30715e-06
runc,4096,1.336009e-06
runc,4096,1.379897e-06
runc,4096,1.134647e-06
runc,4096,1.138589e-06
runc,4096,1.140377e-06
runc,4096,1.310103e-06
runc,4096,1.372136e-06
runc,4096,1.133998e-06
runc,4096,1.304006e-06
runc,4096,1.373163e-06
runc,4096,1.158874e-06
runc,4096,1.302065e-06
runc,4096,1.29841e-06
runc,4096,1.32595e-06
runc,4096,1.382502e-06
runc,4096,1.116581e-06
runc,4096,1.120173e-06
runc,4096,1.297337e-06
runc,4096,1.371613e-06
runc,4096,1.292068e-06
runc,4096,1.314474e-06
runc,4096,1.353071e-06
runc,4096,1.391559e-06
runc,4096,1.115816e-06
runc,4096,1.11918e-06
runc,4096,1.232672e-06
runc,4096,1.293303e-06
runc,4096,1.372078e-06
runc,4096,1.281166e-06
runc,4096,1.398486e-06
runc,4096,1.143243e-06
runc,4096,1.290383e-06
runc,4096,1.371244e-06
bare,262144,3.7630485e-05
bare,262144,3.8955426e-05
bare,262144,3.7991707e-05
bare,262144,3.7159771e-05
bare,262144,3.8476061e-05
bare,262144,3.9336232e-05
bare,262144,3.8523347e-05
bare,262144,3.7765269e-05
bare,262144,3.8850485e-05
bare,262144,3.8559218e-05
bare,262144,3.8351536e-05
bare,262144,3.8409671e-05
bare,262144,3.8348175e-05
bare,262144,3.8322811e-05
bare,262144,3.7749174e-05
bare,262144,3.8515391e-05
bare,262144,5.2997089e-05
bare,262144,3.8587204e-05
bare,262144,3.8859478e-05
bare,262144,3.9008046e-05
bare,262144,3.87976e-05
bare,262144,3.8936727e-05
bare,262144,3.9147402e-05
bare,262144,5.3702202e-05
bare,262144,3.9749259e-05
bare,262144,3.7129837e-05
bare,262144,3.7468795e-05
bare,262144,5.3723979e-05
bare,262144,3.9681719e-05
bare,262144,3.7375583e-05
bare,262144,3.7239424e-05
bare,262144,3.8579758e-05
bare,262144,3.9512281e-05
bare,262144,3.9040562e-05
bare,262144,5.2733019e-05
bare,262144,4.0839172e-05
bare,262144,3.9677951e-05
bare,262144,3.7341972e-05
bare,262144,3.791742e-05
bare,262144,3.8511229e-05
bare,262144,3.9704239e-05
bare,262144,3.8598861e-05
bare,262144,5.3864838e-05
bare,262144,3.9476734e-05
bare,262144,5.2681517e-05
bare,262144,4.3826141e-05
bare,262144,3.897764e-05
bare,262144,5.3182168e-05
bare,262144,3.8378585e-05
bare,262144,3.8321567e-05
bare,262144,3.7736667e-05
bare,262144,3.9903582e-05
bare,262144,3.8548522e-05
bare,262144,3.741305e-05
bare,262144,3.9573897e-05
bare,262144,3.9521718e-05
bare,262144,3.8207432e-05
bare,262144,3.8659218e-05
bare,262144,5.3047486e-05
bare,262144,3.9585782e-05
bare,262144,3.8009912e-05
bare,262144,3.861856e-05
bare,262144,3.7260827e-05
bare,262144,3.8201124e-05
bare,262144,3.9913011e-05
bare,262144,3.8277954e-05
bare,262144,3.8779101e-05
bare,262144,3.8841808e-05
bare,262144,3.7396003e-05
bare,262144,3.79837e-05
bare,262144,3.8679242e-05
bare,262144,3.7523107e-05
bare,262144,3.7390815e-05
bare,262144,3.7617865e-05
bare,262144,3.8548358e-05
bare,262144,3.7814771e-05
bare,262144,5.3876098e-05
bare,262144,3.9252158e-05
bare,262144,3.8514787e-05
bare,262144,3.8112626e-05
bare,262144,3.8960909e-05
bare,262144,3.8060924e-05
bare,262144,3.8653299e-05
bare,262144,3.9044702e-05
bare,262144,3.7374073e-05
bare,262144,3.9064456e-05
bare,262144,3.8778977e-05
bare,262144,3.8110236e-05
bare,262144,3.8055881e-05
bare,262144,3.8195256e-05
bare,262144,3.7231326e-05
bare,262144,3.8208298e-05
bare,262144,3.8400347e-05
bare,262144,3.9141505e-05
bare,262144,3.7195779e-05
bare,262144,3.941558e-05
bare,262144,3.8948456e-05
bare,262144,3.836524e-05
bare,262144,3.7833946e-05
bare,262144,3.8329199e-05
runsc_ptrace,262144,6.400056e-05
runsc_ptrace,262144,5.9056201e-05
runsc_ptrace,262144,6.3431231e-05
runsc_ptrace,262144,6.3955973e-05
runsc_ptrace,262144,5.5790413e-05
runsc_ptrace,262144,6.3616055e-05
runsc_ptrace,262144,6.2454288e-05
runsc_ptrace,262144,5.9256679e-05
runsc_ptrace,262144,5.6427001e-05
runsc_ptrace,262144,6.5701912e-05
runsc_ptrace,262144,6.342589e-05
runsc_ptrace,262144,6.1184393e-05
runsc_ptrace,262144,5.4521486e-05
runsc_ptrace,262144,5.8361478e-05
runsc_ptrace,262144,5.6389097e-05
runsc_ptrace,262144,6.5413464e-05
runsc_ptrace,262144,6.5170323e-05
runsc_ptrace,262144,5.5633434e-05
runsc_ptrace,262144,6.3479645e-05
runsc_ptrace,262144,6.2959611e-05
runsc_ptrace,262144,6.0680915e-05
runsc_ptrace,262144,6.258981e-05
runsc_ptrace,262144,6.6072418e-05
runsc_ptrace,262144,6.6425884e-05
runsc_ptrace,262144,6.5598942e-05
runsc_ptrace,262144,6.3376734e-05
runsc_ptrace,262144,5.8454949e-05
runsc_ptrace,262144,6.4041647e-05
runsc_ptrace,262144,6.5525397e-05
runsc_ptrace,262144,6.0108625e-05
runsc_ptrace,262144,5.4189986e-05
runsc_ptrace,262144,6.513128e-05
runsc_ptrace,262144,6.380018e-05
runsc_ptrace,262144,5.6324516e-05
runsc_ptrace,262144,6.3143103e-05
runsc_ptrace,262144,5.7039757e-05
runsc_ptrace,262144,6.5001463e-05
runsc_ptrace,262144,6.3589345e-05
runsc_ptrace,262144,6.5682027e-05
runsc_ptrace,262144,5.9993905e-05
runsc_ptrace,262144,5.4244323e-05
runsc_ptrace,262144,5.6703051e-05
runsc_ptrace,262144,5.5937282e-05
runsc_ptrace,262144,6.3278676e-05
runsc_ptrace,262144,6.3078973e-05
runsc_ptrace,262144,6.0075254e-05
runsc_ptrace,262144,6.3547057e-05
runsc_ptrace,262144,6.4159147e-05
runsc_ptrace,262144,6.3323358e-05
runsc_ptrace,262144,6.549972e-05
runsc_ptrace,262144,5.9921931e-05
runsc_ptrace,262144,6.3953426e-05
runsc_ptrace,262144,6.3457657e-05
runsc_ptrace,262144,5.4542274e-05
runsc_ptrace,262144,6.3570471e-05
runsc_ptrace,262144,5.797041e-05
runsc_ptrace,262144,5.7590798e-05
runsc_ptrace,262144,5.6818124e-05
runsc_ptrace,262144,5.8291076e-05
runsc_ptrace,262144,6.4532229e-05
runsc_ptrace,262144,6.0791383e-05
runsc_ptrace,262144,5.898991e-05
runsc_ptrace,262144,6.1528903e-05
runsc_ptrace,262144,5.8823673e-05
runsc_ptrace,262144,6.4583008e-05
runsc_ptrace,262144,6.3302105e-05
runsc_ptrace,262144,6.320588e-05
runsc_ptrace,262144,6.7405097e-05
runsc_ptrace,262144,6.4676264e-05
runsc_ptrace,262144,5.4874781e-05
runsc_ptrace,262144,6.1546853e-05
runsc_ptrace,262144,6.4006374e-05
runsc_ptrace,262144,6.3949992e-05
runsc_ptrace,262144,5.7789497e-05
runsc_ptrace,262144,6.4193802e-05
runsc_ptrace,262144,6.4273045e-05
runsc_ptrace,262144,6.5120847e-05
runsc_ptrace,262144,5.7684334e-05
runsc_ptrace,262144,5.9051803e-05
runsc_ptrace,262144,6.4549575e-05
runsc_ptrace,262144,5.9542708e-05
runsc_ptrace,262144,6.4007494e-05
runsc_ptrace,262144,6.3107836e-05
runsc_ptrace,262144,6.5431013e-05
runsc_ptrace,262144,5.4690023e-05
runsc_ptrace,262144,5.6454817e-05
runsc_ptrace,262144,6.3828709e-05
runsc_ptrace,262144,5.5993602e-05
runsc_ptrace,262144,5.8398018e-05
runsc_ptrace,262144,5.5473938e-05
runsc_ptrace,262144,5.9980222e-05
runsc_ptrace,262144,6.2541287e-05
runsc_ptrace,262144,5.659126e-05
runsc_ptrace,262144,6.3043182e-05
runsc_ptrace,262144,6.016027e-05
runsc_ptrace,262144,5.6792775e-05
runsc_ptrace,262144,5.7907786e-05
runsc_ptrace,262144,6.328657e-05
runsc_ptrace,262144,6.3836196e-05
runsc_ptrace,262144,6.1373088e-05
runsc_kvm,1048576,0.000208985482
runsc_kvm,1048576,0.000205183358
runsc_kvm,1048576,0.000221309267
runsc_kvm,1048576,0.000197813555
runsc_kvm,1048576,0.000225037205
runsc_kvm,1048576,0.000222185787
runsc_kvm,1048576,0.000205988661
runsc_kvm,1048576,0.000213791966
runsc_kvm,1048576,0.000194256674
runsc_kvm,1048576,0.000202190931
runsc_kvm,1048576,0.000226082921
runsc_kvm,1048576,0.000227811266
runsc_kvm,1048576,0.00020085978
runsc_kvm,1048576,0.000191381725
runsc_kvm,1048576,0.000198678841
runsc_kvm,1048576,0.000217385066
runsc_kvm,1048576,0.000196257635
runsc_kvm,1048576,0.000221973896
runsc_kvm,1048576,0.000220432441
runsc_kvm,1048576,0.000224873176
runsc_kvm,1048576,0.000225548574
runsc_kvm,1048576,0.000194046166
runsc_kvm,1048576,0.000219116846
runsc_kvm,1048576,0.000225852069
runsc_kvm,1048576,0.000208715588
runsc_kvm,1048576,0.000224917909
runsc_kvm,1048576,0.000223853014
runsc_kvm,1048576,0.000191884988
runsc_kvm,1048576,0.000192745603
runsc_kvm,1048576,0.000191987958
runsc_kvm,1048576,0.000208938509
runsc_kvm,1048576,0.000212310071
runsc_kvm,1048576,0.000224820731
runsc_kvm,1048576,0.000207732082
runsc_kvm,1048576,0.00022133044
runsc_kvm,1048576,0.000191173443
runsc_kvm,1048576,0.000223225827
runsc_kvm,1048576,0.000209118793
runsc_kvm,1048576,0.000224602831
runsc_kvm,1048576,0.000194207532
runsc_kvm,1048576,0.000222461356
runsc_kvm,1048576,0.000203269534
runsc_kvm,1048576,0.000218079018
runsc_kvm,1048576,0.000194262713
runsc_kvm,1048576,0.000204192664
runsc_kvm,1048576,0.000221253722
runsc_kvm,1048576,0.000225748838
runsc_kvm,1048576,0.000224139629
runsc_kvm,1048576,0.000199081187
runsc_kvm,1048576,0.000193192333
runsc_kvm,1048576,0.000197610279
runsc_kvm,1048576,0.000197597881
runsc_kvm,1048576,0.00019300713
runsc_kvm,1048576,0.000222443719
runsc_kvm,1048576,0.000223259805
runsc_kvm,1048576,0.000199580172
runsc_kvm,1048576,0.000196635461
runsc_kvm,1048576,0.000199250033
runsc_kvm,1048576,0.000224687974
runsc_kvm,1048576,0.000195610526
runsc_kvm,1048576,0.000198660913
runsc_kvm,1048576,0.000201321294
runsc_kvm,1048576,0.000219336245
runsc_kvm,1048576,0.000199604008
runsc_kvm,1048576,0.000205184246
runsc_kvm,1048576,0.000218433415
runsc_kvm,1048576,0.00019754711
runsc_kvm,1048576,0.000223833325
runsc_kvm,1048576,0.000204403026
runsc_kvm,1048576,0.000211833671
runsc_kvm,1048576,0.000221709735
runsc_kvm,1048576,0.00021040783
runsc_kvm,1048576,0.000194171924
runsc_kvm,1048576,0.000192897336
runsc_kvm,1048576,0.000222939314
runsc_kvm,1048576,0.0002160195
runsc_kvm,1048576,0.000192180654
runsc_kvm,1048576,0.000198138441
runsc_kvm,1048576,0.00022335547
runsc_kvm,1048576,0.000220572605
runsc_kvm,1048576,0.000194297958
runsc_kvm,1048576,0.000226402815
runsc_kvm,1048576,0.000218395202
runsc_kvm,1048576,0.000218906702
runsc_kvm,1048576,0.000208655896
runsc_kvm,1048576,0.000224303396
runsc_kvm,1048576,0.000223205789
runsc_kvm,1048576,0.000199908449
runsc_kvm,1048576,0.000195426313
runsc_kvm,1048576,0.000221309485
runsc_kvm,1048576,0.000218544898
runsc_kvm,1048576,0.000214363885
runsc_kvm,1048576,0.000223620751
runsc_kvm,1048576,0.000195051762
runsc_kvm,1048576,0.000207812584
runsc_kvm,1048576,0.000196291789
runsc_kvm,1048576,0.000225830634
runsc_kvm,1048576,0.000219334557
runsc_kvm,1048576,0.000222099203
runsc_kvm,1048576,0.00022070526
runc,65536,1.2659452e-05
runc,65536,1.2490999e-05
runc,65536,1.0963805e-05
runc,65536,1.004061e-05
runc,65536,1.2211966e-05
runc,65536,1.1001599e-05
runc,65536,9.913367e-06
runc,65536,1.0166256e-05
runc,65536,1.2522994e-05
runc,65536,1.1183919e-05
runc,65536,9.853788e-06
runc,65536,9.878515e-06
runc,65536,1.0173784e-05
runc,65536,9.888206e-06
runc,65536,1.2514484e-05
runc,65536,1.2307802e-05
runc,65536,1.2386192e-05
runc,65536,1.2282743e-05
runc,65536,1.2702492e-05
runc,65536,1.2324987e-05
runc,65536,1.2603721e-05
runc,65536,1.0898416e-05
runc,65536,1.0846901e-05
runc,65536,1.229954e-05
runc,65536,1.0972434e-05
runc,65536,1.2334404e-05
runc,65536,1.0979686e-05
runc,65536,1.0025431e-05
runc,65536,1.2358109e-05
runc,65536,1.2279731e-05
runc,65536,1.2252382e-05
runc,65536,1.112625e-05
runc,65536,1.2368883e-05
runc,65536,1.125464e-05
runc,65536,1.2344428e-05
runc,65536,1.2413147e-05
runc,65536,1.2306011e-05
runc,65536,1.0859458e-05
runc,65536,1.0263716e-05
runc,65536,1.235869e-05
runc,65536,1.2442461e-05
runc,65536,1.2497568e-05
runc,65536,1.2278259e-05
runc,65536,1.0928622e-05
runc,65536,1.2289095e-05
runc,65536,1.0909173e-05
runc,65536,1.315705e-05
runc,65536,1.1148968e-05
runc,65536,1.3326955e-05
runc,65536,1.2426532e-05
runc,65536,1.0926145e-05
runc,65536,1.2869953e-05
runc,65536,1.0896805e-05
runc,65536,1.2237506e-05
runc,65536,1.1020747e-05
runc,65536,9.870409e-06
runc,65536,1.0424737e-05
runc,65536,9.816283e-06
runc,65536,1.0466605e-05
runc,65536,1.2271144e-05
runc,65536,1.1768544e-05
runc,65536,9.884508e-06
runc,65536,1.2520993e-05
runc,65536,1.1084787e-05
runc,65536,1.0182423e-05
runc,65536,1.0091484e-05
runc,65536,1.2667262e-05
runc,65536,1.1768394e-05
runc,65536,1.2565398e-05
runc,65536,1.2302918e-05
runc,65536,1.087322e-05
runc,65536,1.0568691e-05
runc,65536,9.865734e-06
runc,65536,1.267091e-05
runc,65536,1.2418945e-05
runc,65536,1.0979509e-05
runc,65536,1.2208045e-05
runc,65536,1.2293246e-05
runc,65536,1.0943812e-05
runc,65536,1.2760139e-05
runc,65536,1.0957261e-05
runc,65536,9.904057e-06
runc,65536,1.2329626e-05
runc,65536,1.2346612e-05
runc,65536,1.2569141e-05
runc,65536,1.2338823e-05
runc,65536,1.1214493e-05
runc,65536,9.975707e-06
runc,65536,1.2272872e-05
runc,65536,1.2320291e-05
runc,65536,1.0846566e-05
runc,65536,9.991425e-06
runc,65536,1.2304027e-05
runc,65536,1.233649e-05
runc,65536,1.1212369e-05
runc,65536,9.767869e-06
runc,65536,9.919296e-06
runc,65536,1.237032e-05
runc,65536,1.1117299e-05
runc,65536,1.0135678e-05
runsc_ptrace,4096,1.5404272e-05
runsc_ptrace,4096,1.5219064e-05
runsc_ptrace,4096,1.5162464e-05
runsc_ptrace,4096,1.5104445e-05
runsc_ptrace,4096,1.4969703e-05
runsc_ptrace,4096,1.5720827e-05
runsc_ptrace,4096,1.5229166e-05
runsc_ptrace,4096,1.5071338e-05
runsc_ptrace,4096,1.4970595e-05
runsc_ptrace,4096,1.4951093e-05
runsc_ptrace,4096,1.523226e-05
runsc_ptrace,4096,1.5296431e-05
runsc_ptrace,4096,1.4911796e-05
runsc_ptrace,4096,1.4990591e-05
runsc_ptrace,4096,1.4842719e-05
runsc_ptrace,4096,1.6259117e-05
runsc_ptrace,4096,1.4987841e-05
runsc_ptrace,4096,1.5771078e-05
runsc_ptrace,4096,1.6655571e-05
runsc_ptrace,4096,1.5490325e-05
runsc_ptrace,4096,1.5117692e-05
runsc_ptrace,4096,1.5027602e-05
runsc_ptrace,4096,1.5255168e-05
runsc_ptrace,4096,1.5230617e-05
runsc_ptrace,4096,1.5594924e-05
runsc_ptrace,4096,1.5134535e-05
runsc_ptrace,4096,1.547355e-05
runsc_ptrace,4096,1.4899691e-05
runsc_ptrace,4096,1.5294125e-05
runsc_ptrace,4096,1.5908778e-05
runsc_ptrace,4096,1.5027027e-05
runsc_ptrace,4096,1.6199432e-05
runsc_ptrace,4096,1.5373147e-05
runsc_ptrace,4096,1.5512062e-05
runsc_ptrace,4096,1.5393474e-05
runsc_ptrace,4096,1.5160588e-05
runsc_ptrace,4096,1.6136011e-05
runsc_ptrace,4096,1.5129643e-05
runsc_ptrace,4096,1.5062745e-05
runsc_ptrace,4096,1.5280611e-05
runsc_ptrace,4096,1.5453814e-05
runsc_ptrace,4096,1.5059188e-05
runsc_ptrace,4096,1.4987964e-05
runsc_ptrace,4096,1.537211e-05
runsc_ptrace,4096,1.5344642e-05
runsc_ptrace,4096,1.5645232e-05
runsc_ptrace,4096,1.5304036e-05
runsc_ptrace,4096,1.5193916e-05
runsc_ptrace,4096,1.6311622e-05
runsc_ptrace,4096,1.535439e-05
runsc_ptrace,4096,1.5498848e-05
runsc_ptrace,4096,1.5241482e-05
runsc_ptrace,4096,1.510791e-05
runsc_ptrace,4096,1.5098177e-05
runsc_ptrace,4096,1.5121927e-05
runsc_ptrace,4096,1.5028038e-05
runsc_ptrace,4096,1.5307489e-05
runsc_ptrace,4096,1.5923146e-05
runsc_ptrace,4096,1.5296933e-05
runsc_ptrace,4096,1.520957e-05
runsc_ptrace,4096,1.5114164e-05
runsc_ptrace,4096,1.5138418e-05
runsc_ptrace,4096,1.513006e-05
runsc_ptrace,4096,1.4959818e-05
runsc_ptrace,4096,1.5112224e-05
runsc_ptrace,4096,1.5236386e-05
runsc_ptrace,4096,1.5250961e-05
runsc_ptrace,4096,1.577174e-05
runsc_ptrace,4096,1.6663202e-05
runsc_ptrace,4096,1.5264814e-05
runsc_ptrace,4096,1.4761278e-05
runsc_ptrace,4096,1.6191718e-05
runsc_ptrace,4096,1.5257343e-05
runsc_ptrace,4096,1.5737674e-05
runsc_ptrace,4096,1.5265121e-05
runsc_ptrace,4096,1.4949423e-05
runsc_ptrace,4096,1.4948581e-05
runsc_ptrace,4096,1.5047031e-05
runsc_ptrace,4096,1.5255666e-05
runsc_ptrace,4096,1.5997855e-05
runsc_ptrace,4096,1.5129343e-05
runsc_ptrace,4096,1.5151193e-05
runsc_ptrace,4096,1.5376914e-05
runsc_ptrace,4096,1.5053824e-05
runsc_ptrace,4096,1.4849286e-05
runsc_ptrace,4096,1.5100996e-05
runsc_ptrace,4096,1.5343023e-05
runsc_ptrace,4096,1.4924185e-05
runsc_ptrace,4096,1.5188546e-05
runsc_ptrace,4096,1.5358184e-05
runsc_ptrace,4096,1.529226e-05
runsc_ptrace,4096,1.5118842e-05
runsc_ptrace,4096,1.4987551e-05
runsc_ptrace,4096,1.5102642e-05
runsc_ptrace,4096,1.6451822e-05
runsc_ptrace,4096,1.5033053e-05
runsc_ptrace,4096,1.5037816e-05
runsc_ptrace,4096,1.5310668e-05
runsc_ptrace,4096,1.5516967e-05
runsc_ptrace,4096,1.5259857e-05
runsc_ptrace,16384,1.7107983e-05
runsc_ptrace,16384,1.7268341e-05
runsc_ptrace,16384,1.780284e-05
runsc_ptrace,16384,1.7824352e-05
runsc_ptrace,16384,1.8977391e-05
runsc_ptrace,16384,1.7622469e-05
runsc_ptrace,16384,1.7353421e-05
runsc_ptrace,16384,1.7632741e-05
runsc_ptrace,16384,1.8002542e-05
runsc_ptrace,16384,1.6944668e-05
runsc_ptrace,16384,1.6952477e-05
runsc_ptrace,16384,1.7600221e-05
runsc_ptrace,16384,2.0123713e-05
runsc_ptrace,16384,1.7462458e-05
runsc_ptrace,16384,1.7616807e-05
runsc_ptrace,16384,1.8618273e-05
runsc_ptrace,16384,1.752151e-05
runsc_ptrace,16384,1.7905109e-05
runsc_ptrace,16384,1.7896826e-05
runsc_ptrace,16384,1.9776782e-05
runsc_ptrace,16384,1.7357397e-05
runsc_ptrace,16384,1.7622082e-05
runsc_ptrace,16384,1.7710367e-05
runsc_ptrace,16384,1.7707493e-05
runsc_ptrace,16384,1.7657574e-05
runsc_ptrace,16384,1.7768003e-05
runsc_ptrace,16384,1.7624723e-05
runsc_ptrace,16384,1.826452e-05
runsc_ptrace,16384,1.7373844e-05
runsc_ptrace,16384,1.7812989e-05
runsc_ptrace,16384,1.7486695e-05
runsc_ptrace,16384,1.8417491e-05
runsc_ptrace,16384,1.7542052e-05
runsc_ptrace,16384,1.7869988e-05
runsc_ptrace,16384,1.6764312e-05
runsc_ptrace,16384,1.8114588e-05
runsc_ptrace,16384,1.7279861e-05
runsc_ptrace,16384,1.8039096e-05
runsc_ptrace,16384,1.6980412e-05
runsc_ptrace,16384,1.827451e-05
runsc_ptrace,16384,1.8350889e-05
runsc_ptrace,16384,1.7880551e-05
runsc_ptrace,16384,1.8671317e-05
runsc_ptrace,16384,1.6998285e-05
runsc_ptrace,16384,1.7362196e-05
runsc_ptrace,16384,1.8837916e-05
runsc_ptrace,16384,1.7584145e-05
runsc_ptrace,16384,1.8730454e-05
runsc_ptrace,16384,1.7502658e-05
runsc_ptrace,16384,1.7821842e-05
runsc_ptrace,16384,1.743175e-05
runsc_ptrace,16384,1.9420286e-05
runsc_ptrace,16384,1.8165863e-05
runsc_ptrace,16384,1.7562654e-05
runsc_ptrace,16384,1.8146975e-05
runsc_ptrace,16384,1.7433189e-05
runsc_ptrace,16384,1.7737118e-05
runsc_ptrace,16384,1.7926544e-05
runsc_ptrace,16384,1.6879885e-05
runsc_ptrace,16384,1.7033621e-05
runsc_ptrace,16384,1.6786758e-05
runsc_ptrace,16384,1.7530258e-05
runsc_ptrace,16384,1.7884557e-05
runsc_ptrace,16384,1.7044353e-05
runsc_ptrace,16384,1.8437258e-05
runsc_ptrace,16384,1.7763743e-05
runsc_ptrace,16384,1.7390767e-05
runsc_ptrace,16384,1.7748001e-05
runsc_ptrace,16384,1.6901877e-05
runsc_ptrace,16384,1.7615306e-05
runsc_ptrace,16384,1.804034e-05
runsc_ptrace,16384,1.7824505e-05
runsc_ptrace,16384,1.6608397e-05
runsc_ptrace,16384,1.8931405e-05
runsc_ptrace,16384,1.8487537e-05
runsc_ptrace,16384,1.8212713e-05
runsc_ptrace,16384,1.743455e-05
runsc_ptrace,16384,1.8590095e-05
runsc_ptrace,16384,1.8418747e-05
runsc_ptrace,16384,1.7858463e-05
runsc_ptrace,16384,1.7760292e-05
runsc_ptrace,16384,1.7000091e-05
runsc_ptrace,16384,1.7661258e-05
runsc_ptrace,16384,1.7514933e-05
runsc_ptrace,16384,1.8136694e-05
runsc_ptrace,16384,1.8227815e-05
runsc_ptrace,16384,1.7768256e-05
runsc_ptrace,16384,1.8325905e-05
runsc_ptrace,16384,1.7643128e-05
runsc_ptrace,16384,1.7440589e-05
runsc_ptrace,16384,1.744516e-05
runsc_ptrace,16384,1.7566177e-05
runsc_ptrace,16384,1.8251661e-05
runsc_ptrace,16384,1.8190955e-05
runsc_ptrace,16384,1.8173057e-05
runsc_ptrace,16384,1.7471506e-05
runsc_ptrace,16384,1.7916111e-05
runsc_ptrace,16384,1.6992113e-05
runsc_ptrace,16384,1.7079912e-05
runsc_ptrace,16384,1.8795674e-05
runsc_kvm,262144,5.0687438e-05
runsc_kvm,262144,5.5671615e-05
runsc_kvm,262144,5.7446268e-05
runsc_kvm,262144,5.0059967e-05
runsc_kvm,262144,5.1024104e-05
runsc_kvm,262144,5.7931797e-05
runsc_kvm,262144,5.1082341e-05
runsc_kvm,262144,5.9052767e-05
runsc_kvm,262144,5.4360666e-05
runsc_kvm,262144,5.497882e-05
runsc_kvm,262144,5.8411875e-05
runsc_kvm,262144,5.822739e-05
runsc_kvm,262144,5.4497188e-05
runsc_kvm,262144,5.1280695e-05
runsc_kvm,262144,5.6100154e-05
runsc_kvm,262144,5.8444508e-05
runsc_kvm,262144,5.9230995e-05
runsc_kvm,262144,5.7917376e-05
runsc_kvm,262144,5.0594106e-05
runsc_kvm,262144,5.3962369e-05
runsc_kvm,262144,5.6667919e-05
runsc_kvm,262144,5.5781551e-05
runsc_kvm,262144,5.3844546e-05
runsc_kvm,262144,5.5110646e-05
runsc_kvm,262144,5.8772846e-05
runsc_kvm,262144,5.9587062e-05
runsc_kvm,262144,5.0356899e-05
runsc_kvm,262144,6.0522059e-05
runsc_kvm,262144,5.4340559e-05
runsc_kvm,262144,5.8694459e-05
runsc_kvm,262144,5.4490702e-05
runsc_kvm,262144,6.0280447e-05
runsc_kvm,262144,5.7299014e-05
runsc_kvm,262144,5.2918309e-05
runsc_kvm,262144,5.4009161e-05
runsc_kvm,262144,5.7841658e-05
runsc_kvm,262144,5.0755774e-05
runsc_kvm,262144,5.7971374e-05
runsc_kvm,262144,5.6754074e-05
runsc_kvm,262144,5.3884949e-05
runsc_kvm,262144,5.5832737e-05
runsc_kvm,262144,5.021202e-05
runsc_kvm,262144,5.0644474e-05
runsc_kvm,262144,5.3793192e-05
runsc_kvm,262144,5.0545172e-05
runsc_kvm,262144,5.2450105e-05
runsc_kvm,262144,5.2492553e-05
runsc_kvm,262144,5.9045164e-05
runsc_kvm,262144,5.3423453e-05
runsc_kvm,262144,5.0549086e-05
runsc_kvm,262144,6.0449409e-05
runsc_kvm,262144,5.2459167e-05
runsc_kvm,262144,5.9302263e-05
runsc_kvm,262144,5.7807018e-05
runsc_kvm,262144,5.3658539e-05
runsc_kvm,262144,5.8915804e-05
runsc_kvm,262144,5.3912201e-05
runsc_kvm,262144,5.7862042e-05
runsc_kvm,262144,5.0366656e-05
runsc_kvm,262144,6.1171129e-05
runsc_kvm,262144,5.1787756e-05
runsc_kvm,262144,5.0372659e-05
runsc_kvm,262144,5.2089497e-05
runsc_kvm,262144,5.0707542e-05
runsc_kvm,262144,5.4865726e-05
runsc_kvm,262144,5.0097475e-05
runsc_kvm,262144,5.9074646e-05
runsc_kvm,262144,5.8353602e-05
runsc_kvm,262144,5.82756e-05
runsc_kvm,262144,5.6542936e-05
runsc_kvm,262144,5.2237283e-05
runsc_kvm,262144,5.9056496e-05
runsc_kvm,262144,5.9802333e-05
runsc_kvm,262144,5.5332152e-05
runsc_kvm,262144,5.4920656e-05
runsc_kvm,262144,5.1981591e-05
runsc_kvm,262144,5.4018779e-05
runsc_kvm,262144,6.0461007e-05
runsc_kvm,262144,5.0434646e-05
runsc_kvm,262144,5.0565333e-05
runsc_kvm,262144,6.0259179e-05
runsc_kvm,262144,6.0809762e-05
runsc_kvm,262144,6.0128124e-05
runsc_kvm,262144,5.8111549e-05
runsc_kvm,262144,5.0414499e-05
runsc_kvm,262144,5.1983992e-05
runsc_kvm,262144,5.8281432e-05
runsc_kvm,262144,5.8219997e-05
runsc_kvm,262144,5.509871e-05
runsc_kvm,262144,5.8133774e-05
runsc_kvm,262144,5.6728135e-05
runsc_kvm,262144,6.0393599e-05
runsc_kvm,262144,5.720992e-05
runsc_kvm,262144,5.6624202e-05
runsc_kvm,262144,5.1307197e-05
runsc_kvm,262144,5.9165086e-05
runsc_kvm,262144,5.0405539e-05
runsc_kvm,262144,5.4178061e-05
runsc_kvm,262144,5.5469136e-05
runsc_kvm,262144,5.7432037e-05
bare,16384,3.801484e-06
bare,16384,3.884906e-06
bare,16384,3.887117e-06
bare,16384,3.839916e-06
bare,16384,3.821037e-06
bare,16384,3.832087e-06
bare,16384,3.827908e-06
bare,16384,3.927716e-06
bare,16384,3.854241e-06
bare,16384,3.957755e-06
bare,16384,3.526277e-06
bare,16384,3.85465e-06
bare,16384,3.851562e-06
bare,16384,3.950446e-06
bare,16384,3.483375e-06
bare,16384,3.813861e-06
bare,16384,3.812099e-06
bare,16384,3.900545e-06
bare,16384,3.821257e-06
bare,16384,3.865009e-06
bare,16384,3.786461e-06
bare,16384,3.830994e-06
bare,16384,3.891725e-06
bare,16384,3.830685e-06
bare,16384,3.829506e-06
bare,16384,3.851336e-06
bare,16384,3.980348e-06
bare,16384,2.729616e-06
bare,16384,2.688075e-06
bare,16384,2.767349e-06
bare,16384,2.699262e-06
bare,16384,2.761697e-06
bare,16384,2.730295e-06
bare,16384,2.721164e-06
bare,16384,2.742968e-06
bare,16384,2.680502e-06
bare,16384,2.747529e-06
bare,16384,3.48981e-06
bare,16384,3.921926e-06
bare,16384,3.50044e-06
bare,16384,3.914368e-06
bare,16384,2.738079e-06
bare,16384,2.683482e-06
bare,16384,2.79872e-06
bare,16384,2.82803e-06
bare,16384,3.505533e-06
bare,16384,3.95368e-06
bare,16384,3.517039e-06
bare,16384,3.807537e-06
bare,16384,3.94284e-06
bare,16384,3.558279e-06
bare,16384,3.83387e-06
bare,16384,3.979692e-06
bare,16384,2.745496e-06
bare,16384,3.529115e-06
bare,16384,3.83241e-06
bare,16384,3.870402e-06
bare,16384,3.821233e-06
bare,16384,3.842722e-06
bare,16384,3.829127e-06
bare,16384,3.874487e-06
bare,16384,3.851123e-06
bare,16384,3.900612e-06
bare,16384,3.820847e-06
bare,16384,3.829559e-06
bare,16384,3.913473e-06
bare,16384,3.834032e-06
bare,16384,3.91206e-06
bare,16384,3.520333e-06
bare,16384,3.856823e-06
bare,16384,3.853141e-06
bare,16384,3.954386e-06
bare,16384,2.679442e-06
bare,16384,2.70963e-06
bare,16384,3.566412e-06
bare,16384,3.782543e-06
bare,16384,3.837501e-06
bare,16384,3.827785e-06
bare,16384,3.858835e-06
bare,16384,3.887727e-06
bare,16384,3.939886e-06
bare,16384,2.688534e-06
bare,16384,3.622352e-06
bare,16384,3.887818e-06
bare,16384,3.836893e-06
bare,16384,3.835145e-06
bare,16384,3.847988e-06
bare,16384,3.95637e-06
bare,16384,3.562663e-06
bare,16384,3.964682e-06
bare,16384,3.475141e-06
bare,16384,3.803528e-06
bare,16384,3.86724e-06
bare,16384,3.940662e-06
bare,16384,3.519568e-06
bare,16384,3.832865e-06
bare,16384,3.858559e-06
bare,16384,3.851339e-06
bare,16384,3.867867e-06
bare,16384,3.964765e-06
runsc_ptrace,65536,2.5214988e-05
runsc_ptrace,65536,2.4207617e-05
runsc_ptrace,65536,2.8476095e-05
runsc_ptrace,65536,2.539171e-05
runsc_ptrace,65536,2.7550368e-05
runsc_ptrace,65536,2.5464547e-05
runsc_ptrace,65536,2.411953e-05
runsc_ptrace,65536,2.4082174e-05
runsc_ptrace,65536,2.6149208e-05
runsc_ptrace,65536,2.4257128e-05
runsc_ptrace,65536,2.4909419e-05
runsc_ptrace,65536,2.4657242e-05
runsc_ptrace,65536,2.4033348e-05
runsc_ptrace,65536,2.6654561e-05
runsc_ptrace,65536,2.523804e-05
runsc_ptrace,65536,2.7155535e-05
runsc_ptrace,65536,2.7209888e-05
runsc_ptrace,65536,2.637963e-05
runsc_ptrace,65536,2.4912391e-05
runsc_ptrace,65536,2.6677008e-05
runsc_ptrace,65536,2.5031351e-05
runsc_ptrace,65536,2.5329251e-05
runsc_ptrace,65536,2.6946558e-05
runsc_ptrace,65536,2.6754948e-05
runsc_ptrace,65536,2.8299337e-05
runsc_ptrace,65536,2.6341577e-05
runsc_ptrace,65536,2.7854958e-05
runsc_ptrace,65536,2.6761962e-05
runsc_ptrace,65536,2.7533231e-05
runsc_ptrace,65536,2.6264055e-05
runsc_ptrace,65536,2.5219588e-05
runsc_ptrace,65536,2.4018049e-05
runsc_ptrace,65536,2.6334297e-05
runsc_ptrace,65536,2.7586117e-05
runsc_ptrace,65536,2.6879883e-05
runsc_ptrace,65536,2.662364e-05
runsc_ptrace,65536,2.6579237e-05
runsc_ptrace,65536,2.5516694e-05
runsc_ptrace,65536,2.4092244e-05
runsc_ptrace,65536,2.6569369e-05
runsc_ptrace,65536,2.5374775e-05
runsc_ptrace,65536,2.6018433e-05
runsc_ptrace,65536,2.5449244e-05
runsc_ptrace,65536,2.442935e-05
runsc_ptrace,65536,2.6783811e-05
runsc_ptrace,65536,2.7152353e-05
runsc_ptrace,65536,2.6653655e-05
runsc_ptrace,65536,2.6618553e-05
runsc_ptrace,65536,2.8199564e-05
runsc_ptrace,65536,2.4767012e-05
runsc_ptrace,65536,2.6897371e-05
runsc_ptrace,65536,2.6715274e-05
runsc_ptrace,65536,2.4825225e-05
runsc_ptrace,65536,2.6686606e-05
runsc_ptrace,65536,2.5278321e-05
runsc_ptrace,65536,2.6704329e-05
runsc_ptrace,65536,2.7095923e-05
runsc_ptrace,65536,2.6715688e-05
runsc_ptrace,65536,2.4955783e-05
runsc_ptrace,65536,2.7727952e-05
runsc_ptrace,65536,2.7494552e-05
runsc_ptrace,65536,2.5071895e-05
runsc_ptrace,65536,2.3995941e-05
runsc_ptrace,65536,2.635387e-05
runsc_ptrace,65536,2.6743994e-05
runsc_ptrace,65536,2.6713968e-05
runsc_ptrace,65536,2.7625711e-05
runsc_ptrace,65536,2.6512655e-05
runsc_ptrace,65536,2.4055484e-05
runsc_ptrace,65536,2.5403746e-05
runsc_ptrace,65536,2.5518737e-05
runsc_ptrace,65536,2.4354365e-05
runsc_ptrace,65536,2.8024413e-05
runsc_ptrace,65536,2.4960611e-05
runsc_ptrace,65536,2.940304e-05
runsc_ptrace,65536,2.6432204e-05
runsc_ptrace,65536,2.4661469e-05
runsc_ptrace,65536,2.6575346e-05
runsc_ptrace,65536,2.8493845e-05
runsc_ptrace,65536,2.8116297e-05
runsc_ptrace,65536,2.4287248e-05
runsc_ptrace,65536,2.3980332e-05
runsc_ptrace,65536,2.6151522e-05
runsc_ptrace,65536,2.6678672e-05
runsc_ptrace,65536,2.889242e-05
runsc_ptrace,65536,2.7974733e-05
runsc_ptrace,65536,2.9037345e-05
runsc_ptrace,65536,2.6827522e-05
runsc_ptrace,65536,2.7214637e-05
runsc_ptrace,65536,2.5099267e-05
runsc_ptrace,65536,2.6167918e-05
runsc_ptrace,65536,2.7076401e-05
runsc_ptrace,65536,2.8720402e-05
runsc_ptrace,65536,2.6442733e-05
runsc_ptrace,65536,2.6665373e-05
runsc_ptrace,65536,2.6252614e-05
runsc_ptrace,65536,2.6950278e-05
runsc_ptrace,65536,2.5156312e-05
runsc_ptrace,65536,2.7635908e-05
runsc_ptrace,65536,2.4564217e-05
runsc_ptrace,1048576,0.000229781173
runsc_ptrace,1048576,0.000204847107
runsc_ptrace,1048576,0.000211591265
runsc_ptrace,1048576,0.000226195014
runsc_ptrace,1048576,0.000228497694
runsc_ptrace,1048576,0.000200493945
runsc_ptrace,1048576,0.000228572229
runsc_ptrace,1048576,0.000196516368
runsc_ptrace,1048576,0.000196829584
runsc_ptrace,1048576,0.000199118062
runsc_ptrace,1048576,0.000208129044
runsc_ptrace,1048576,0.000211575258
runsc_ptrace,1048576,0.000204210548
runsc_ptrace,1048576,0.00020539602
runsc_ptrace,1048576,0.000209563659
runsc_ptrace,1048576,0.000227823315
runsc_ptrace,1048576,0.000230682766
runsc_ptrace,1048576,0.000201614093
runsc_ptrace,1048576,0.000230085454
runsc_ptrace,1048576,0.000228736521
runsc_ptrace,1048576,0.000199766175
runsc_ptrace,1048576,0.000229878671
runsc_ptrace,1048576,0.000228988152
runsc_ptrace,1048576,0.000230547696
runsc_ptrace,1048576,0.000229104175
runsc_ptrace,1048576,0.000231527811
runsc_ptrace,1048576,0.000196907276
runsc_ptrace,1048576,0.000212234008
runsc_ptrace,1048576,0.000232682476
runsc_ptrace,1048576,0.000199373186
runsc_ptrace,1048576,0.000204746626
runsc_ptrace,1048576,0.00023123213
runsc_ptrace,1048576,0.0002310993
runsc_ptrace,1048576,0.000229719371
runsc_ptrace,1048576,0.000202537252
runsc_ptrace,1048576,0.000231419486
runsc_ptrace,1048576,0.000230169855
runsc_ptrace,1048576,0.000214033469
runsc_ptrace,1048576,0.000216200278
runsc_ptrace,1048576,0.000229687183
runsc_ptrace,1048576,0.00023033467
runsc_ptrace,1048576,0.000205377772
runsc_ptrace,1048576,0.000231678481
runsc_ptrace,1048576,0.00020957111
runsc_ptrace,1048576,0.000229231926
runsc_ptrace,1048576,0.00023250372
runsc_ptrace,1048576,0.000216941407
runsc_ptrace,1048576,0.000233339902
runsc_ptrace,1048576,0.00019744513
runsc_ptrace,1048576,0.00019747921
runsc_ptrace,1048576,0.000228734862
runsc_ptrace,1048576,0.000204291195
runsc_ptrace,1048576,0.000212607323
runsc_ptrace,1048576,0.00023098664
runsc_ptrace,1048576,0.000229501835
runsc_ptrace,1048576,0.000204715747
runsc_ptrace,1048576,0.000226564909
runsc_ptrace,1048576,0.000207413483
runsc_ptrace,1048576,0.000220019283
runsc_ptrace,1048576,0.000212544532
runsc_ptrace,1048576,0.00023182093
runsc_ptrace,1048576,0.000202200172
runsc_ptrace,1048576,0.000227719866
runsc_ptrace,1048576,0.000226440679
runsc_ptrace,1048576,0.000228027769
runsc_ptrace,1048576,0.000202617797
runsc_ptrace,1048576,0.00023079598
runsc_ptrace,1048576,0.000226442469
runsc_ptrace,1048576,0.000214136293
runsc_ptrace,1048576,0.000231015802
runsc_ptrace,1048576,0.000212698302
runsc_ptrace,1048576,0.000199876697
runsc_ptrace,1048576,0.00019814838
runsc_ptrace,1048576,0.000230069127
runsc_ptrace,1048576,0.000227219469
runsc_ptrace,1048576,0.000225790849
runsc_ptrace,1048576,0.000226371863
runsc_ptrace,1048576,0.000211386432
runsc_ptrace,1048576,0.000200205846
runsc_ptrace,1048576,0.00023109265
runsc_ptrace,1048576,0.000202764379
runsc_ptrace,1048576,0.000198461625
runsc_ptrace,1048576,0.000202788564
runsc_ptrace,1048576,0.000198145062
runsc_ptrace,1048576,0.000203422169
runsc_ptrace,1048576,0.000226664546
runsc_ptrace,1048576,0.000205626857
runsc_ptrace,1048576,0.000225642827
runsc_ptrace,1048576,0.000229170182
runsc_ptrace,1048576,0.000199872593
runsc_ptrace,1048576,0.000227255281
runsc_ptrace,1048576,0.000229990372
runsc_ptrace,1048576,0.000204513344
runsc_ptrace,1048576,0.000229036203
runsc_ptrace,1048576,0.00022785156
runsc_ptrace,1048576,0.000228985897
runsc_ptrace,1048576,0.000195616987
runsc_ptrace,1048576,0.000209179692
runsc_ptrace,1048576,0.000222396819
runsc_ptrace,1048576,0.000226376578
bare,4096,1.217767e-06
bare,4096,1.384142e-06
bare,4096,1.034513e-06
bare,4096,1.247156e-06
bare,4096,1.364034e-06
bare,4096,1.070106e-06
bare,4096,1.054321e-06
bare,4096,1.232713e-06
bare,4096,1.354068e-06
bare,4096,1.223979e-06
bare,4096,1.344197e-06
bare,4096,1.09571e-06
bare,4096,1.066377e-06
bare,4096,1.070427e-06
bare,4096,1.058437e-06
bare,4096,1.236156e-06
bare,4096,1.356806e-06
bare,4096,1.247061e-06
bare,4096,1.342504e-06
bare,4096,1.068145e-06
bare,4096,1.078016e-06
bare,4096,1.240031e-06
bare,4096,1.337656e-06
bare,4096,1.347499e-06
bare,4096,1.368058e-06
bare,4096,1.260444e-06
bare,4096,1.348916e-06
bare,4096,1.320157e-06
bare,4096,1.319447e-06
bare,4096,1.345429e-06
bare,4096,1.329301e-06
bare,4096,1.323551e-06
bare,4096,1.338498e-06
bare,4096,1.330707e-06
bare,4096,1.342111e-06
bare,4096,1.342789e-06
bare,4096,1.323195e-06
bare,4096,1.345507e-06
bare,4096,1.337337e-06
bare,4096,1.312504e-06
bare,4096,1.346469e-06
bare,4096,1.338194e-06
bare,4096,1.342869e-06
bare,4096,1.302632e-06
bare,4096,1.34586e-06
bare,4096,1.339128e-06
bare,4096,1.316183e-06
bare,4096,1.339617e-06
bare,4096,1.34115e-06
bare,4096,1.342371e-06
bare,4096,1.366692e-06
bare,4096,1.232604e-06
bare,4096,1.331151e-06
bare,4096,1.364068e-06
bare,4096,1.076901e-06
bare,4096,1.058802e-06
bare,4096,1.063492e-06
bare,4096,1.193965e-06
bare,4096,1.359941e-06
bare,4096,1.101307e-06
bare,4096,1.087357e-06
bare,4096,1.066071e-06
bare,4096,1.095754e-06
bare,4096,1.065855e-06
bare,4096,1.074484e-06
bare,4096,1.092378e-06
bare,4096,1.069761e-06
bare,4096,1.091448e-06
bare,4096,1.059459e-06
bare,4096,1.060599e-06
bare,4096,1.236389e-06
bare,4096,1.359069e-06
bare,4096,1.069012e-06
bare,4096,1.244357e-06
bare,4096,1.339524e-06
bare,4096,1.243069e-06
bare,4096,1.371277e-06
bare,4096,1.079009e-06
bare,4096,1.24534e-06
bare,4096,1.35664e-06
bare,4096,1.259056e-06
bare,4096,1.374937e-06
bare,4096,1.075325e-06
bare,4096,1.087873e-06
bare,4096,1.082228e-06
bare,4096,1.075281e-06
bare,4096,1.068412e-06
bare,4096,1.090789e-06
bare,4096,1.232558e-06
bare,4096,1.359965e-06
bare,4096,1.0815e-06
bare,4096,1.097472e-06
bare,4096,1.044612e-06
bare,4096,1.05452e-06
bare,4096,1.232124e-06
bare,4096,1.320578e-06
bare,4096,1.085918e-06
bare,4096,1.24143e-06
bare,4096,1.331826e-06
bare,4096,1.342721e-06
runc,16384,3.601181e-06
runc,16384,4.045056e-06
runc,16384,3.523401e-06
runc,16384,3.843777e-06
runc,16384,3.517742e-06
runc,16384,3.759634e-06
runc,16384,3.546536e-06
runc,16384,3.76296e-06
runc,16384,3.570258e-06
runc,16384,3.715752e-06
runc,16384,3.516532e-06
runc,16384,3.806083e-06
runc,16384,2.90196e-06
runc,16384,2.9153e-06
runc,16384,2.910842e-06
runc,16384,2.96032e-06
runc,16384,2.909454e-06
runc,16384,2.919183e-06
runc,16384,3.527881e-06
runc,16384,3.799184e-06
runc,16384,3.520566e-06
runc,16384,3.663744e-06
runc,16384,3.706459e-06
runc,16384,3.527544e-06
runc,16384,3.786894e-06
runc,16384,2.930161e-06
runc,16384,3.503268e-06
runc,16384,3.771846e-06
runc,16384,3.528695e-06
runc,16384,3.802942e-06
runc,16384,3.548279e-06
runc,16384,3.640669e-06
runc,16384,3.795671e-06
runc,16384,2.964972e-06
runc,16384,3.522787e-06
runc,16384,3.554039e-06
runc,16384,3.808786e-06
runc,16384,3.486572e-06
runc,16384,3.538133e-06
runc,16384,3.586149e-06
runc,16384,3.767583e-06
runc,16384,2.938297e-06
runc,16384,2.855624e-06
runc,16384,2.961189e-06
runc,16384,2.887444e-06
runc,16384,2.939196e-06
runc,16384,2.957352e-06
runc,16384,2.903821e-06
runc,16384,2.892769e-06
runc,16384,2.931745e-06
runc,16384,3.067674e-06
runc,16384,3.522041e-06
runc,16384,3.780884e-06
runc,16384,2.916244e-06
runc,16384,3.491261e-06
runc,16384,3.797484e-06
runc,16384,3.572182e-06
runc,16384,3.548996e-06
runc,16384,3.832284e-06
runc,16384,3.120851e-06
runc,16384,2.925402e-06
runc,16384,2.965677e-06
runc,16384,3.518714e-06
runc,16384,3.776994e-06
runc,16384,2.938198e-06
runc,16384,2.925459e-06
runc,16384,2.92002e-06
runc,16384,3.521157e-06
runc,16384,3.571411e-06
runc,16384,3.795301e-06
runc,16384,2.980164e-06
runc,16384,2.901997e-06
runc,16384,3.533903e-06
runc,16384,3.784433e-06
runc,16384,2.922681e-06
runc,16384,3.567256e-06
runc,16384,3.734273e-06
runc,16384,3.608423e-06
runc,16384,3.572354e-06
runc,16384,3.990598e-06
runc,16384,3.537689e-06
runc,16384,3.821378e-06
runc,16384,3.536774e-06
runc,16384,3.780122e-06
runc,16384,3.539269e-06
runc,16384,3.526822e-06
runc,16384,3.578855e-06
runc,16384,3.539255e-06
runc,16384,3.942532e-06
runc,16384,3.569969e-06
runc,16384,3.788217e-06
runc,16384,2.98238e-06
runc,16384,2.917261e-06
runc,16384,3.546383e-06
runc,16384,3.821402e-06
runc,16384,3.571961e-06
runc,16384,3.793266e-06
runc,16384,3.564691e-06
runc,16384,3.579325e-06
runc,16384,3.812401e-06
bare,65536,1.3276252e-05
bare,65536,1.3682358e-05
bare,65536,1.3956319e-05
bare,65536,1.1436246e-05
bare,65536,1.0207564e-05
bare,65536,1.3446694e-05
bare,65536,1.1119546e-05
bare,65536,1.041361e-05
bare,65536,1.0130419e-05
bare,65536,1.018478e-05
bare,65536,9.595626e-06
bare,65536,1.3510454e-05
bare,65536,1.1434131e-05
bare,65536,9.667623e-06
bare,65536,1.3349419e-05
bare,65536,1.3980772e-05
bare,65536,1.3800493e-05
bare,65536,1.4201624e-05
bare,65536,1.3820651e-05
bare,65536,1.3754724e-05
bare,65536,1.1368445e-05
bare,65536,1.3634543e-05
bare,65536,1.3783009e-05
bare,65536,1.3746505e-05
bare,65536,1.3784588e-05
bare,65536,1.3918732e-05
bare,65536,1.3746746e-05
bare,65536,1.376527e-05
bare,65536,1.3725647e-05
bare,65536,1.3738329e-05
bare,65536,1.3947407e-05
bare,65536,1.387656e-05
bare,65536,1.3730776e-05
bare,65536,1.3586681e-05
bare,65536,1.3980104e-05
bare,65536,1.3921714e-05
bare,65536,1.3984022e-05
bare,65536,1.3673305e-05
bare,65536,1.3992755e-05
bare,65536,1.4106309e-05
bare,65536,1.3772883e-05
bare,65536,1.3899999e-05
bare,65536,1.3894984e-05
bare,65536,1.3911355e-05
bare,65536,1.3995657e-05
bare,65536,1.3979862e-05
bare,65536,1.1418403e-05
bare,65536,1.3482776e-05
bare,65536,1.1142296e-05
bare,65536,1.3338917e-05
bare,65536,1.3712914e-05
bare,65536,1.3857112e-05
bare,65536,1.141946e-05
bare,65536,1.3703884e-05
bare,65536,1.3988189e-05
bare,65536,1.3709017e-05
bare,65536,1.3875806e-05
bare,65536,1.3643556e-05
bare,65536,1.394934e-05
bare,65536,1.3919609e-05
bare,65536,1.1331498e-05
bare,65536,1.3468704e-05
bare,65536,1.4002967e-05
bare,65536,1.3872282e-05
bare,65536,1.3817558e-05
bare,65536,1.3926167e-05
bare,65536,1.391044e-05
bare,65536,1.3691182e-05
bare,65536,1.3991096e-05
bare,65536,1.3841628e-05
bare,65536,1.4027923e-05
bare,65536,1.3866493e-05
bare,65536,1.3731365e-05
bare,65536,1.3709358e-05
bare,65536,1.3669445e-05
bare,65536,1.127716e-05
bare,65536,9.978299e-06
bare,65536,9.833512e-06
bare,65536,1.3676117e-05
bare,65536,1.1052657e-05
bare,65536,1.0066889e-05
bare,65536,1.0002228e-05
bare,65536,1.0178924e-05
bare,65536,1.3208661e-05
bare,65536,1.1511507e-05
bare,65536,1.0058525e-05
bare,65536,1.011984e-05
bare,65536,1.0012373e-05
bare,65536,1.010329e-05
bare,65536,1.3461089e-05
bare,65536,1.391204e-05
bare,65536,1.3900304e-05
bare,65536,1.1517408e-05
bare,65536,1.0001945e-05
bare,65536,9.960815e-06
bare,65536,9.865786e-06
bare,65536,1.0225945e-05
bare,65536,1.0354584e-05
bare,65536,1.3637557e-05
bare,65536,1.1292855e-05
runc,1048576,0.0001743053
runc,1048576,0.000176830246
runc,1048576,0.000201485862
runc,1048576,0.00017580147
runc,1048576,0.000203789707
runc,1048576,0.00020211676
runc,1048576,0.000210463579
runc,1048576,0.000209772028
runc,1048576,0.000203283984
runc,1048576,0.000207051547
runc,1048576,0.000205785356
runc,1048576,0.000171129039
runc,1048576,0.000167381222
runc,1048576,0.000201074232
runc,1048576,0.000170633633
runc,1048576,0.000166931452
runc,1048576,0.000166384183
runc,1048576,0.000174541477
runc,1048576,0.000204161974
runc,1048576,0.000209274047
runc,1048576,0.000212530518
runc,1048576,0.000205654025
runc,1048576,0.000212290572
runc,1048576,0.000219349691
runc,1048576,0.000203910618
runc,1048576,0.000200455092
runc,1048576,0.000178058952
runc,1048576,0.000167256396
runc,1048576,0.000165852471
runc,1048576,0.000201617877
runc,1048576,0.00016850447
runc,1048576,0.000172980945
runc,1048576,0.000169332372
runc,1048576,0.000206298282
runc,1048576,0.00017459791
runc,1048576,0.000201627496
runc,1048576,0.000202216441
runc,1048576,0.00021138943
runc,1048576,0.000206375087
runc,1048576,0.000204244498
runc,1048576,0.000203033545
runc,1048576,0.000209062229
runc,1048576,0.000167793827
runc,1048576,0.000165783422
runc,1048576,0.000175442139
runc,1048576,0.000175710564
runc,1048576,0.000170675587
runc,1048576,0.00016691217
runc,1048576,0.000202844982
runc,1048576,0.000174971719
runc,1048576,0.00016711533
runc,1048576,0.00021346203
runc,1048576,0.000179555762
runc,1048576,0.000171780513
runc,1048576,0.000167367674
runc,1048576,0.000168154686
runc,1048576,0.000167744729
runc,1048576,0.00016608341
runc,1048576,0.000167482751
runc,1048576,0.000205223871
runc,1048576,0.000215445674
runc,1048576,0.00021007027
runc,1048576,0.000211491657
runc,1048576,0.000173068605
runc,1048576,0.000174024273
runc,1048576,0.000201852643
runc,1048576,0.000206388591
runc,1048576,0.000205968478
runc,1048576,0.000167185033
runc,1048576,0.000181151772
runc,1048576,0.00017379057
runc,1048576,0.000203204385
runc,1048576,0.000206158278
runc,1048576,0.000209304926
runc,1048576,0.000170027022
runc,1048576,0.000203195843
runc,1048576,0.000171372827
runc,1048576,0.000166715356
runc,1048576,0.000177805923
runc,1048576,0.000199696107
runc,1048576,0.000209160135
runc,1048576,0.000209366553
runc,1048576,0.000176219241
runc,1048576,0.00020367153
runc,1048576,0.000176176298
runc,1048576,0.000167702368
runc,1048576,0.000167722479
runc,1048576,0.000165688165
runc,1048576,0.000177979106
runc,1048576,0.000183966637
runc,1048576,0.000205668621
runc,1048576,0.000167040926
runc,1048576,0.000170682863
runc,1048576,0.000206047771
runc,1048576,0.000201843679
runc,1048576,0.000170471423
runc,1048576,0.000202482945
runc,1048576,0.000183240219
runc,1048576,0.00017505564
runc,1048576,0.000165936755
bare,1048576,0.000228373712
bare,1048576,0.00016939202
bare,1048576,0.000167020451
bare,1048576,0.000168072002
bare,1048576,0.000166525439
bare,1048576,0.000168159851
bare,1048576,0.000167818551
bare,1048576,0.000167960126
bare,1048576,0.000166990169
bare,1048576,0.000167946171
bare,1048576,0.000223642404
bare,1048576,0.000168251441
bare,1048576,0.000168111263
bare,1048576,0.000167998995
bare,1048576,0.000166983358
bare,1048576,0.000168228988
bare,1048576,0.000226400778
bare,1048576,0.000169413397
bare,1048576,0.000167984355
bare,1048576,0.000167343562
bare,1048576,0.000168176673
bare,1048576,0.000166818383
bare,1048576,0.000168120634
bare,1048576,0.000167148726
bare,1048576,0.000226430842
bare,1048576,0.000223880037
bare,1048576,0.000168100145
bare,1048576,0.000167003847
bare,1048576,0.0001668607
bare,1048576,0.000167204955
bare,1048576,0.000166560989
bare,1048576,0.000167162056
bare,1048576,0.00016784764
bare,1048576,0.000168211351
bare,1048576,0.000168185099
bare,1048576,0.000167904494
bare,1048576,0.000168068873
bare,1048576,0.000166558224
bare,1048576,0.000167486272
bare,1048576,0.000223186507
bare,1048576,0.00016849066
bare,1048576,0.000168209895
bare,1048576,0.00016799022
bare,1048576,0.000167027669
bare,1048576,0.000166941521
bare,1048576,0.000227780605
bare,1048576,0.000169234612
bare,1048576,0.00016653206
bare,1048576,0.000167142716
bare,1048576,0.000166905636
bare,1048576,0.000167965642
bare,1048576,0.000167839316
bare,1048576,0.000166477563
bare,1048576,0.000168132712
bare,1048576,0.000167877792
bare,1048576,0.0001677869
bare,1048576,0.000228020741
bare,1048576,0.000169527048
bare,1048576,0.000228782883
bare,1048576,0.000167893319
bare,1048576,0.000166994592
bare,1048576,0.000225627766
bare,1048576,0.000169091058
bare,1048576,0.000166344733
bare,1048576,0.000167112579
bare,1048576,0.00016680776
bare,1048576,0.000168012222
bare,1048576,0.000166807105
bare,1048576,0.000167352555
bare,1048576,0.000222653238
bare,1048576,0.00016818766
bare,1048576,0.000168091719
bare,1048576,0.000167979713
bare,1048576,0.000167239836
bare,1048576,0.000166802041
bare,1048576,0.000166800935
bare,1048576,0.00016655495
bare,1048576,0.000166341662
bare,1048576,0.000226970937
bare,1048576,0.000168230748
bare,1048576,0.000166979909
bare,1048576,0.000224210278
bare,1048576,0.000225080948
bare,1048576,0.000227375291
bare,1048576,0.000228812714
bare,1048576,0.000168148326
bare,1048576,0.000224188101
bare,1048576,0.00022639276
bare,1048576,0.000169331193
bare,1048576,0.000167845777
bare,1048576,0.000168127895
bare,1048576,0.000168079336
bare,1048576,0.000167933729
bare,1048576,0.000167355218
bare,1048576,0.000166811806
bare,1048576,0.000167105027
bare,1048576,0.000166988655
bare,1048576,0.000225201366
bare,1048576,0.000168219121
bare,1048576,0.000168154453
runsc_kvm,4096,1.2209933e-05
runsc_kvm,4096,1.213552e-05
runsc_kvm,4096,1.2041154e-05
runsc_kvm,4096,1.222923e-05
runsc_kvm,4096,1.2247991e-05
runsc_kvm,4096,1.3807043e-05
runsc_kvm,4096,1.2855961e-05
runsc_kvm,4096,1.2275333e-05
runsc_kvm,4096,1.1997485e-05
runsc_kvm,4096,1.2014326e-05
runsc_kvm,4096,1.2974865e-05
runsc_kvm,4096,1.180583e-05
runsc_kvm,4096,1.2624602e-05
runsc_kvm,4096,1.2164001e-05
runsc_kvm,4096,1.297885e-05
runsc_kvm,4096,1.2119976e-05
runsc_kvm,4096,1.2115257e-05
runsc_kvm,4096,1.222932e-05
runsc_kvm,4096,1.2098673e-05
runsc_kvm,4096,1.2155207e-05
runsc_kvm,4096,1.2118884e-05
runsc_kvm,4096,1.2145149e-05
runsc_kvm,4096,1.2226214e-05
runsc_kvm,4096,1.2238996e-05
runsc_kvm,4096,1.2122166e-05
runsc_kvm,4096,1.2835658e-05
runsc_kvm,4096,1.2090044e-05
runsc_kvm,4096,1.2146103e-05
runsc_kvm,4096,1.2263248e-05
runsc_kvm,4096,1.2259015e-05
runsc_kvm,4096,1.2095162e-05
runsc_kvm,4096,1.2139191e-05
runsc_kvm,4096,1.2043166e-05
runsc_kvm,4096,1.1929785e-05
runsc_kvm,4096,1.2664495e-05
runsc_kvm,4096,1.2141552e-05
runsc_kvm,4096,1.2368808e-05
runsc_kvm,4096,1.2711173e-05
runsc_kvm,4096,1.2090693e-05
runsc_kvm,4096,1.2174025e-05
runsc_kvm,4096,1.2199056e-05
runsc_kvm,4096,1.2718613e-05
runsc_kvm,4096,1.2234555e-05
runsc_kvm,4096,1.2154062e-05
runsc_kvm,4096,1.2152379e-05
runsc_kvm,4096,1.232415e-05
runsc_kvm,4096,1.2251627e-05
runsc_kvm,4096,1.2582997e-05
runsc_kvm,4096,1.2386638e-05
runsc_kvm,4096,1.2226386e-05
runsc_kvm,4096,1.2081243e-05
runsc_kvm,4096,1.2264527e-05
runsc_kvm,4096,1.2224339e-05
runsc_kvm,4096,1.2226741e-05
runsc_kvm,4096,1.2139673e-05
runsc_kvm,4096,1.2144375e-05
runsc_kvm,4096,1.2042102e-05
runsc_kvm,4096,1.3357386e-05
runsc_kvm,4096,1.2101401e-05
runsc_kvm,4096,1.2573648e-05
runsc_kvm,4096,1.2488962e-05
runsc_kvm,4096,1.221499e-05
runsc_kvm,4096,1.2266724e-05
runsc_kvm,4096,1.2569077e-05
runsc_kvm,4096,1.2170514e-05
runsc_kvm,4096,1.217385e-05
runsc_kvm,4096,1.2381352e-05
runsc_kvm,4096,1.2444086e-05
runsc_kvm,4096,1.2815376e-05
runsc_kvm,4096,1.1902102e-05
runsc_kvm,4096,1.2895993e-05
runsc_kvm,4096,1.2156458e-05
runsc_kvm,4096,1.1873009e-05
runsc_kvm,4096,1.210261e-05
runsc_kvm,4096,1.223387e-05
runsc_kvm,4096,1.1870153e-05
runsc_kvm,4096,1.1879554e-05
runsc_kvm,4096,1.2278197e-05
runsc_kvm,4096,1.1859287e-05
runsc_kvm,4096,1.2003758e-05
runsc_kvm,4096,1.2008169e-05
runsc_kvm,4096,1.293617e-05
runsc_kvm,4096,1.2334082e-05
runsc_kvm,4096,1.2241014e-05
runsc_kvm,4096,1.2903868e-05
runsc_kvm,4096,1.237347e-05
runsc_kvm,4096,1.2095683e-05
runsc_kvm,4096,1.2068832e-05
runsc_kvm,4096,1.1926961e-05
runsc_kvm,4096,1.2214037e-05
runsc_kvm,4096,1.217828e-05
runsc_kvm,4096,1.3169584e-05
runsc_kvm,4096,1.2132044e-05
runsc_kvm,4096,1.1996348e-05
runsc_kvm,4096,1.2109947e-05
runsc_kvm,4096,1.1851595e-05
runsc_kvm,4096,1.2124227e-05
runsc_kvm,4096,1.2160436e-05
runsc_kvm,4096,1.2126763e-05
runsc_kvm,4096,1.3658026e-05
runsc_kvm,65536,2.1204631e-05
runsc_kvm,65536,2.349056e-05
runsc_kvm,65536,2.3762095e-05
runsc_kvm,65536,2.1044269e-05
runsc_kvm,65536,2.3670302e-05
runsc_kvm,65536,2.3020857e-05
runsc_kvm,65536,2.1077449e-05
runsc_kvm,65536,2.2261644e-05
runsc_kvm,65536,2.2181152e-05
runsc_kvm,65536,2.1159298e-05
runsc_kvm,65536,2.1830207e-05
runsc_kvm,65536,2.1043194e-05
runsc_kvm,65536,2.297786e-05
runsc_kvm,65536,2.2643828e-05
runsc_kvm,65536,2.3067159e-05
runsc_kvm,65536,2.2722212e-05
runsc_kvm,65536,2.4527015e-05
runsc_kvm,65536,2.3406699e-05
runsc_kvm,65536,2.3043731e-05
runsc_kvm,65536,2.2570484e-05
runsc_kvm,65536,2.2382595e-05
runsc_kvm,65536,2.3182614e-05
runsc_kvm,65536,2.2993252e-05
runsc_kvm,65536,2.1285729e-05
runsc_kvm,65536,2.1217429e-05
runsc_kvm,65536,2.3088112e-05
runsc_kvm,65536,2.1214159e-05
runsc_kvm,65536,2.0976191e-05
runsc_kvm,65536,2.1952321e-05
runsc_kvm,65536,2.1907157e-05
runsc_kvm,65536,2.0805655e-05
runsc_kvm,65536,2.2306207e-05
runsc_kvm,65536,2.1968975e-05
runsc_kvm,65536,2.2385751e-05
runsc_kvm,65536,2.273567e-05
runsc_kvm,65536,2.1305139e-05
runsc_kvm,65536,2.2476028e-05
runsc_kvm,65536,2.0896907e-05
runsc_kvm,65536,2.3324857e-05
runsc_kvm,65536,2.2547443e-05
runsc_kvm,65536,2.3228569e-05
runsc_kvm,65536,2.5163572e-05
runsc_kvm,65536,2.4471683e-05
runsc_kvm,65536,2.1054942e-05
runsc_kvm,65536,2.1688227e-05
runsc_kvm,65536,2.503356e-05
runsc_kvm,65536,2.4023788e-05
runsc_kvm,65536,2.1831045e-05
runsc_kvm,65536,2.5499354e-05
runsc_kvm,65536,2.2798506e-05
runsc_kvm,65536,2.2987666e-05
runsc_kvm,65536,2.102201e-05
runsc_kvm,65536,2.3115812e-05
runsc_kvm,65536,2.3275414e-05
runsc_kvm,65536,2.2606213e-05
runsc_kvm,65536,2.2179265e-05
runsc_kvm,65536,2.0768035e-05
runsc_kvm,65536,2.0774718e-05
runsc_kvm,65536,2.3161874e-05
runsc_kvm,65536,2.3186047e-05
runsc_kvm,65536,2.2774684e-05
runsc_kvm,65536,2.2263883e-05
runsc_kvm,65536,2.3348632e-05
runsc_kvm,65536,2.1317999e-05
runsc_kvm,65536,2.2815271e-05
runsc_kvm,65536,2.2725406e-05
runsc_kvm,65536,2.1229042e-05
runsc_kvm,65536,2.3299388e-05
runsc_kvm,65536,2.3740993e-05
runsc_kvm,65536,2.1855696e-05
runsc_kvm,65536,2.0748668e-05
runsc_kvm,65536,2.1061205e-05
runsc_kvm,65536,2.2208505e-05
runsc_kvm,65536,2.1799171e-05
runsc_kvm,65536,2.3012839e-05
runsc_kvm,65536,2.1150761e-05
runsc_kvm,65536,2.1680855e-05
runsc_kvm,65536,2.3394918e-05
runsc_kvm,65536,2.1071648e-05
runsc_kvm,65536,2.2525184e-05
runsc_kvm,65536,2.2770791e-05
runsc_kvm,65536,2.5610372e-05
runsc_kvm,65536,2.4278306e-05
runsc_kvm,65536,2.1769141e-05
runsc_kvm,65536,2.3076933e-05
runsc_kvm,65536,2.3708482e-05
runsc_kvm,65536,2.3992337e-05
runsc_kvm,65536,2.2856477e-05
runsc_kvm,65536,2.3164153e-05
runsc_kvm,65536,2.304786e-05
runsc_kvm,65536,2.1949849e-05
runsc_kvm,65536,2.2094733e-05
runsc_kvm,65536,2.3206416e-05
runsc_kvm,65536,2.3173261e-05
runsc_kvm,65536,2.3683651e-05
runsc_kvm,65536,2.3412127e-05
runsc_kvm,65536,2.0904723e-05
runsc_kvm,65536,2.3898407e-05
runsc_kvm,65536,2.1162572e-05
runsc_kvm,65536,2.3602728e-05
runc,262144,4.1398882e-05
runc,262144,4.7287278e-05
runc,262144,4.7489837e-05
runc,262144,3.892562e-05
runc,262144,3.7944843e-05
runc,262144,3.7934471e-05
runc,262144,4.8579837e-05
runc,262144,4.9101771e-05
runc,262144,4.8367496e-05
runc,262144,4.8447226e-05
runc,262144,4.7288224e-05
runc,262144,3.8813134e-05
runc,262144,4.1718769e-05
runc,262144,3.8077702e-05
runc,262144,4.200597e-05
runc,262144,4.7562899e-05
runc,262144,3.920143e-05
runc,262144,4.8789159e-05
runc,262144,4.2819782e-05
runc,262144,4.8241276e-05
runc,262144,4.8589554e-05
runc,262144,3.9668186e-05
runc,262144,3.8229795e-05
runc,262144,3.9706374e-05
runc,262144,4.7173347e-05
runc,262144,4.0013419e-05
runc,262144,4.754859e-05
runc,262144,3.9120267e-05
runc,262144,4.0076608e-05
runc,262144,3.8101567e-05
runc,262144,3.7758149e-05
runc,262144,4.8454567e-05
runc,262144,4.7393631e-05
runc,262144,4.7779617e-05
runc,262144,4.0172468e-05
runc,262144,3.8280781e-05
runc,262144,4.8577709e-05
runc,262144,4.829956e-05
runc,262144,3.9225441e-05
runc,262144,3.8417897e-05
runc,262144,3.7711077e-05
runc,262144,3.7897917e-05
runc,262144,3.7612375e-05
runc,262144,4.7431346e-05
runc,262144,4.7680238e-05
runc,262144,4.3379907e-05
runc,262144,3.796714e-05
runc,262144,4.771398e-05
runc,262144,3.8881677e-05
runc,262144,4.3073611e-05
runc,262144,4.7449023e-05
runc,262144,3.8852479e-05
runc,262144,4.7553192e-05
runc,262144,4.848075e-05
runc,262144,4.7715101e-05
runc,262144,3.9001679e-05
runc,262144,3.8227448e-05
runc,262144,4.9379014e-05
runc,262144,4.221344e-05
runc,262144,4.8320064e-05
runc,262144,3.9897506e-05
runc,262144,4.7052727e-05
runc,262144,3.8665406e-05
runc,262144,4.8592057e-05
runc,262144,4.7464975e-05
runc,262144,4.1037045e-05
runc,262144,3.8488499e-05
runc,262144,3.8286122e-05
runc,262144,4.7807418e-05
runc,262144,4.7578498e-05
runc,262144,4.0764222e-05
runc,262144,3.8446047e-05
runc,262144,4.0151397e-05
runc,262144,3.8286158e-05
runc,262144,4.8864524e-05
runc,262144,3.9380124e-05
runc,262144,3.8877086e-05
runc,262144,3.8545455e-05
runc,262144,4.1587769e-05
runc,262144,3.7480324e-05
runc,262144,4.7583886e-05
runc,262144,4.9404884e-05
runc,262144,3.9816528e-05
runc,262144,4.1051262e-05
runc,262144,4.7669793e-05
runc,262144,4.7592333e-05
runc,262144,3.9696522e-05
runc,262144,4.217368e-05
runc,262144,3.7892689e-05
runc,262144,4.7056437e-05
runc,262144,4.7058598e-05
runc,262144,3.8619866e-05
runc,262144,4.0476236e-05
runc,262144,3.7581609e-05
runc,262144,4.8822807e-05
runc,262144,3.9055096e-05
runc,262144,4.9132555e-05
runc,262144,4.8112255e-05
runc,262144,3.9855e-05
runc,262144,3.7967286e-05
runsc_kvm,16384,1.4245368e-05
runsc_kvm,16384,1.3878224e-05
runsc_kvm,16384,1.4928796e-05
runsc_kvm,16384,1.4303702e-05
runsc_kvm,16384,1.3932025e-05
runsc_kvm,16384,1.4340153e-05
runsc_kvm,16384,1.4344914e-05
runsc_kvm,16384,1.4295435e-05
runsc_kvm,16384,1.4843732e-05
runsc_kvm,16384,1.4158145e-05
runsc_kvm,16384,1.3878806e-05
runsc_kvm,16384,1.4021467e-05
runsc_kvm,16384,1.4232948e-05
runsc_kvm,16384,1.3998986e-05
runsc_kvm,16384,1.5335152e-05
runsc_kvm,16384,1.4256203e-05
runsc_kvm,16384,1.3854198e-05
runsc_kvm,16384,1.5016611e-05
runsc_kvm,16384,1.5406256e-05
runsc_kvm,16384,1.4269362e-05
runsc_kvm,16384,1.4149133e-05
runsc_kvm,16384,1.4731895e-05
runsc_kvm,16384,1.447786e-05
runsc_kvm,16384,1.4207961e-05
runsc_kvm,16384,1.3965281e-05
runsc_kvm,16384,1.5119032e-05
runsc_kvm,16384,1.4166465e-05
runsc_kvm,16384,1.3980002e-05
runsc_kvm,16384,1.5200627e-05
runsc_kvm,16384,1.3898164e-05
runsc_kvm,16384,1.3920689e-05
runsc_kvm,16384,1.4039435e-05
runsc_kvm,16384,1.4544008e-05
runsc_kvm,16384,1.538554e-05
runsc_kvm,16384,1.5447355e-05
runsc_kvm,16384,1.5449747e-05
runsc_kvm,16384,1.6005069e-05
runsc_kvm,16384,1.5096967e-05
runsc_kvm,16384,1.4263491e-05
runsc_kvm,16384,1.4508225e-05
runsc_kvm,16384,1.4130264e-05
runsc_kvm,16384,1.4398644e-05
runsc_kvm,16384,1.4174968e-05
runsc_kvm,16384,1.4520626e-05
runsc_kvm,16384,1.4140935e-05
runsc_kvm,16384,1.417199e-05
runsc_kvm,16384,1.4469191e-05
runsc_kvm,16384,1.418965e-05
runsc_kvm,16384,1.4648459e-05
runsc_kvm,16384,1.4960669e-05
runsc_kvm,16384,1.3978492e-05
runsc_kvm,16384,1.4324201e-05
runsc_kvm,16384,1.464143e-05
runsc_kvm,16384,1.4497523e-05
runsc_kvm,16384,1.4470187e-05
runsc_kvm,16384,1.5302907e-05
runsc_kvm,16384,1.4204145e-05
runsc_kvm,16384,1.4553308e-05
runsc_kvm,16384,1.4129631e-05
runsc_kvm,16384,1.3787626e-05
runsc_kvm,16384,1.4008773e-05
runsc_kvm,16384,1.4289583e-05
runsc_kvm,16384,1.5602192e-05
runsc_kvm,16384,1.4583092e-05
runsc_kvm,16384,1.4493966e-05
runsc_kvm,16384,1.4090057e-05
runsc_kvm,16384,1.4583225e-05
runsc_kvm,16384,1.5351801e-05
runsc_kvm,16384,1.4088982e-05
runsc_kvm,16384,1.5450976e-05
runsc_kvm,16384,1.4535281e-05
runsc_kvm,16384,1.4155237e-05
runsc_kvm,16384,1.4226514e-05
runsc_kvm,16384,1.4351027e-05
runsc_kvm,16384,1.4239492e-05
runsc_kvm,16384,1.4138494e-05
runsc_kvm,16384,1.5530139e-05
runsc_kvm,16384,1.5401918e-05
runsc_kvm,16384,1.51029e-05
runsc_kvm,16384,1.4182518e-05
runsc_kvm,16384,1.4527515e-05
runsc_kvm,16384,1.4480329e-05
runsc_kvm,16384,1.4209585e-05
runsc_kvm,16384,1.4196296e-05
runsc_kvm,16384,1.399297e-05
runsc_kvm,16384,1.4487698e-05
runsc_kvm,16384,1.4469953e-05
runsc_kvm,16384,1.4663589e-05
runsc_kvm,16384,1.4342363e-05
runsc_kvm,16384,1.4071441e-05
runsc_kvm,16384,1.4080792e-05
runsc_kvm,16384,1.4427672e-05
runsc_kvm,16384,1.5230596e-05
runsc_kvm,16384,1.4427607e-05
runsc_kvm,16384,1.4082399e-05
runsc_kvm,16384,1.404471e-05
runsc_kvm,16384,1.3986796e-05
runsc_kvm,16384,1.3976041e-05
runsc_kvm,16384,1.4846226e-05
runsc_kvm,16384,1.4058165e-05
