runc,4096,1.06669e-06
runc,4096,1.031266e-06
runc,4096,1.090426e-06
runc,4096,1.082978e-06
runc,4096,1.07257e-06
runc,4096,1.088197e-06
runc,4096,1.111655e-06
runc,4096,1.084417e-06
runc,4096,9.93431e-07
runc,4096,1.091231e-06
runc,4096,1.071727e-06
runc,4096,1.039737e-06
runc,4096,1.265211e-06
runc,4096,1.070037e-06
runc,4096,1.093021e-06
runc,4096,9.8651e-07
runc,4096,9.77751e-07
runc,4096,1.073908e-06
runc,4096,9.3328e-07
runc,4096,8.81322e-07
runc,4096,9.86312e-07
runc,4096,1.062419e-06
runc,4096,1.038527e-06
runc,4096,9.89983e-07
runc,4096,9.68079e-07
runc,4096,9.52088e-07
runc,4096,1.04986e-06
runc,4096,1.075456e-06
runc,4096,9.49791e-07
runc,4096,9.78778e-07
runc,4096,1.038009e-06
runc,4096,1.031448e-06
runc,4096,1.080896e-06
runc,4096,1.108175e-06
runc,4096,8.26595e-07
runc,4096,1.029502e-06
runc,4096,1.021113e-06
runc,4096,1.088997e-06
runc,4096,1.082744e-06
runc,4096,9.95049e-07
runc,4096,1.067207e-06
runc,4096,1.104653e-06
runc,4096,9.92477e-07
runc,4096,1.02335e-06
runc,4096,1.081932e-06
runc,4096,1.021107e-06
runc,4096,1.060932e-06
runc,4096,1.072563e-06
runc,4096,1.030493e-06
runc,4096,1.081637e-06
runc,4096,1.070548e-06
runc,4096,9.42152e-07
runc,4096,1.121963e-06
runc,4096,7.28593e-07
runc,4096,7.20372e-07
runc,4096,1.017755e-06
runc,4096,9.59158e-07
runc,4096,1.079446e-06
runc,4096,1.090304e-06
runc,4096,7.91422e-07
runc,4096,1.038621e-06
runc,4096,1.090452e-06
runc,4096,1.052264e-06
runc,4096,1.071291e-06
runc,4096,1.060213e-06
runc,4096,9.10748e-07
runc,4096,9.77502e-07
runc,4096,9.47309e-07
runc,4096,1.00085e-06
runc,4096,1.01989e-06
runc,4096,1.084532e-06
runc,4096,9.76548e-07
runc,4096,1.105715e-06
runc,4096,1.051496e-06
runc,4096,1.095758e-06
runc,4096,9.4645e-07
runc,4096,9.35063e-07
runc,4096,1.115525e-06
runc,4096,8.51346e-07
runc,4096,1.07991e-06
runc,4096,1.033879e-06
runc,4096,9.94334e-07
runc,4096,1.013338e-06
runc,4096,1.070676e-06
runc,4096,7.80601e-07
runc,4096,1.037872e-06
runc,4096,1.037638e-06
runc,4096,1.043619e-06
runc,4096,1.084946e-06
runc,4096,9.94541e-07
runc,4096,1.019001e-06
runc,4096,1.060182e-06
runc,4096,1.095051e-06
runc,4096,1.066856e-06
runc,4096,1.085795e-06
runc,4096,1.127662e-06
runc,4096,1.052659e-06
runc,4096,1.064493e-06
runc,4096,7.43106e-07
runc,4096,1.045589e-06
runsc_kvm,65536,2.2316513e-05
runsc_kvm,65536,2.4614548e-05
runsc_kvm,65536,2.4213066e-05
runsc_kvm,65536,2.5674399e-05
runsc_kvm,65536,2.202515e-05
runsc_kvm,65536,2.1783477e-05
runsc_kvm,65536,2.5542311e-05
runsc_kvm,65536,1.989506e-05
runsc_kvm,65536,2.3637707e-05
runsc_kvm,65536,2.3433739e-05
runsc_kvm,65536,2.5561134e-05
runsc_kvm,65536,2.6581713e-05
runsc_kvm,65536,2.5114816e-05
runsc_kvm,65536,2.5080981e-05
runsc_kvm,65536,2.4439139e-05
runsc_kvm,65536,2.1805869e-05
runsc_kvm,65536,2.3586177e-05
runsc_kvm,65536,2.4719568e-05
runsc_kvm,65536,2.4712415e-05
runsc_kvm,65536,2.8276549e-05
runsc_kvm,65536,2.4717008e-05
runsc_kvm,65536,2.6382604e-05
runsc_kvm,65536,2.4398398e-05
runsc_kvm,65536,2.4115849e-05
runsc_kvm,65536,2.4889154e-05
runsc_kvm,65536,2.4529185e-05
runsc_kvm,65536,2.6356545e-05
runsc_kvm,65536,2.4431487e-05
runsc_kvm,65536,2.5957599e-05
runsc_kvm,65536,2.5543546e-05
runsc_kvm,65536,2.367848e-05
runsc_kvm,65536,2.5997691e-05
runsc_kvm,65536,2.1964037e-05
runsc_kvm,65536,2.5448251e-05
runsc_kvm,65536,2.1269458e-05
runsc_kvm,65536,2.4945657e-05
runsc_kvm,65536,2.3815837e-05
runsc_kvm,65536,2.5962887e-05
runsc_kvm,65536,2.5787718e-05
runsc_kvm,65536,2.2086757e-05
runsc_kvm,65536,2.3771072e-05
runsc_kvm,65536,2.5053403e-05
runsc_kvm,65536,2.539516e-05
runsc_kvm,65536,2.6185724e-05
runsc_kvm,65536,2.5019035e-05
runsc_kvm,65536,2.4444291e-05
runsc_kvm,65536,2.5378775e-05
runsc_kvm,65536,2.5817779e-05
runsc_kvm,65536,2.7317257e-05
runsc_kvm,65536,2.6236235e-05
runsc_kvm,65536,2.4604728e-05
runsc_kvm,65536,2.5686772e-05
runsc_kvm,65536,2.4745645e-05
runsc_kvm,65536,2.5575524e-05
runsc_kvm,65536,2.4182918e-05
runsc_kvm,65536,2.4756606e-05
runsc_kvm,65536,2.686842e-05
runsc_kvm,65536,2.4877383e-05
runsc_kvm,65536,2.3712364e-05
runsc_kvm,65536,2.6322303e-05
runsc_kvm,65536,2.0844431e-05
runsc_kvm,65536,2.6046093e-05
runsc_kvm,65536,2.3019385e-05
runsc_kvm,65536,2.4481917e-05
runsc_kvm,65536,2.7632947e-05
runsc_kvm,65536,2.3105051e-05
runsc_kvm,65536,2.6983289e-05
runsc_kvm,65536,2.4616451e-05
runsc_kvm,65536,2.2528109e-05
runsc_kvm,65536,2.3748267e-05
runsc_kvm,65536,2.2077178e-05
runsc_kvm,65536,2.0153715e-05
runsc_kvm,65536,2.1709762e-05
runsc_kvm,65536,2.4428251e-05
runsc_kvm,65536,2.5373662e-05
runsc_kvm,65536,2.6590815e-05
runsc_kvm,65536,2.4049561e-05
runsc_kvm,65536,2.8007804e-05
runsc_kvm,65536,2.2574231e-05
runsc_kvm,65536,2.3955832e-05
runsc_kvm,65536,2.4784209e-05
runsc_kvm,65536,2.4126415e-05
runsc_kvm,65536,2.7601985e-05
runsc_kvm,65536,2.2489468e-05
runsc_kvm,65536,2.3510365e-05
runsc_kvm,65536,2.3620618e-05
runsc_kvm,65536,2.5821986e-05
runsc_kvm,65536,2.496625e-05
runsc_kvm,65536,2.3578219e-05
runsc_kvm,65536,2.3529818e-05
runsc_kvm,65536,2.5672551e-05
runsc_kvm,65536,2.7345734e-05
runsc_kvm,65536,2.3531571e-05
runsc_kvm,65536,2.6034071e-05
runsc_kvm,65536,2.5577208e-05
runsc_kvm,65536,2.3703848e-05
runsc_kvm,65536,2.7075466e-05
runsc_kvm,65536,2.6696043e-05
runsc_kvm,65536,2.4771671e-05
runsc_kvm,65536,2.5832071e-05
runsc_kvm,1048576,0.000157396833
runsc_kvm,1048576,0.000172568034
runsc_kvm,1048576,0.00015921786
runsc_kvm,1048576,0.000188129328
runsc_kvm,1048576,0.00016396353
runsc_kvm,1048576,0.000166364553
runsc_kvm,1048576,0.00018388615
runsc_kvm,1048576,0.000152421606
runsc_kvm,1048576,0.00016333269
runsc_kvm,1048576,0.000159788091
runsc_kvm,1048576,0.000166626618
runsc_kvm,1048576,0.000156337323
runsc_kvm,1048576,0.000154659065
runsc_kvm,1048576,0.000148108622
runsc_kvm,1048576,0.000192472158
runsc_kvm,1048576,0.000155297705
runsc_kvm,1048576,0.000161842283
runsc_kvm,1048576,0.000173363616
runsc_kvm,1048576,0.000169405874
runsc_kvm,1048576,0.000167165577
runsc_kvm,1048576,0.000166955811
runsc_kvm,1048576,0.00016471323
runsc_kvm,1048576,0.000156658658
runsc_kvm,1048576,0.000154434849
runsc_kvm,1048576,0.00015589378
runsc_kvm,1048576,0.000163519115
runsc_kvm,1048576,0.000153067333
runsc_kvm,1048576,0.000157149625
runsc_kvm,1048576,0.000157458271
runsc_kvm,1048576,0.000158488823
runsc_kvm,1048576,0.000167258593
runsc_kvm,1048576,0.000155538612
runsc_kvm,1048576,0.000171333377
runsc_kvm,1048576,0.000152872613
runsc_kvm,1048576,0.000157408169
runsc_kvm,1048576,0.000174064029
runsc_kvm,1048576,0.00017307674
runsc_kvm,1048576,0.000155036309
runsc_kvm,1048576,0.000167645965
runsc_kvm,1048576,0.000151010783
runsc_kvm,1048576,0.000181586001
runsc_kvm,1048576,0.000177875772
runsc_kvm,1048576,0.00017182091
runsc_kvm,1048576,0.000152327077
runsc_kvm,1048576,0.000170268802
runsc_kvm,1048576,0.000148834981
runsc_kvm,1048576,0.000153363595
runsc_kvm,1048576,0.00016429674
runsc_kvm,1048576,0.000171536012
runsc_kvm,1048576,0.000162666038
runsc_kvm,1048576,0.000157772112
runsc_kvm,1048576,0.000163152581
runsc_kvm,1048576,0.000161760981
runsc_kvm,1048576,0.000166759084
runsc_kvm,1048576,0.000154860201
runsc_kvm,1048576,0.000154124515
runsc_kvm,1048576,0.000157796283
runsc_kvm,1048576,0.000156111608
runsc_kvm,1048576,0.000161549222
runsc_kvm,1048576,0.000154714886
runsc_kvm,1048576,0.000153769361
runsc_kvm,1048576,0.000153058179
runsc_kvm,1048576,0.000166798593
runsc_kvm,1048576,0.000158771349
runsc_kvm,1048576,0.000159621733
runsc_kvm,1048576,0.000176276211
runsc_kvm,1048576,0.000153657893
runsc_kvm,1048576,0.000149727828
runsc_kvm,1048576,0.000153954912
runsc_kvm,1048576,0.000148116815
runsc_kvm,1048576,0.000156019378
runsc_kvm,1048576,0.00015669805
runsc_kvm,1048576,0.000169541629
runsc_kvm,1048576,0.000196252149
runsc_kvm,1048576,0.000159182207
runsc_kvm,1048576,0.000160681579
runsc_kvm,1048576,0.000154575988
runsc_kvm,1048576,0.000189152343
runsc_kvm,1048576,0.000175954337
runsc_kvm,1048576,0.000183389697
runsc_kvm,1048576,0.000165344507
runsc_kvm,1048576,0.00015778582
runsc_kvm,1048576,0.000159206887
runsc_kvm,1048576,0.000155898044
runsc_kvm,1048576,0.000157922041
runsc_kvm,1048576,0.000156302602
runsc_kvm,1048576,0.00015187946
runsc_kvm,1048576,0.000177180424
runsc_kvm,1048576,0.000159391813
runsc_kvm,1048576,0.000183370386
runsc_kvm,1048576,0.000159751915
runsc_kvm,1048576,0.00017355512
runsc_kvm,1048576,0.000163723962
runsc_kvm,1048576,0.000148447478
runsc_kvm,1048576,0.000163581091
runsc_kvm,1048576,0.000163766206
runsc_kvm,1048576,0.000165970341
runsc_kvm,1048576,0.000173288921
runsc_kvm,1048576,0.000157016242
runsc_kvm,1048576,0.000173621534
runsc_kvm,262144,5.9202241e-05
runsc_kvm,262144,5.8259739e-05
runsc_kvm,262144,4.8901715e-05
runsc_kvm,262144,6.5838678e-05
runsc_kvm,262144,5.2942229e-05
runsc_kvm,262144,5.9781782e-05
runsc_kvm,262144,6.1572333e-05
runsc_kvm,262144,5.5522538e-05
runsc_kvm,262144,5.2270676e-05
runsc_kvm,262144,5.0935127e-05
runsc_kvm,262144,5.1399693e-05
runsc_kvm,262144,5.4517237e-05
runsc_kvm,262144,5.672e-05
runsc_kvm,262144,5.5731416e-05
runsc_kvm,262144,6.3534782e-05
runsc_kvm,262144,5.281284e-05
runsc_kvm,262144,6.0850925e-05
runsc_kvm,262144,5.2462812e-05
runsc_kvm,262144,6.2711326e-05
runsc_kvm,262144,5.1877818e-05
runsc_kvm,262144,5.4233857e-05
runsc_kvm,262144,6.2489526e-05
runsc_kvm,262144,5.5509605e-05
runsc_kvm,262144,6.002485e-05
runsc_kvm,262144,5.9701277e-05
runsc_kvm,262144,6.4844251e-05
runsc_kvm,262144,6.022914e-05
runsc_kvm,262144,6.5931505e-05
runsc_kvm,262144,5.5969977e-05
runsc_kvm,262144,5.4218031e-05
runsc_kvm,262144,5.5791646e-05
runsc_kvm,262144,5.9179907e-05
runsc_kvm,262144,6.0392569e-05
runsc_kvm,262144,5.9642614e-05
runsc_kvm,262144,5.0808078e-05
runsc_kvm,262144,5.9051294e-05
runsc_kvm,262144,5.1291379e-05
runsc_kvm,262144,5.7920719e-05
runsc_kvm,262144,5.8875143e-05
runsc_kvm,262144,6.0499315e-05
runsc_kvm,262144,5.5198801e-05
runsc_kvm,262144,5.3914056e-05
runsc_kvm,262144,6.2516789e-05
runsc_kvm,262144,5.3557014e-05
runsc_kvm,262144,5.2643471e-05
runsc_kvm,262144,4.8337479e-05
runsc_kvm,262144,5.43231e-05
runsc_kvm,262144,4.9574013e-05
runsc_kvm,262144,5.94066e-05
runsc_kvm,262144,5.6404395e-05
runsc_kvm,262144,5.5470486e-05
runsc_kvm,262144,5.8554822e-05
runsc_kvm,262144,6.069363e-05
runsc_kvm,262144,5.6570298e-05
runsc_kvm,262144,5.6395871e-05
runsc_kvm,262144,5.4984102e-05
runsc_kvm,262144,5.6455599e-05
runsc_kvm,262144,5.2765179e-05
runsc_kvm,262144,5.8946094e-05
runsc_kvm,262144,6.0054284e-05
runsc_kvm,262144,5.646412e-05
runsc_kvm,262144,5.1605311e-05
runsc_kvm,262144,6.244221e-05
runsc_kvm,262144,5.5020737e-05
runsc_kvm,262144,5.231443e-05
runsc_kvm,262144,5.4917822e-05
runsc_kvm,262144,6.2142579e-05
runsc_kvm,262144,5.0990609e-05
runsc_kvm,262144,5.4993481e-05
runsc_kvm,262144,5.4421682e-05
runsc_kvm,262144,5.9479575e-05
runsc_kvm,262144,5.6060595e-05
runsc_kvm,262144,5.8215952e-05
runsc_kvm,262144,5.4275963e-05
runsc_kvm,262144,5.5000259e-05
runsc_kvm,262144,6.0956616e-05
runsc_kvm,262144,5.9107733e-05
runsc_kvm,262144,6.0912029e-05
runsc_kvm,262144,5.8374357e-05
runsc_kvm,262144,5.7730598e-05
runsc_kvm,262144,5.4237455e-05
runsc_kvm,262144,5.1282779e-05
runsc_kvm,262144,5.4302443e-05
runsc_kvm,262144,5.0913e-05
runsc_kvm,262144,5.4174627e-05
runsc_kvm,262144,5.9807066e-05
runsc_kvm,262144,5.3258074e-05
runsc_kvm,262144,5.6634406e-05
runsc_kvm,262144,5.971369e-05
runsc_kvm,262144,5.9970775e-05
runsc_kvm,262144,5.8040969e-05
runsc_kvm,262144,5.6558729e-05
runsc_kvm,262144,5.3580705e-05
runsc_kvm,262144,5.4308104e-05
runsc_kvm,262144,5.0011335e-05
runsc_kvm,262144,5.2367919e-05
runsc_kvm,262144,5.3539738e-05
runsc_kvm,262144,5.9017839e-05
runsc_kvm,262144,6.0665123e-05
runsc_kvm,262144,5.6610384e-05
runsc_kvm,4096,1.2940424e-05
runsc_kvm,4096,1.2479892e-05
runsc_kvm,4096,1.257e-05
runsc_kvm,4096,1.2690187e-05
runsc_kvm,4096,1.3743e-05
runsc_kvm,4096,1.2477243e-05
runsc_kvm,4096,1.2770618e-05
runsc_kvm,4096,1.2363857e-05
runsc_kvm,4096,1.2304045e-05
runsc_kvm,4096,1.3089135e-05
runsc_kvm,4096,1.3671945e-05
runsc_kvm,4096,1.3737178e-05
runsc_kvm,4096,1.3342698e-05
runsc_kvm,4096,1.2635883e-05
runsc_kvm,4096,1.2012086e-05
runsc_kvm,4096,1.2147016e-05
runsc_kvm,4096,1.2623475e-05
runsc_kvm,4096,1.2029558e-05
runsc_kvm,4096,1.2847069e-05
runsc_kvm,4096,1.2204205e-05
runsc_kvm,4096,1.1523704e-05
runsc_kvm,4096,1.2787873e-05
runsc_kvm,4096,1.3359459e-05
runsc_kvm,4096,1.3252623e-05
runsc_kvm,4096,1.334475e-05
runsc_kvm,4096,1.2730841e-05
runsc_kvm,4096,1.3233084e-05
runsc_kvm,4096,1.3281972e-05
runsc_kvm,4096,1.1420443e-05
runsc_kvm,4096,1.1946653e-05
runsc_kvm,4096,1.2645538e-05
runsc_kvm,4096,1.1977665e-05
runsc_kvm,4096,1.2366761e-05
runsc_kvm,4096,1.2598802e-05
runsc_kvm,4096,1.3153128e-05
runsc_kvm,4096,1.2029832e-05
runsc_kvm,4096,1.2622979e-05
runsc_kvm,4096,1.1460967e-05
runsc_kvm,4096,1.2277955e-05
runsc_kvm,4096,1.0988179e-05
runsc_kvm,4096,1.2795875e-05
runsc_kvm,4096,1.1455852e-05
runsc_kvm,4096,1.3205952e-05
runsc_kvm,4096,1.2487849e-05
runsc_kvm,4096,1.1190963e-05
runsc_kvm,4096,1.4101954e-05
runsc_kvm,4096,1.2846589e-05
runsc_kvm,4096,1.2536999e-05
runsc_kvm,4096,1.2221752e-05
runsc_kvm,4096,1.2822219e-05
runsc_kvm,4096,1.2214867e-05
runsc_kvm,4096,1.3307269e-05
runsc_kvm,4096,1.2704873e-05
runsc_kvm,4096,1.2341034e-05
runsc_kvm,4096,1.2497057e-05
runsc_kvm,4096,1.2100169e-05
runsc_kvm,4096,1.338902e-05
runsc_kvm,4096,1.2818157e-05
runsc_kvm,4096,1.277403e-05
runsc_kvm,4096,1.1762593e-05
runsc_kvm,4096,1.2986616e-05
runsc_kvm,4096,1.2752709e-05
runsc_kvm,4096,1.3211031e-05
runsc_kvm,4096,1.2960257e-05
runsc_kvm,4096,1.2887814e-05
runsc_kvm,4096,1.3561345e-05
runsc_kvm,4096,1.2529187e-05
runsc_kvm,4096,1.263821e-05
runsc_kvm,4096,1.2769272e-05
runsc_kvm,4096,1.308769e-05
runsc_kvm,4096,1.2961586e-05
runsc_kvm,4096,1.2795038e-05
runsc_kvm,4096,1.1747697e-05
runsc_kvm,4096,1.1403644e-05
runsc_kvm,4096,1.2072122e-05
runsc_kvm,4096,1.2896162e-05
runsc_kvm,4096,1.2394351e-05
runsc_kvm,4096,1.3126675e-05
runsc_kvm,4096,1.26642e-05
runsc_kvm,4096,1.2162064e-05
runsc_kvm,4096,1.2907164e-05
runsc_kvm,4096,1.2732806e-05
runsc_kvm,4096,1.2972573e-05
runsc_kvm,4096,1.2480396e-05
runsc_kvm,4096,1.2786651e-05
runsc_kvm,4096,1.2766183e-05
runsc_kvm,4096,1.2794766e-05
runsc_kvm,4096,1.2132523e-05
runsc_kvm,4096,1.1822896e-05
runsc_kvm,4096,1.2463081e-05
runsc_kvm,4096,1.2558785e-05
runsc_kvm,4096,1.2950387e-05
runsc_kvm,4096,1.2209621e-05
runsc_kvm,4096,1.2228267e-05
runsc_kvm,4096,1.294784e-05
runsc_kvm,4096,1.2791545e-05
runsc_kvm,4096,1.1966365e-05
runsc_kvm,4096,1.309056e-05
runsc_kvm,4096,1.26158e-05
runsc_kvm,4096,1.289492e-05
bare,65536,8.178257e-06
bare,65536,9.845631e-06
bare,65536,7.985254e-06
bare,65536,7.942627e-06
bare,65536,9.519865e-06
bare,65536,9.89712e-06
bare,65536,8.270335e-06
bare,65536,7.97808e-06
bare,65536,8.236419e-06
bare,65536,8.096511e-06
bare,65536,8.454274e-06
bare,65536,8.444232e-06
bare,65536,8.321889e-06
bare,65536,8.515282e-06
bare,65536,8.381217e-06
bare,65536,8.382271e-06
bare,65536,8.01274e-06
bare,65536,8.006196e-06
bare,65536,8.379866e-06
bare,65536,8.664431e-06
bare,65536,8.468092e-06
bare,65536,8.079709e-06
bare,65536,7.967881e-06
bare,65536,9.825284e-06
bare,65536,9.949292e-06
bare,65536,8.021016e-06
bare,65536,8.024297e-06
bare,65536,8.373586e-06
bare,65536,8.378664e-06
bare,65536,8.43144e-06
bare,65536,8.487691e-06
bare,65536,8.384289e-06
bare,65536,8.430873e-06
bare,65536,9.746703e-06
bare,65536,9.779744e-06
bare,65536,8.5021e-06
bare,65536,8.485388e-06
bare,65536,8.550657e-06
bare,65536,9.79671e-06
bare,65536,9.626054e-06
bare,65536,9.850235e-06
bare,65536,8.570289e-06
bare,65536,8.415564e-06
bare,65536,9.745431e-06
bare,65536,9.991339e-06
bare,65536,8.434771e-06
bare,65536,8.372883e-06
bare,65536,8.330531e-06
bare,65536,9.869289e-06
bare,65536,1.0004142e-05
bare,65536,8.336579e-06
bare,65536,8.358063e-06
bare,65536,8.279603e-06
bare,65536,9.832906e-06
bare,65536,9.875675e-06
bare,65536,8.534994e-06
bare,65536,8.317933e-06
bare,65536,8.425274e-06
bare,65536,8.467667e-06
bare,65536,8.715666e-06
bare,65536,8.359691e-06
bare,65536,8.380555e-06
bare,65536,8.519091e-06
bare,65536,8.312875e-06
bare,65536,8.428518e-06
bare,65536,8.444087e-06
bare,65536,8.307617e-06
bare,65536,9.653226e-06
bare,65536,8.364167e-06
bare,65536,8.351806e-06
bare,65536,9.902695e-06
bare,65536,8.461946e-06
bare,65536,8.320038e-06
bare,65536,8.596217e-06
bare,65536,8.498921e-06
bare,65536,9.791522e-06
bare,65536,1.1453481e-05
bare,65536,9.988601e-06
bare,65536,8.290157e-06
bare,65536,8.331172e-06
bare,65536,8.285102e-06
bare,65536,9.889711e-06
bare,65536,8.382232e-06
bare,65536,8.460835e-06
bare,65536,8.374336e-06
bare,65536,8.458445e-06
bare,65536,9.646016e-06
bare,65536,8.426119e-06
bare,65536,8.492765e-06
bare,65536,8.376503e-06
bare,65536,8.471298e-06
bare,65536,8.364632e-06
bare,65536,8.353037e-06
bare,65536,8.449423e-06
bare,65536,8.400539e-06
bare,65536,8.49956e-06
bare,65536,8.345582e-06
bare,65536,8.335739e-06
bare,65536,8.367924e-06
bare,65536,8.42292e-06
runc,1048576,0.000142469115
runc,1048576,0.000140703996
runc,1048576,0.000140763412
runc,1048576,0.000140865639
runc,1048576,0.000142179881
runc,1048576,0.000149395841
runc,1048576,0.000146177321
runc,1048576,0.000141737284
runc,1048576,0.000140006581
runc,1048576,0.00014527289
runc,1048576,0.000146337523
runc,1048576,0.000148027786
runc,1048576,0.000148721796
runc,1048576,0.000141172204
runc,1048576,0.000144310936
runc,1048576,0.000137584429
runc,1048576,0.000140580043
runc,1048576,0.000141634548
runc,1048576,0.00013920608
runc,1048576,0.000144848018
runc,1048576,0.000145537007
runc,1048576,0.000141872486
runc,1048576,0.000146765859
runc,1048576,0.000144779711
runc,1048576,0.00014659125
runc,1048576,0.000147177998
runc,1048576,0.000144524776
runc,1048576,0.000141219381
runc,1048576,0.000139931479
runc,1048576,0.000143447221
runc,1048576,0.000147096449
runc,1048576,0.000146382386
runc,1048576,0.000143611163
runc,1048576,0.000145917424
runc,1048576,0.000142802339
runc,1048576,0.000149700674
runc,1048576,0.000144995574
runc,1048576,0.000140218253
runc,1048576,0.000146208025
runc,1048576,0.000144532445
runc,1048576,0.000141614888
runc,1048576,0.000145160084
runc,1048576,0.000143630517
runc,1048576,0.000143624886
runc,1048576,0.000141746117
runc,1048576,0.00014424957
runc,1048576,0.000141793033
runc,1048576,0.000137902345
runc,1048576,0.00013926439
runc,1048576,0.000141388286
runc,1048576,0.000142516699
runc,1048576,0.000147701867
runc,1048576,0.000145301485
runc,1048576,0.000139847514
runc,1048576,0.000143732497
runc,1048576,0.000145796381
runc,1048576,0.000146260514
runc,1048576,0.000145960192
runc,1048576,0.000145529135
runc,1048576,0.000140597651
runc,1048576,0.00014461542
runc,1048576,0.000148330568
runc,1048576,0.000142861754
runc,1048576,0.000141005701
runc,1048576,0.000142626333
runc,1048576,0.000145186757
runc,1048576,0.000141560711
runc,1048576,0.000144386853
runc,1048576,0.000139829339
runc,1048576,0.000145402562
runc,1048576,0.000137254494
runc,1048576,0.000149045212
runc,1048576,0.000144476566
runc,1048576,0.000141828379
runc,1048576,0.000146497463
runc,1048576,0.000145452519
runc,1048576,0.000138325675
runc,1048576,0.000143470199
runc,1048576,0.000148471154
runc,1048576,0.000144535778
runc,1048576,0.000144245612
runc,1048576,0.00014234733
runc,1048576,0.000140350574
runc,1048576,0.000140210075
runc,1048576,0.000138189891
runc,1048576,0.000142862089
runc,1048576,0.000144470003
runc,1048576,0.000142593199
runc,1048576,0.000147914194
runc,1048576,0.000143523983
runc,1048576,0.000141703218
runc,1048576,0.00014241114
runc,1048576,0.000143740966
runc,1048576,0.000141958881
runc,1048576,0.000147221028
runc,1048576,0.000144596605
runc,1048576,0.000140986856
runc,1048576,0.000147307917
runc,1048576,0.000147465471
runc,1048576,0.000142182776
bare,1048576,0.000139764932
bare,1048576,0.000141216733
bare,1048576,0.000141596582
bare,1048576,0.000140104195
bare,1048576,0.000141970988
bare,1048576,0.000141452183
bare,1048576,0.00014108012
bare,1048576,0.000139291005
bare,1048576,0.000171202468
bare,1048576,0.000140476346
bare,1048576,0.000142232995
bare,1048576,0.000144178717
bare,1048576,0.000140780787
bare,1048576,0.00014292683
bare,1048576,0.000140325836
bare,1048576,0.000143232101
bare,1048576,0.000141801822
bare,1048576,0.000138850868
bare,1048576,0.000143404905
bare,1048576,0.000145726779
bare,1048576,0.000141124096
bare,1048576,0.000141547644
bare,1048576,0.000174439367
bare,1048576,0.000145084385
bare,1048576,0.000142340272
bare,1048576,0.000139140509
bare,1048576,0.000140434451
bare,1048576,0.000144198682
bare,1048576,0.000140502903
bare,1048576,0.000137452065
bare,1048576,0.000143390425
bare,1048576,0.000145138518
bare,1048576,0.000143110374
bare,1048576,0.000141474127
bare,1048576,0.000140173506
bare,1048576,0.000175253183
bare,1048576,0.000138164716
bare,1048576,0.000143144935
bare,1048576,0.000141658951
bare,1048576,0.000138831354
bare,1048576,0.000138031421
bare,1048576,0.000142074248
bare,1048576,0.000144212623
bare,1048576,0.000142446675
bare,1048576,0.000142221426
bare,1048576,0.000171710068
bare,1048576,0.000142258417
bare,1048576,0.000141763448
bare,1048576,0.000142857622
bare,1048576,0.000140812073
bare,1048576,0.000140333257
bare,1048576,0.00014213055
bare,1048576,0.000142941237
bare,1048576,0.000142002158
bare,1048576,0.00014342858
bare,1048576,0.000140735996
bare,1048576,0.000142763049
bare,1048576,0.000143576486
bare,1048576,0.000142922683
bare,1048576,0.000138246702
bare,1048576,0.000144396879
bare,1048576,0.000143152065
bare,1048576,0.000141220327
bare,1048576,0.000142620673
bare,1048576,0.000141940647
bare,1048576,0.000141452372
bare,1048576,0.000141734199
bare,1048576,0.000141563476
bare,1048576,0.000142502075
bare,1048576,0.000141758283
bare,1048576,0.000138623451
bare,1048576,0.000142948993
bare,1048576,0.000139211857
bare,1048576,0.000139908108
bare,1048576,0.000138840594
bare,1048576,0.000141915167
bare,1048576,0.000142186589
bare,1048576,0.000139430034
bare,1048576,0.000142942954
bare,1048576,0.000141423952
bare,1048576,0.000140005301
bare,1048576,0.000141844765
bare,1048576,0.000138333678
bare,1048576,0.000137471681
bare,1048576,0.000142520657
bare,1048576,0.000142332763
bare,1048576,0.000137455019
bare,1048576,0.000142738034
bare,1048576,0.000140950622
bare,1048576,0.000142980687
bare,1048576,0.000141304932
bare,1048576,0.000139587399
bare,1048576,0.000142189863
bare,1048576,0.000137415482
bare,1048576,0.000143740093
bare,1048576,0.000138051895
bare,1048576,0.000142084202
bare,1048576,0.000140898235
bare,1048576,0.000141941331
bare,1048576,0.000138529678
runsc_ptrace,1048576,0.000217805296
runsc_ptrace,1048576,0.000203015399
runsc_ptrace,1048576,0.000167637598
runsc_ptrace,1048576,0.000203922347
runsc_ptrace,1048576,0.000164917845
runsc_ptrace,1048576,0.000186983511
runsc_ptrace,1048576,0.000190251027
runsc_ptrace,1048576,0.000163146557
runsc_ptrace,1048576,0.000176209142
runsc_ptrace,1048576,0.000154025824
runsc_ptrace,1048576,0.000187940459
runsc_ptrace,1048576,0.000186361242
runsc_ptrace,1048576,0.000197382818
runsc_ptrace,1048576,0.000198007561
runsc_ptrace,1048576,0.000199367845
runsc_ptrace,1048576,0.000193812273
runsc_ptrace,1048576,0.000209748003
runsc_ptrace,1048576,0.000171395412
runsc_ptrace,1048576,0.000211385937
runsc_ptrace,1048576,0.000177434413
runsc_ptrace,1048576,0.000191436789
runsc_ptrace,1048576,0.000169436287
runsc_ptrace,1048576,0.0002128661
runsc_ptrace,1048576,0.000164941885
runsc_ptrace,1048576,0.000169395746
runsc_ptrace,1048576,0.000178941933
runsc_ptrace,1048576,0.00019332394
runsc_ptrace,1048576,0.000167856269
runsc_ptrace,1048576,0.000174512214
runsc_ptrace,1048576,0.000203457545
runsc_ptrace,1048576,0.000183333759
runsc_ptrace,1048576,0.000179861221
runsc_ptrace,1048576,0.000161011732
runsc_ptrace,1048576,0.000164655081
runsc_ptrace,1048576,0.000161963355
runsc_ptrace,1048576,0.000165216727
runsc_ptrace,1048576,0.000184758625
runsc_ptrace,1048576,0.000163979246
runsc_ptrace,1048576,0.00020673807
runsc_ptrace,1048576,0.000216362576
runsc_ptrace,1048576,0.000160361349
runsc_ptrace,1048576,0.000218646543
runsc_ptrace,1048576,0.000164805286
runsc_ptrace,1048576,0.000201456773
runsc_ptrace,1048576,0.000205236589
runsc_ptrace,1048576,0.000187356651
runsc_ptrace,1048576,0.000176957969
runsc_ptrace,1048576,0.000199086702
runsc_ptrace,1048576,0.000191417392
runsc_ptrace,1048576,0.000164308221
runsc_ptrace,1048576,0.000173275563
runsc_ptrace,1048576,0.000209315491
runsc_ptrace,1048576,0.000177262569
runsc_ptrace,1048576,0.00018472095
runsc_ptrace,1048576,0.000215017106
runsc_ptrace,1048576,0.000168223443
runsc_ptrace,1048576,0.000197242742
runsc_ptrace,1048576,0.000178726812
runsc_ptrace,1048576,0.000160346448
runsc_ptrace,1048576,0.000201968462
runsc_ptrace,1048576,0.000230694422
runsc_ptrace,1048576,0.000189350045
runsc_ptrace,1048576,0.000163304881
runsc_ptrace,1048576,0.000178030474
runsc_ptrace,1048576,0.000168789178
runsc_ptrace,1048576,0.000160305251
runsc_ptrace,1048576,0.000163908117
runsc_ptrace,1048576,0.000177227397
runsc_ptrace,1048576,0.000213650841
runsc_ptrace,1048576,0.000179877257
runsc_ptrace,1048576,0.000193448635
runsc_ptrace,1048576,0.000205942197
runsc_ptrace,1048576,0.000179509676
runsc_ptrace,1048576,0.000173782755
runsc_ptrace,1048576,0.000211881517
runsc_ptrace,1048576,0.00016793939
runsc_ptrace,1048576,0.000221387425
runsc_ptrace,1048576,0.000165902078
runsc_ptrace,1048576,0.000204780503
runsc_ptrace,1048576,0.000159723073
runsc_ptrace,1048576,0.000217341178
runsc_ptrace,1048576,0.000198616981
runsc_ptrace,1048576,0.000203317642
runsc_ptrace,1048576,0.000177302572
runsc_ptrace,1048576,0.000198695983
runsc_ptrace,1048576,0.000205345437
runsc_ptrace,1048576,0.000201364732
runsc_ptrace,1048576,0.000203716874
runsc_ptrace,1048576,0.000185674406
runsc_ptrace,1048576,0.000201893577
runsc_ptrace,1048576,0.000193379921
runsc_ptrace,1048576,0.000184343764
runsc_ptrace,1048576,0.000164919067
runsc_ptrace,1048576,0.000172035579
runsc_ptrace,1048576,0.000176281697
runsc_ptrace,1048576,0.000176041416
runsc_ptrace,1048576,0.000165721038
runsc_ptrace,1048576,0.000166251208
runsc_ptrace,1048576,0.00020482231
runsc_ptrace,1048576,0.000180891322
runsc_ptrace,4096,1.6366948e-05
runsc_ptrace,4096,2.0114672e-05
runsc_ptrace,4096,1.62738e-05
runsc_ptrace,4096,1.5894135e-05
runsc_ptrace,4096,1.5192313e-05
runsc_ptrace,4096,1.5693829e-05
runsc_ptrace,4096,1.5754365e-05
runsc_ptrace,4096,1.5545587e-05
runsc_ptrace,4096,1.5119164e-05
runsc_ptrace,4096,1.6286618e-05
runsc_ptrace,4096,1.7081105e-05
runsc_ptrace,4096,1.6071148e-05
runsc_ptrace,4096,1.3692169e-05
runsc_ptrace,4096,1.4997525e-05
runsc_ptrace,4096,1.5518983e-05
runsc_ptrace,4096,1.5808904e-05
runsc_ptrace,4096,1.5594025e-05
runsc_ptrace,4096,1.6109179e-05
runsc_ptrace,4096,1.6081103e-05
runsc_ptrace,4096,1.5328869e-05
runsc_ptrace,4096,1.5890431e-05
runsc_ptrace,4096,1.5817335e-05
runsc_ptrace,4096,1.5805639e-05
runsc_ptrace,4096,1.5649997e-05
runsc_ptrace,4096,1.5815571e-05
runsc_ptrace,4096,1.5632308e-05
runsc_ptrace,4096,1.5282098e-05
runsc_ptrace,4096,1.6299635e-05
runsc_ptrace,4096,1.5181866e-05
runsc_ptrace,4096,1.6174557e-05
runsc_ptrace,4096,1.525529e-05
runsc_ptrace,4096,1.4928765e-05
runsc_ptrace,4096,1.5420001e-05
runsc_ptrace,4096,1.5731628e-05
runsc_ptrace,4096,1.6820433e-05
runsc_ptrace,4096,1.6455169e-05
runsc_ptrace,4096,1.5508664e-05
runsc_ptrace,4096,1.6853808e-05
runsc_ptrace,4096,1.4719853e-05
runsc_ptrace,4096,1.5443287e-05
runsc_ptrace,4096,1.4652948e-05
runsc_ptrace,4096,1.5546215e-05
runsc_ptrace,4096,1.6225689e-05
runsc_ptrace,4096,1.645452e-05
runsc_ptrace,4096,1.578258e-05
runsc_ptrace,4096,1.5488407e-05
runsc_ptrace,4096,1.5550098e-05
runsc_ptrace,4096,1.5569933e-05
runsc_ptrace,4096,1.6576405e-05
runsc_ptrace,4096,1.6241984e-05
runsc_ptrace,4096,1.3400479e-05
runsc_ptrace,4096,1.6894208e-05
runsc_ptrace,4096,1.6594393e-05
runsc_ptrace,4096,1.5872169e-05
runsc_ptrace,4096,1.5353287e-05
runsc_ptrace,4096,1.4653892e-05
runsc_ptrace,4096,1.5624762e-05
runsc_ptrace,4096,1.5290228e-05
runsc_ptrace,4096,1.5689486e-05
runsc_ptrace,4096,1.585174e-05
runsc_ptrace,4096,1.6183541e-05
runsc_ptrace,4096,1.5545351e-05
runsc_ptrace,4096,1.585581e-05
runsc_ptrace,4096,1.5492571e-05
runsc_ptrace,4096,1.5869384e-05
runsc_ptrace,4096,1.5707405e-05
runsc_ptrace,4096,1.5596243e-05
runsc_ptrace,4096,1.568958e-05
runsc_ptrace,4096,1.5665983e-05
runsc_ptrace,4096,1.7438782e-05
runsc_ptrace,4096,1.6301494e-05
runsc_ptrace,4096,1.519463e-05
runsc_ptrace,4096,1.5848596e-05
runsc_ptrace,4096,1.5164812e-05
runsc_ptrace,4096,1.5551121e-05
runsc_ptrace,4096,1.6198785e-05
runsc_ptrace,4096,1.6673499e-05
runsc_ptrace,4096,1.3396714e-05
runsc_ptrace,4096,1.5697155e-05
runsc_ptrace,4096,1.591199e-05
runsc_ptrace,4096,1.5167432e-05
runsc_ptrace,4096,1.4268691e-05
runsc_ptrace,4096,1.4070525e-05
runsc_ptrace,4096,1.441135e-05
runsc_ptrace,4096,1.65153e-05
runsc_ptrace,4096,1.2918992e-05
runsc_ptrace,4096,1.6948137e-05
runsc_ptrace,4096,1.680891e-05
runsc_ptrace,4096,1.454467e-05
runsc_ptrace,4096,1.5474128e-05
runsc_ptrace,4096,1.6760438e-05
runsc_ptrace,4096,1.5526504e-05
runsc_ptrace,4096,1.5483451e-05
runsc_ptrace,4096,1.6252794e-05
runsc_ptrace,4096,1.5926313e-05
runsc_ptrace,4096,1.5696753e-05
runsc_ptrace,4096,1.5296569e-05
runsc_ptrace,4096,1.6521959e-05
runsc_ptrace,4096,1.5969415e-05
runsc_ptrace,4096,1.5501417e-05
bare,4096,9.86932e-07
bare,4096,1.179473e-06
bare,4096,9.67072e-07
bare,4096,8.76627e-07
bare,4096,6.37711e-07
bare,4096,6.8796e-07
bare,4096,1.004733e-06
bare,4096,6.5089e-07
bare,4096,1.019114e-06
bare,4096,7.22338e-07
bare,4096,7.31341e-07
bare,4096,1.003215e-06
bare,4096,1.016976e-06
bare,4096,9.51469e-07
bare,4096,9.99461e-07
bare,4096,9.6923e-07
bare,4096,1.021289e-06
bare,4096,1.011911e-06
bare,4096,8.14159e-07
bare,4096,7.12266e-07
bare,4096,6.63512e-07
bare,4096,6.53382e-07
bare,4096,9.88278e-07
bare,4096,6.8745e-07
bare,4096,1.021275e-06
bare,4096,1.017104e-06
bare,4096,1.030283e-06
bare,4096,1.022306e-06
bare,4096,1.010638e-06
bare,4096,6.72912e-07
bare,4096,6.50665e-07
bare,4096,1.006459e-06
bare,4096,6.9073e-07
bare,4096,6.91826e-07
bare,4096,6.62465e-07
bare,4096,1.027963e-06
bare,4096,1.002007e-06
bare,4096,1.018552e-06
bare,4096,9.85143e-07
bare,4096,1.018568e-06
bare,4096,9.23488e-07
bare,4096,6.9212e-07
bare,4096,1.006364e-06
bare,4096,1.036306e-06
bare,4096,7.2407e-07
bare,4096,6.29814e-07
bare,4096,1.010574e-06
bare,4096,9.97637e-07
bare,4096,8.5169e-07
bare,4096,1.025254e-06
bare,4096,9.08842e-07
bare,4096,1.017772e-06
bare,4096,6.66568e-07
bare,4096,8.7446e-07
bare,4096,7.66149e-07
bare,4096,1.019323e-06
bare,4096,8.03599e-07
bare,4096,6.28975e-07
bare,4096,1.01874e-06
bare,4096,9.28957e-07
bare,4096,9.09976e-07
bare,4096,8.86524e-07
bare,4096,1.008411e-06
bare,4096,1.011742e-06
bare,4096,7.87735e-07
bare,4096,1.014024e-06
bare,4096,1.018631e-06
bare,4096,6.37913e-07
bare,4096,6.26074e-07
bare,4096,7.60244e-07
bare,4096,1.006877e-06
bare,4096,7.48399e-07
bare,4096,6.29054e-07
bare,4096,1.023978e-06
bare,4096,1.006464e-06
bare,4096,6.83558e-07
bare,4096,6.43662e-07
bare,4096,9.24704e-07
bare,4096,6.40316e-07
bare,4096,1.02457e-06
bare,4096,1.023666e-06
bare,4096,7.19594e-07
bare,4096,1.018088e-06
bare,4096,1.008412e-06
bare,4096,6.91829e-07
bare,4096,6.58413e-07
bare,4096,6.2027e-07
bare,4096,6.52924e-07
bare,4096,6.34403e-07
bare,4096,1.020914e-06
bare,4096,1.028932e-06
bare,4096,7.11748e-07
bare,4096,1.017576e-06
bare,4096,1.019137e-06
bare,4096,8.34122e-07
bare,4096,6.2653e-07
bare,4096,6.21897e-07
bare,4096,6.17166e-07
bare,4096,7.15284e-07
bare,4096,9.55306e-07
runc,262144,3.7091813e-05
runc,262144,3.7205613e-05
runc,262144,3.7954713e-05
runc,262144,3.7515481e-05
runc,262144,3.6875746e-05
runc,262144,3.7536014e-05
runc,262144,3.7617436e-05
runc,262144,4.1672225e-05
runc,262144,3.821907e-05
runc,262144,3.8103633e-05
runc,262144,3.7116155e-05
runc,262144,3.6835947e-05
runc,262144,3.5927824e-05
runc,262144,3.8226768e-05
runc,262144,3.6648744e-05
runc,262144,3.7547034e-05
runc,262144,3.7608977e-05
runc,262144,3.8083097e-05
runc,262144,3.7612237e-05
runc,262144,3.7679976e-05
runc,262144,3.5271725e-05
runc,262144,3.683825e-05
runc,262144,3.7169601e-05
runc,262144,3.699067e-05
runc,262144,3.6372465e-05
runc,262144,3.613795e-05
runc,262144,3.7824666e-05
runc,262144,3.6604608e-05
runc,262144,3.8281712e-05
runc,262144,3.8178248e-05
runc,262144,3.6602702e-05
runc,262144,3.7545757e-05
runc,262144,3.7646107e-05
runc,262144,3.8435963e-05
runc,262144,3.7491096e-05
runc,262144,3.7169782e-05
runc,262144,3.7094469e-05
runc,262144,3.7594349e-05
runc,262144,3.7482419e-05
runc,262144,3.566228e-05
runc,262144,3.6531663e-05
runc,262144,3.7633177e-05
runc,262144,3.7235925e-05
runc,262144,3.8186976e-05
runc,262144,3.7458631e-05
runc,262144,3.767063e-05
runc,262144,3.7902118e-05
runc,262144,3.7203306e-05
runc,262144,3.6655012e-05
runc,262144,3.6367037e-05
runc,262144,3.8258611e-05
runc,262144,3.7029822e-05
runc,262144,3.7510355e-05
runc,262144,3.6919751e-05
runc,262144,3.7228023e-05
runc,262144,3.7469177e-05
runc,262144,3.7329977e-05
runc,262144,3.7586426e-05
runc,262144,3.7720849e-05
runc,262144,3.7131249e-05
runc,262144,3.7155449e-05
runc,262144,3.6389407e-05
runc,262144,3.6185924e-05
runc,262144,3.6785219e-05
runc,262144,3.7199763e-05
runc,262144,3.8368289e-05
runc,262144,3.6730329e-05
runc,262144,3.7508449e-05
runc,262144,3.8021248e-05
runc,262144,3.88685e-05
runc,262144,3.6193414e-05
runc,262144,3.7606682e-05
runc,262144,3.7500173e-05
runc,262144,3.7893584e-05
runc,262144,3.6967776e-05
runc,262144,3.7794798e-05
runc,262144,3.7857062e-05
runc,262144,3.7353519e-05
runc,262144,3.803481e-05
runc,262144,3.7016562e-05
runc,262144,3.7600272e-05
runc,262144,3.6177928e-05
runc,262144,3.6830363e-05
runc,262144,3.6826903e-05
runc,262144,3.6957947e-05
runc,262144,3.7492984e-05
runc,262144,3.8398823e-05
runc,262144,3.8074031e-05
runc,262144,3.7939244e-05
runc,262144,3.7569032e-05
runc,262144,3.624901e-05
runc,262144,3.7475893e-05
runc,262144,3.914781e-05
runc,262144,3.5875859e-05
runc,262144,3.7441478e-05
runc,262144,3.7408765e-05
runc,262144,3.9426606e-05
runc,262144,3.6742393e-05
runc,262144,3.863547e-05
runc,262144,3.7205151e-05
bare,262144,3.5510348e-05
bare,262144,3.5878595e-05
bare,262144,3.5855359e-05
bare,262144,3.5046447e-05
bare,262144,3.6008958e-05
bare,262144,4.3344513e-05
bare,262144,3.7210611e-05
bare,262144,3.5238416e-05
bare,262144,3.6569934e-05
bare,262144,3.6643385e-05
bare,262144,3.729032e-05
bare,262144,3.6742629e-05
bare,262144,3.5874014e-05
bare,262144,3.5105775e-05
bare,262144,3.5787292e-05
bare,262144,3.5548801e-05
bare,262144,3.6735844e-05
bare,262144,3.723659e-05
bare,262144,3.7509373e-05
bare,262144,3.7249978e-05
bare,262144,3.546496e-05
bare,262144,3.7040154e-05
bare,262144,3.7087782e-05
bare,262144,3.7336169e-05
bare,262144,3.7268368e-05
bare,262144,3.718719e-05
bare,262144,3.7464575e-05
bare,262144,3.6060719e-05
bare,262144,3.5437217e-05
bare,262144,3.6300382e-05
bare,262144,3.5543315e-05
bare,262144,3.6125832e-05
bare,262144,3.7254376e-05
bare,262144,3.7377005e-05
bare,262144,3.5538615e-05
bare,262144,3.6743186e-05
bare,262144,3.6019544e-05
bare,262144,3.7389731e-05
bare,262144,3.7697002e-05
bare,262144,3.6486726e-05
bare,262144,3.591333e-05
bare,262144,3.6817877e-05
bare,262144,3.7516103e-05
bare,262144,3.7885802e-05
bare,262144,4.1712039e-05
bare,262144,3.679642e-05
bare,262144,3.7498416e-05
bare,262144,3.6683679e-05
bare,262144,3.6269168e-05
bare,262144,3.5590612e-05
bare,262144,3.6068679e-05
bare,262144,3.6650759e-05
bare,262144,3.5905028e-05
bare,262144,3.7708069e-05
bare,262144,3.7407051e-05
bare,262144,3.7871509e-05
bare,262144,3.8671773e-05
bare,262144,3.5869831e-05
bare,262144,3.5968445e-05
bare,262144,3.6238638e-05
bare,262144,3.5308865e-05
bare,262144,3.6365898e-05
bare,262144,3.5706431e-05
bare,262144,3.8097252e-05
bare,262144,3.5383917e-05
bare,262144,3.7491736e-05
bare,262144,3.7133454e-05
bare,262144,3.6477908e-05
bare,262144,3.6101828e-05
bare,262144,3.6717993e-05
bare,262144,3.5525209e-05
bare,262144,3.6004931e-05
bare,262144,3.5885645e-05
bare,262144,3.6076821e-05
bare,262144,3.6529411e-05
bare,262144,3.5639572e-05
bare,262144,4.4247779e-05
bare,262144,3.6660138e-05
bare,262144,3.7820373e-05
bare,262144,3.6209934e-05
bare,262144,3.728459e-05
bare,262144,3.6480149e-05
bare,262144,3.7307982e-05
bare,262144,3.6923717e-05
bare,262144,3.5889894e-05
bare,262144,3.5970686e-05
bare,262144,3.6913458e-05
bare,262144,3.645381e-05
bare,262144,3.5274461e-05
bare,262144,3.7280453e-05
bare,262144,3.6294114e-05
bare,262144,3.5818128e-05
bare,262144,3.6309546e-05
bare,262144,3.5171237e-05
bare,262144,3.9548402e-05
bare,262144,3.6742385e-05
bare,262144,3.5870489e-05
bare,262144,3.5747798e-05
bare,262144,3.5413083e-05
bare,262144,3.6069046e-05
runsc_ptrace,262144,7.0130118e-05
runsc_ptrace,262144,8.5090207e-05
runsc_ptrace,262144,6.3721462e-05
runsc_ptrace,262144,6.0906114e-05
runsc_ptrace,262144,7.0773553e-05
runsc_ptrace,262144,6.6476096e-05
runsc_ptrace,262144,6.5949513e-05
runsc_ptrace,262144,6.4268701e-05
runsc_ptrace,262144,7.9840531e-05
runsc_ptrace,262144,6.1578561e-05
runsc_ptrace,262144,8.2142375e-05
runsc_ptrace,262144,8.826048e-05
runsc_ptrace,262144,6.5632026e-05
runsc_ptrace,262144,6.6769186e-05
runsc_ptrace,262144,8.4863052e-05
runsc_ptrace,262144,7.2871648e-05
runsc_ptrace,262144,6.6498229e-05
runsc_ptrace,262144,7.2394272e-05
runsc_ptrace,262144,6.8542504e-05
runsc_ptrace,262144,7.0747941e-05
runsc_ptrace,262144,7.382538e-05
runsc_ptrace,262144,7.7484692e-05
runsc_ptrace,262144,7.4774725e-05
runsc_ptrace,262144,6.8784546e-05
runsc_ptrace,262144,7.7032826e-05
runsc_ptrace,262144,6.1582919e-05
runsc_ptrace,262144,7.5661446e-05
runsc_ptrace,262144,6.5632717e-05
runsc_ptrace,262144,7.524321e-05
runsc_ptrace,262144,6.384158e-05
runsc_ptrace,262144,7.9467485e-05
runsc_ptrace,262144,6.1147693e-05
runsc_ptrace,262144,5.9702674e-05
runsc_ptrace,262144,7.0289672e-05
runsc_ptrace,262144,8.0156824e-05
runsc_ptrace,262144,6.3434527e-05
runsc_ptrace,262144,9.1139562e-05
runsc_ptrace,262144,6.2831983e-05
runsc_ptrace,262144,6.7565365e-05
runsc_ptrace,262144,7.1062314e-05
runsc_ptrace,262144,7.9280864e-05
runsc_ptrace,262144,6.4589418e-05
runsc_ptrace,262144,6.6106499e-05
runsc_ptrace,262144,6.4820881e-05
runsc_ptrace,262144,6.5570443e-05
runsc_ptrace,262144,7.4696691e-05
runsc_ptrace,262144,6.6251334e-05
runsc_ptrace,262144,6.5211389e-05
runsc_ptrace,262144,6.3244064e-05
runsc_ptrace,262144,7.7136065e-05
runsc_ptrace,262144,7.3790157e-05
runsc_ptrace,262144,7.4022886e-05
runsc_ptrace,262144,7.6208074e-05
runsc_ptrace,262144,6.5314118e-05
runsc_ptrace,262144,6.1570638e-05
runsc_ptrace,262144,8.4346117e-05
runsc_ptrace,262144,6.7641093e-05
runsc_ptrace,262144,7.4070311e-05
runsc_ptrace,262144,6.851762e-05
runsc_ptrace,262144,8.2007093e-05
runsc_ptrace,262144,6.7529632e-05
runsc_ptrace,262144,6.5769076e-05
runsc_ptrace,262144,8.035147e-05
runsc_ptrace,262144,8.2420236e-05
runsc_ptrace,262144,6.0141992e-05
runsc_ptrace,262144,8.6623724e-05
runsc_ptrace,262144,8.147004e-05
runsc_ptrace,262144,6.546166e-05
runsc_ptrace,262144,6.7131739e-05
runsc_ptrace,262144,7.2594827e-05
runsc_ptrace,262144,6.1968058e-05
runsc_ptrace,262144,5.9408536e-05
runsc_ptrace,262144,6.7781228e-05
runsc_ptrace,262144,5.99874e-05
runsc_ptrace,262144,6.0582537e-05
runsc_ptrace,262144,6.8218353e-05
runsc_ptrace,262144,6.8679001e-05
runsc_ptrace,262144,6.2108935e-05
runsc_ptrace,262144,7.8283789e-05
runsc_ptrace,262144,6.4225154e-05
runsc_ptrace,262144,8.2507315e-05
runsc_ptrace,262144,6.7135057e-05
runsc_ptrace,262144,9.0347632e-05
runsc_ptrace,262144,6.9885988e-05
runsc_ptrace,262144,7.1645634e-05
runsc_ptrace,262144,6.7864064e-05
runsc_ptrace,262144,6.6944638e-05
runsc_ptrace,262144,7.7146331e-05
runsc_ptrace,262144,7.2129798e-05
runsc_ptrace,262144,6.8286172e-05
runsc_ptrace,262144,6.7481757e-05
runsc_ptrace,262144,6.0395989e-05
runsc_ptrace,262144,8.7004097e-05
runsc_ptrace,262144,7.1843373e-05
runsc_ptrace,262144,7.0002054e-05
runsc_ptrace,262144,7.7458477e-05
runsc_ptrace,262144,6.2024876e-05
runsc_ptrace,262144,6.4794032e-05
runsc_ptrace,262144,6.6152541e-05
runsc_ptrace,262144,6.7462221e-05
runsc_kvm,16384,1.4446242e-05
runsc_kvm,16384,1.371798e-05
runsc_kvm,16384,1.2889091e-05
runsc_kvm,16384,1.3607852e-05
runsc_kvm,16384,1.4518733e-05
runsc_kvm,16384,1.3976518e-05
runsc_kvm,16384,1.3035751e-05
runsc_kvm,16384,1.4847606e-05
runsc_kvm,16384,1.3794837e-05
runsc_kvm,16384,1.2857357e-05
runsc_kvm,16384,1.4565865e-05
runsc_kvm,16384,1.2535942e-05
runsc_kvm,16384,1.3503445e-05
runsc_kvm,16384,1.2847648e-05
runsc_kvm,16384,1.3602546e-05
runsc_kvm,16384,1.4003888e-05
runsc_kvm,16384,1.2296405e-05
runsc_kvm,16384,1.3907392e-05
runsc_kvm,16384,1.4312692e-05
runsc_kvm,16384,1.2786076e-05
runsc_kvm,16384,1.3825648e-05
runsc_kvm,16384,1.3866885e-05
runsc_kvm,16384,1.4959692e-05
runsc_kvm,16384,1.4397825e-05
runsc_kvm,16384,1.2581691e-05
runsc_kvm,16384,1.4572299e-05
runsc_kvm,16384,1.3233946e-05
runsc_kvm,16384,1.418343e-05
runsc_kvm,16384,1.4387993e-05
runsc_kvm,16384,1.3780655e-05
runsc_kvm,16384,1.3853752e-05
runsc_kvm,16384,1.3935455e-05
runsc_kvm,16384,1.4104731e-05
runsc_kvm,16384,1.3833333e-05
runsc_kvm,16384,1.2313912e-05
runsc_kvm,16384,1.228959e-05
runsc_kvm,16384,1.3682716e-05
runsc_kvm,16384,1.4029254e-05
runsc_kvm,16384,1.3586712e-05
runsc_kvm,16384,1.3410887e-05
runsc_kvm,16384,1.360381e-05
runsc_kvm,16384,1.2390829e-05
runsc_kvm,16384,1.2878276e-05
runsc_kvm,16384,1.3154563e-05
runsc_kvm,16384,1.4107774e-05
runsc_kvm,16384,1.3084798e-05
runsc_kvm,16384,1.4973148e-05
runsc_kvm,16384,1.3577556e-05
runsc_kvm,16384,1.4598289e-05
runsc_kvm,16384,1.4341785e-05
runsc_kvm,16384,1.3261012e-05
runsc_kvm,16384,1.2214848e-05
runsc_kvm,16384,1.3974392e-05
runsc_kvm,16384,1.3843417e-05
runsc_kvm,16384,1.349972e-05
runsc_kvm,16384,1.2879856e-05
runsc_kvm,16384,1.3748082e-05
runsc_kvm,16384,1.3750623e-05
runsc_kvm,16384,1.3306043e-05
runsc_kvm,16384,1.4143159e-05
runsc_kvm,16384,1.3619359e-05
runsc_kvm,16384,1.2778783e-05
runsc_kvm,16384,1.3238158e-05
runsc_kvm,16384,1.3651832e-05
runsc_kvm,16384,1.3500729e-05
runsc_kvm,16384,1.3364304e-05
runsc_kvm,16384,1.3585282e-05
runsc_kvm,16384,1.2102102e-05
runsc_kvm,16384,1.3228419e-05
runsc_kvm,16384,1.3033366e-05
runsc_kvm,16384,1.3312727e-05
runsc_kvm,16384,1.3477049e-05
runsc_kvm,16384,1.3452695e-05
runsc_kvm,16384,1.3739956e-05
runsc_kvm,16384,1.39924e-05
runsc_kvm,16384,1.3124647e-05
runsc_kvm,16384,1.3514528e-05
runsc_kvm,16384,1.4336325e-05
runsc_kvm,16384,1.4036809e-05
runsc_kvm,16384,1.3481446e-05
runsc_kvm,16384,1.3388294e-05
runsc_kvm,16384,1.3951073e-05
runsc_kvm,16384,1.362314e-05
runsc_kvm,16384,1.3772737e-05
runsc_kvm,16384,1.329899e-05
runsc_kvm,16384,1.3882134e-05
runsc_kvm,16384,1.2990246e-05
runsc_kvm,16384,1.3714736e-05
runsc_kvm,16384,1.3849122e-05
runsc_kvm,16384,1.8697236e-05
runsc_kvm,16384,1.4776348e-05
runsc_kvm,16384,1.2825726e-05
runsc_kvm,16384,1.4189369e-05
runsc_kvm,16384,1.4497819e-05
runsc_kvm,16384,1.3897925e-05
runsc_kvm,16384,1.3483734e-05
runsc_kvm,16384,1.3922491e-05
runsc_kvm,16384,1.3582127e-05
runsc_kvm,16384,1.3271484e-05
runsc_kvm,16384,1.4184013e-05
bare,16384,1.486443e-06
bare,16384,1.642561e-06
bare,16384,1.865779e-06
bare,16384,1.847702e-06
bare,16384,1.671197e-06
bare,16384,1.824211e-06
bare,16384,1.567271e-06
bare,16384,1.84502e-06
bare,16384,1.478336e-06
bare,16384,1.845848e-06
bare,16384,1.855653e-06
bare,16384,1.841591e-06
bare,16384,1.525986e-06
bare,16384,1.871272e-06
bare,16384,1.543201e-06
bare,16384,2.063087e-06
bare,16384,1.700429e-06
bare,16384,1.56108e-06
bare,16384,1.934617e-06
bare,16384,1.711628e-06
bare,16384,1.82111e-06
bare,16384,1.893221e-06
bare,16384,1.910536e-06
bare,16384,1.839137e-06
bare,16384,1.828861e-06
bare,16384,1.465704e-06
bare,16384,1.853311e-06
bare,16384,1.491926e-06
bare,16384,1.851745e-06
bare,16384,1.894589e-06
bare,16384,1.512807e-06
bare,16384,1.784812e-06
bare,16384,1.82399e-06
bare,16384,1.817697e-06
bare,16384,1.505295e-06
bare,16384,1.458026e-06
bare,16384,1.514142e-06
bare,16384,1.685698e-06
bare,16384,1.457149e-06
bare,16384,1.865933e-06
bare,16384,1.557933e-06
bare,16384,1.918499e-06
bare,16384,1.915905e-06
bare,16384,1.812175e-06
bare,16384,1.453778e-06
bare,16384,1.711756e-06
bare,16384,1.843408e-06
bare,16384,1.878799e-06
bare,16384,1.867432e-06
bare,16384,1.851507e-06
bare,16384,1.859715e-06
bare,16384,1.875127e-06
bare,16384,1.848234e-06
bare,16384,1.483217e-06
bare,16384,1.909684e-06
bare,16384,1.877268e-06
bare,16384,1.85739e-06
bare,16384,1.872194e-06
bare,16384,1.807033e-06
bare,16384,1.812807e-06
bare,16384,1.83716e-06
bare,16384,1.819529e-06
bare,16384,1.855019e-06
bare,16384,1.817362e-06
bare,16384,1.501662e-06
bare,16384,1.483222e-06
bare,16384,1.8854e-06
bare,16384,1.717215e-06
bare,16384,1.80266e-06
bare,16384,1.837006e-06
bare,16384,1.855209e-06
bare,16384,1.854663e-06
bare,16384,1.600621e-06
bare,16384,1.894126e-06
bare,16384,1.533336e-06
bare,16384,1.862257e-06
bare,16384,1.838839e-06
bare,16384,1.601439e-06
bare,16384,1.451548e-06
bare,16384,1.964461e-06
bare,16384,2.415627e-06
bare,16384,1.811567e-06
bare,16384,1.487333e-06
bare,16384,1.892539e-06
bare,16384,1.878155e-06
bare,16384,1.499894e-06
bare,16384,1.462695e-06
bare,16384,1.458445e-06
bare,16384,1.831257e-06
bare,16384,1.523429e-06
bare,16384,1.75971e-06
bare,16384,1.466259e-06
bare,16384,1.535267e-06
bare,16384,1.91624e-06
bare,16384,1.820952e-06
bare,16384,1.891379e-06
bare,16384,1.504518e-06
bare,16384,1.853544e-06
bare,16384,1.405446e-06
bare,16384,1.46731e-06
runc,65536,9.907828e-06
runc,65536,9.848728e-06
runc,65536,9.561842e-06
runc,65536,9.644482e-06
runc,65536,9.810336e-06
runc,65536,9.577786e-06
runc,65536,1.0129236e-05
runc,65536,9.883435e-06
runc,65536,9.806893e-06
runc,65536,9.901323e-06
runc,65536,9.613865e-06
runc,65536,9.816325e-06
runc,65536,9.695093e-06
runc,65536,9.607955e-06
runc,65536,9.755088e-06
runc,65536,9.245739e-06
runc,65536,1.0064207e-05
runc,65536,9.55863e-06
runc,65536,9.668625e-06
runc,65536,9.833562e-06
runc,65536,9.943778e-06
runc,65536,9.958711e-06
runc,65536,9.980096e-06
runc,65536,9.826937e-06
runc,65536,9.85786e-06
runc,65536,9.758775e-06
runc,65536,9.834105e-06
runc,65536,9.811259e-06
runc,65536,9.633889e-06
runc,65536,9.672421e-06
runc,65536,1.000399e-05
runc,65536,9.766559e-06
runc,65536,1.0021636e-05
runc,65536,9.855875e-06
runc,65536,9.868299e-06
runc,65536,9.977053e-06
runc,65536,9.865633e-06
runc,65536,9.639557e-06
runc,65536,9.75922e-06
runc,65536,9.988962e-06
runc,65536,9.650887e-06
runc,65536,9.713634e-06
runc,65536,9.985169e-06
runc,65536,9.947214e-06
runc,65536,9.846126e-06
runc,65536,9.855011e-06
runc,65536,8.776545e-06
runc,65536,9.533892e-06
runc,65536,9.531189e-06
runc,65536,9.609026e-06
runc,65536,9.973354e-06
runc,65536,9.963506e-06
runc,65536,9.89704e-06
runc,65536,9.679438e-06
runc,65536,9.695142e-06
runc,65536,9.817203e-06
runc,65536,9.984962e-06
runc,65536,9.888788e-06
runc,65536,9.878793e-06
runc,65536,9.653818e-06
runc,65536,9.7089e-06
runc,65536,1.0107679e-05
runc,65536,9.856044e-06
runc,65536,9.825709e-06
runc,65536,9.508906e-06
runc,65536,1.0162208e-05
runc,65536,9.99134e-06
runc,65536,1.0016827e-05
runc,65536,1.0011955e-05
runc,65536,9.800546e-06
runc,65536,1.0043812e-05
runc,65536,1.0008025e-05
runc,65536,9.808223e-06
runc,65536,9.582383e-06
runc,65536,1.0061989e-05
runc,65536,9.708387e-06
runc,65536,8.604876e-06
runc,65536,9.688305e-06
runc,65536,9.604787e-06
runc,65536,9.978263e-06
runc,65536,1.0049914e-05
runc,65536,9.88249e-06
runc,65536,9.734781e-06
runc,65536,9.751998e-06
runc,65536,8.639384e-06
runc,65536,9.354889e-06
runc,65536,9.472402e-06
runc,65536,9.614956e-06
runc,65536,9.757417e-06
runc,65536,9.735681e-06
runc,65536,8.656795e-06
runc,65536,9.79459e-06
runc,65536,9.875705e-06
runc,65536,9.942086e-06
runc,65536,8.809892e-06
runc,65536,9.837929e-06
runc,65536,9.801945e-06
runc,65536,8.721322e-06
runc,65536,1.0041538e-05
runc,65536,9.758019e-06
runc,16384,1.836833e-06
runc,16384,2.147879e-06
runc,16384,1.90193e-06
runc,16384,2.121944e-06
runc,16384,2.055234e-06
runc,16384,1.902364e-06
runc,16384,1.924054e-06
runc,16384,1.951169e-06
runc,16384,1.885129e-06
runc,16384,2.113975e-06
runc,16384,1.842171e-06
runc,16384,2.155833e-06
runc,16384,1.908175e-06
runc,16384,1.913282e-06
runc,16384,1.896507e-06
runc,16384,1.75033e-06
runc,16384,1.81123e-06
runc,16384,1.892006e-06
runc,16384,1.665606e-06
runc,16384,1.9807e-06
runc,16384,1.909266e-06
runc,16384,1.858511e-06
runc,16384,2.092848e-06
runc,16384,2.107552e-06
runc,16384,1.928606e-06
runc,16384,1.920373e-06
runc,16384,1.968928e-06
runc,16384,1.955147e-06
runc,16384,1.80641e-06
runc,16384,1.950645e-06
runc,16384,1.911224e-06
runc,16384,1.795909e-06
runc,16384,1.939209e-06
runc,16384,1.87469e-06
runc,16384,1.969132e-06
runc,16384,1.862535e-06
runc,16384,1.875013e-06
runc,16384,1.933578e-06
runc,16384,1.716703e-06
runc,16384,2.084995e-06
runc,16384,2.16333e-06
runc,16384,1.923923e-06
runc,16384,1.930664e-06
runc,16384,1.893447e-06
runc,16384,1.949152e-06
runc,16384,1.897748e-06
runc,16384,1.908372e-06
runc,16384,1.998449e-06
runc,16384,1.93862e-06
runc,16384,1.907741e-06
runc,16384,2.00436e-06
runc,16384,1.768775e-06
runc,16384,2.066061e-06
runc,16384,1.98051e-06
runc,16384,1.634481e-06
runc,16384,2.006327e-06
runc,16384,1.960929e-06
runc,16384,1.947736e-06
runc,16384,1.855332e-06
runc,16384,1.833459e-06
runc,16384,1.999943e-06
runc,16384,2.002647e-06
runc,16384,1.871203e-06
runc,16384,1.866785e-06
runc,16384,1.956888e-06
runc,16384,1.904083e-06
runc,16384,1.846911e-06
runc,16384,2.120308e-06
runc,16384,1.771851e-06
runc,16384,1.680325e-06
runc,16384,1.958109e-06
runc,16384,2.167209e-06
runc,16384,1.914647e-06
runc,16384,1.855224e-06
runc,16384,1.865064e-06
runc,16384,2.144536e-06
runc,16384,1.909148e-06
runc,16384,1.884368e-06
runc,16384,1.90288e-06
runc,16384,1.866502e-06
runc,16384,2.1882e-06
runc,16384,2.147101e-06
runc,16384,1.750124e-06
runc,16384,2.118777e-06
runc,16384,1.917767e-06
runc,16384,2.220731e-06
runc,16384,1.930789e-06
runc,16384,1.924513e-06
runc,16384,2.179089e-06
runc,16384,1.978777e-06
runc,16384,1.899307e-06
runc,16384,2.089057e-06
runc,16384,1.888928e-06
runc,16384,1.970688e-06
runc,16384,2.132343e-06
runc,16384,2.184489e-06
runc,16384,2.123941e-06
runc,16384,2.032941e-06
runc,16384,1.917937e-06
runc,16384,1.886871e-06
runsc_ptrace,16384,1.8176788e-05
runsc_ptrace,16384,1.7259825e-05
runsc_ptrace,16384,1.7230186e-05
runsc_ptrace,16384,1.4963032e-05
runsc_ptrace,16384,1.6216925e-05
runsc_ptrace,16384,1.6163462e-05
runsc_ptrace,16384,1.7075523e-05
runsc_ptrace,16384,1.6633827e-05
runsc_ptrace,16384,1.8291159e-05
runsc_ptrace,16384,1.729519e-05
runsc_ptrace,16384,1.8280123e-05
runsc_ptrace,16384,1.7181455e-05
runsc_ptrace,16384,1.6874666e-05
runsc_ptrace,16384,1.7139104e-05
runsc_ptrace,16384,1.8981753e-05
runsc_ptrace,16384,1.8175897e-05
runsc_ptrace,16384,1.6720709e-05
runsc_ptrace,16384,1.7848892e-05
runsc_ptrace,16384,1.8227529e-05
runsc_ptrace,16384,1.6142532e-05
runsc_ptrace,16384,1.8049701e-05
runsc_ptrace,16384,1.7638991e-05
runsc_ptrace,16384,1.6286216e-05
runsc_ptrace,16384,1.8543657e-05
runsc_ptrace,16384,1.600641e-05
runsc_ptrace,16384,1.6081814e-05
runsc_ptrace,16384,1.7569537e-05
runsc_ptrace,16384,1.5809126e-05
runsc_ptrace,16384,1.7438235e-05
runsc_ptrace,16384,1.7500241e-05
runsc_ptrace,16384,1.5522919e-05
runsc_ptrace,16384,1.6660319e-05
runsc_ptrace,16384,1.8374036e-05
runsc_ptrace,16384,1.7172495e-05
runsc_ptrace,16384,2.1486025e-05
runsc_ptrace,16384,1.7165587e-05
runsc_ptrace,16384,1.6782251e-05
runsc_ptrace,16384,1.6794458e-05
runsc_ptrace,16384,1.7900571e-05
runsc_ptrace,16384,1.7659095e-05
runsc_ptrace,16384,1.6592263e-05
runsc_ptrace,16384,1.7615281e-05
runsc_ptrace,16384,1.7736222e-05
runsc_ptrace,16384,1.7844575e-05
runsc_ptrace,16384,1.5363523e-05
runsc_ptrace,16384,1.8789076e-05
runsc_ptrace,16384,1.7572833e-05
runsc_ptrace,16384,1.6458207e-05
runsc_ptrace,16384,1.8158145e-05
runsc_ptrace,16384,1.6195381e-05
runsc_ptrace,16384,1.6524189e-05
runsc_ptrace,16384,1.7969667e-05
runsc_ptrace,16384,1.8091327e-05
runsc_ptrace,16384,1.8820954e-05
runsc_ptrace,16384,2.0943584e-05
runsc_ptrace,16384,1.6896704e-05
runsc_ptrace,16384,1.5470101e-05
runsc_ptrace,16384,1.6103488e-05
runsc_ptrace,16384,1.8462084e-05
runsc_ptrace,16384,1.6587803e-05
runsc_ptrace,16384,1.8049786e-05
runsc_ptrace,16384,1.6528858e-05
runsc_ptrace,16384,1.7762082e-05
runsc_ptrace,16384,1.7193774e-05
runsc_ptrace,16384,1.8317551e-05
runsc_ptrace,16384,1.755686e-05
runsc_ptrace,16384,1.8216835e-05
runsc_ptrace,16384,1.5081875e-05
runsc_ptrace,16384,1.807242e-05
runsc_ptrace,16384,1.7295235e-05
runsc_ptrace,16384,1.7506874e-05
runsc_ptrace,16384,1.6320913e-05
runsc_ptrace,16384,1.7403449e-05
runsc_ptrace,16384,1.619326e-05
runsc_ptrace,16384,1.7754148e-05
runsc_ptrace,16384,1.9454554e-05
runsc_ptrace,16384,1.6840315e-05
runsc_ptrace,16384,1.7855979e-05
runsc_ptrace,16384,1.7119282e-05
runsc_ptrace,16384,1.9734311e-05
runsc_ptrace,16384,1.917362e-05
runsc_ptrace,16384,1.7200346e-05
runsc_ptrace,16384,1.7297662e-05
runsc_ptrace,16384,1.8573501e-05
runsc_ptrace,16384,1.5656473e-05
runsc_ptrace,16384,1.7158955e-05
runsc_ptrace,16384,1.5768723e-05
runsc_ptrace,16384,1.6376467e-05
runsc_ptrace,16384,1.7353823e-05
runsc_ptrace,16384,1.6481781e-05
runsc_ptrace,16384,1.7198681e-05
runsc_ptrace,16384,1.7425282e-05
runsc_ptrace,16384,1.8238854e-05
runsc_ptrace,16384,1.7515764e-05
runsc_ptrace,16384,1.6952663e-05
runsc_ptrace,16384,1.8824487e-05
runsc_ptrace,16384,1.7925146e-05
runsc_ptrace,16384,1.7872888e-05
runsc_ptrace,16384,1.5798352e-05
runsc_ptrace,16384,1.7992386e-05
runsc_ptrace,65536,3.6515554e-05
runsc_ptrace,65536,2.6838168e-05
runsc_ptrace,65536,3.4216042e-05
runsc_ptrace,65536,2.8487098e-05
runsc_ptrace,65536,2.9291663e-05
runsc_ptrace,65536,3.2131695e-05
runsc_ptrace,65536,3.5580881e-05
runsc_ptrace,65536,3.1692238e-05
runsc_ptrace,65536,3.0517012e-05
runsc_ptrace,65536,2.8357041e-05
runsc_ptrace,65536,3.043829e-05
runsc_ptrace,65536,3.089074e-05
runsc_ptrace,65536,3.2800606e-05
runsc_ptrace,65536,3.0134554e-05
runsc_ptrace,65536,3.0761079e-05
runsc_ptrace,65536,3.5312158e-05
runsc_ptrace,65536,2.7907219e-05
runsc_ptrace,65536,3.6945919e-05
runsc_ptrace,65536,3.3151966e-05
runsc_ptrace,65536,2.7004457e-05
runsc_ptrace,65536,2.9722194e-05
runsc_ptrace,65536,3.1079191e-05
runsc_ptrace,65536,3.8082486e-05
runsc_ptrace,65536,3.2693522e-05
runsc_ptrace,65536,3.1383672e-05
runsc_ptrace,65536,3.0126259e-05
runsc_ptrace,65536,2.7086577e-05
runsc_ptrace,65536,3.3397097e-05
runsc_ptrace,65536,3.2746841e-05
runsc_ptrace,65536,3.4316519e-05
runsc_ptrace,65536,3.1859876e-05
runsc_ptrace,65536,3.0413625e-05
runsc_ptrace,65536,3.1499516e-05
runsc_ptrace,65536,2.7872444e-05
runsc_ptrace,65536,3.24762e-05
runsc_ptrace,65536,2.7774038e-05
runsc_ptrace,65536,3.0959163e-05
runsc_ptrace,65536,2.8080503e-05
runsc_ptrace,65536,3.1332816e-05
runsc_ptrace,65536,3.4251669e-05
runsc_ptrace,65536,3.1317002e-05
runsc_ptrace,65536,3.0448162e-05
runsc_ptrace,65536,3.348372e-05
runsc_ptrace,65536,3.2216078e-05
runsc_ptrace,65536,3.0158746e-05
runsc_ptrace,65536,2.9849047e-05
runsc_ptrace,65536,3.2041906e-05
runsc_ptrace,65536,3.3507782e-05
runsc_ptrace,65536,3.1297743e-05
runsc_ptrace,65536,2.9774423e-05
runsc_ptrace,65536,3.0206385e-05
runsc_ptrace,65536,3.5230132e-05
runsc_ptrace,65536,2.9377514e-05
runsc_ptrace,65536,2.8695784e-05
runsc_ptrace,65536,3.3692329e-05
runsc_ptrace,65536,3.0894673e-05
runsc_ptrace,65536,3.1690179e-05
runsc_ptrace,65536,2.957642e-05
runsc_ptrace,65536,2.87354e-05
runsc_ptrace,65536,3.1374515e-05
runsc_ptrace,65536,2.7797489e-05
runsc_ptrace,65536,2.9159593e-05
runsc_ptrace,65536,3.2571785e-05
runsc_ptrace,65536,2.6440435e-05
runsc_ptrace,65536,3.1099182e-05
runsc_ptrace,65536,2.9903369e-05
runsc_ptrace,65536,3.3683671e-05
runsc_ptrace,65536,2.864851e-05
runsc_ptrace,65536,3.1386637e-05
runsc_ptrace,65536,2.9613993e-05
runsc_ptrace,65536,3.0528525e-05
runsc_ptrace,65536,3.1818312e-05
runsc_ptrace,65536,2.9244915e-05
runsc_ptrace,65536,3.5239522e-05
runsc_ptrace,65536,2.7480313e-05
runsc_ptrace,65536,3.0440142e-05
runsc_ptrace,65536,2.7920561e-05
runsc_ptrace,65536,3.253375e-05
runsc_ptrace,65536,3.0852498e-05
runsc_ptrace,65536,3.252337e-05
runsc_ptrace,65536,2.824221e-05
runsc_ptrace,65536,3.0173498e-05
runsc_ptrace,65536,2.9708652e-05
runsc_ptrace,65536,3.6138772e-05
runsc_ptrace,65536,3.1984931e-05
runsc_ptrace,65536,3.5043486e-05
runsc_ptrace,65536,3.1809537e-05
runsc_ptrace,65536,3.2392982e-05
runsc_ptrace,65536,3.0004829e-05
runsc_ptrace,65536,3.1175252e-05
runsc_ptrace,65536,2.5487125e-05
runsc_ptrace,65536,3.2562086e-05
runsc_ptrace,65536,2.8057504e-05
runsc_ptrace,65536,3.0849209e-05
runsc_ptrace,65536,2.9896377e-05
runsc_ptrace,65536,3.1623233e-05
runsc_ptrace,65536,3.0526367e-05
runsc_ptrace,65536,2.7255712e-05
runsc_ptrace,65536,2.6716503e-05
runsc_ptrace,65536,3.0651867e-05
