mod_kvm,4096,2970
mod_kvm,4096,2969
mod_kvm,4096,3027
mod_kvm,4096,2957
mod_kvm,4096,2978
mod_kvm,4096,2990
mod_kvm,4096,2975
mod_kvm,4096,2999
mod_kvm,4096,2987
mod_kvm,4096,2985
mod_kvm,16384,9049
mod_kvm,16384,9057
mod_kvm,16384,9062
mod_kvm,16384,9031
mod_kvm,16384,9065
mod_kvm,16384,9022
mod_kvm,16384,9046
mod_kvm,16384,9041
mod_kvm,16384,9023
mod_kvm,16384,9029
mod_kvm,65536,33278
mod_kvm,65536,33322
mod_kvm,65536,33278
mod_kvm,65536,33263
mod_kvm,65536,33275
mod_kvm,65536,33325
mod_kvm,65536,33267
mod_kvm,65536,33406
mod_kvm,65536,33299
mod_kvm,65536,33267
mod_kvm,262144,194565
mod_kvm,262144,196708
mod_kvm,262144,194592
mod_kvm,262144,194583
mod_kvm,262144,258771
mod_kvm,262144,194524
mod_kvm,262144,258724
mod_kvm,262144,194596
mod_kvm,262144,130195
mod_kvm,262144,194568
mod_kvm,1048576,778419
mod_kvm,1048576,661805
mod_kvm,1048576,711872
mod_kvm,1048576,713715
mod_kvm,1048576,712973
mod_kvm,1048576,713320
mod_kvm,1048576,518947
mod_kvm,1048576,649421
mod_kvm,1048576,714152
mod_kvm,1048576,712829
runsc_kvm,4096,102924
runsc_kvm,4096,102917
runsc_kvm,4096,102909
runsc_kvm,4096,102918
runsc_kvm,4096,102920
runsc_kvm,4096,102942
runsc_kvm,4096,102952
runsc_kvm,4096,102900
runsc_kvm,4096,102935
runsc_kvm,4096,102933
runsc_kvm,16384,105984
runsc_kvm,16384,105913
runsc_kvm,16384,105916
runsc_kvm,16384,105928
runsc_kvm,16384,105941
runsc_kvm,16384,105949
runsc_kvm,16384,105937
runsc_kvm,16384,105942
runsc_kvm,16384,105919
runsc_kvm,16384,105953
runsc_kvm,65536,118671
runsc_kvm,65536,117978
runsc_kvm,65536,118029
runsc_kvm,65536,119370
runsc_kvm,65536,118859
runsc_kvm,65536,118657
runsc_kvm,65536,118632
runsc_kvm,65536,118639
runsc_kvm,65536,118815
runsc_kvm,65536,118555
runsc_kvm,262144,167518
runsc_kvm,262144,167356
runsc_kvm,262144,167406
runsc_kvm,262144,167577
runsc_kvm,262144,167461
runsc_kvm,262144,167821
runsc_kvm,262144,167463
runsc_kvm,262144,167388
runsc_kvm,262144,167535
runsc_kvm,262144,167454
runsc_kvm,1048576,362573
runsc_kvm,1048576,363748
runsc_kvm,1048576,361322
runsc_kvm,1048576,361392
runsc_kvm,1048576,362285
runsc_kvm,1048576,362114
runsc_kvm,1048576,364015
runsc_kvm,1048576,361627
runsc_kvm,1048576,364195
runsc_kvm,1048576,364598
